timestamp,angle_deg,t_y,t_x,center_y,center_x,scale_x,scale_y,shear_x,shear_y,fun,obs_ID,line,wave
16415.8327375,0.0346253330661343,-0.7610794652912118,-3.488811954544288,798.0634579512395,775.6722522503128,0.9999508710060168,1.000018542888282,-0.0004950139749426,0.0007078756839975,195.1772190095761,04_QSUN_QS8,525.02,0.0
16417.376891666667,0.0304644365461384,-0.7961807336857056,-3.5033027328698174,798.3953989369647,792.5029529325153,0.9999651849091108,1.000095909674158,-0.0005907228199531,0.0007637546129396,101.69770714690632,04_QSUN_QS8,525.02,0.0
16418.834195833333,0.0329336837155202,-0.6019379749679836,-3.485074561444087,809.0814232059377,628.8978976025118,0.9999074291960264,1.0000949959245653,-0.0005561481898239,0.0007393967221059,165.96586320246058,04_QSUN_QS8,525.02,0.0
16420.288083333333,0.0410670670146899,-0.6394992824888787,-3.497120389487796,802.7481737671075,662.4932286970984,0.999903331913011,1.000056687457727,-0.0003940155706729,0.0005720285712072,212.5424421853391,04_QSUN_QS8,525.02,0.0
16421.748366666667,0.0282083513357818,-1.0115283046573604,-3.492402643472327,775.9428676816722,997.3743272228712,0.9999084344702954,1.0000857169638853,-0.0006198126572046,0.0008063494265404,138.14632710972177,04_QSUN_QS8,525.02,0.0
16423.203566666667,0.0318718942532935,-0.588431856558419,-3.477285408034763,811.7432325297619,624.1457548587446,0.999966103994038,1.0000311273637947,-0.0005685683039951,0.0007455695580456,102.24771703580063,04_QSUN_QS8,525.02,0.0
16424.656750000002,0.0382325428266539,-0.2220598309648461,-3.4885481221203176,829.6986481937707,279.3977686984127,0.999970186300439,1.0000901027394535,-0.0004489711255026,0.0006285875619016,104.74156335423956,04_QSUN_QS8,525.02,0.0
16426.112916666665,0.028842988762899,-0.8930489054326963,-3.517015284899678,789.4158442361144,899.3287642156437,0.999959131382924,1.0000227959171508,-0.0005801187262708,0.0007877171008341,97.40175595027836,04_QSUN_QS8,525.02,0.0
16427.485470833333,0.0277308020209543,-0.4017122707788194,-3.4732777222548625,824.4277295110343,444.72277159914535,0.999964181138712,1.000035151802228,-0.0006150344852794,0.0008153396071253,97.31848736709664,04_QSUN_QS8,525.02,0.0
16428.94575,0.0225752040296593,-0.3517817023490461,-3.4887220298116564,832.9831095358336,414.15752677867255,0.9999218903100104,1.00008384888083,-0.0007007293793525,0.0008896336771446,111.53334677461456,04_QSUN_QS8,525.02,0.0
16430.316291666666,0.0247603406280396,-0.470538249642679,-3.4803367179719635,826.1299976190624,514.192254279158,0.9999123436414104,1.0000376618784534,-0.0006772901205256,0.0008608332018841,118.06183996111852,04_QSUN_QS8,525.02,0.0
16431.856941666665,0.0206701102167398,-0.6076475870013032,-3.464882766451627,832.919917910655,637.805951266942,0.9999658870937358,1.0000873378193949,-0.0007278483192078,0.0009262062374963,115.88583713051162,04_QSUN_QS8,525.02,0.0
16433.224941666667,0.033338022289024,-0.4803992045902507,-3.462968680528251,838.8220363508588,508.8573099915292,0.9999589538506444,1.000096939557066,-0.0005219121093276,0.0007110735431673,123.67268493331672,04_QSUN_QS8,525.02,0.0
16434.593816666667,0.0379156445885226,-0.5488472465860683,-3.501802553148821,811.7669413622075,585.4473741867653,0.9999581432817544,1.000022795540935,-0.0004566670002615,0.0006272570919393,110.8267344983394,04_QSUN_QS8,525.02,0.0
16436.140775,0.0375160467826052,-0.8600230227658401,-3.515419100711245,791.1951251006332,868.4247842085747,0.9999548392095132,1.0000397118195383,-0.0004645148623545,0.0006349005872988,226.8490374892505,04_QSUN_QS8,525.02,0.0
16437.591858333333,0.0393698208439643,-0.700419815653457,-3.496450526569584,799.0453553198911,721.7773132074498,0.9999031118310412,1.0000419401587686,-0.0004163473512421,0.0006177394612402,202.6995409302804,04_QSUN_QS8,525.02,0.0
16438.959508333333,0.042663513388124,-0.4086352441971652,-3.4983713581933764,810.445281767461,464.9659850977757,0.999915385235154,1.0000466363307974,-0.0003599924627028,0.0005579755309376,219.93517619857005,04_QSUN_QS8,525.02,0.0
16440.327158333334,0.0434319908916019,-0.6326963210391943,-3.508850463638944,804.033627100775,663.8375408186619,0.9999528600362232,1.0000450403936638,-0.0003651636651573,0.0005384236432745,262.3300173003738,04_QSUN_QS8,525.02,0.0
16441.781483333332,0.0435885642062595,-0.6706533259167596,-3.503332312885428,801.2975788601857,702.9220689722898,0.9999502738922428,1.0000656158330254,-0.000351821321482,0.0005335961227971,270.41073965873795,04_QSUN_QS8,525.02,0.0
16443.1564,0.0344412932128075,-0.5366268965455463,-3.486544045730376,811.9141864450257,563.1188219996449,0.9998902437324914,1.0000420522843465,-0.0005192156812143,0.0006874848687885,130.47096576686135,04_QSUN_QS8,525.02,0.0
16444.696533333332,0.0325633468722622,-0.6380001156428332,-3.517026565207155,804.5859568465668,669.2306539067474,0.9999044726137516,1.0000840550488452,-0.000572453889481,0.0007219780541026,130.59453220066325,04_QSUN_QS8,525.02,0.0
16446.063916666666,0.0331167076153878,-0.5413208113893323,-3.499870299946828,811.5974413638453,580.0236975361432,0.999898704543278,1.0000210661583169,-0.0005341907967145,0.0007408788107483,163.84718865379807,04_QSUN_QS8,525.02,0.0
16447.520695833333,0.0251745369183037,-0.4357971105464122,-3.476692232496665,836.7183411834783,478.696181000794,0.999969990748388,1.0000403827111335,-0.000649832318786,0.0008640104330354,110.36859082820878,04_QSUN_QS8,525.02,0.0
16448.978875,0.0265528385806069,-0.2236723268549919,-3.467743108210304,848.8244603862264,286.03498921250144,0.9999716988697585,1.0000325769466216,-0.0006317707466988,0.0008362320495408,107.132469536048,04_QSUN_QS8,525.02,0.0
16450.4311,0.0259903450827965,-0.6065302871231555,-3.508669876942293,814.0526777084284,632.8032399958934,0.9999664678209214,1.0000290844479758,-0.0006555014792145,0.0008385735625858,94.16698230466076,04_QSUN_QS8,525.02,0.0
16451.887791666668,0.0234912793728853,-0.616649304347317,-3.499672921024247,815.60110692008,649.6751284362333,0.9999619835363004,1.000025876822828,-0.0006965588738454,0.0008955456993963,87.87935595404066,04_QSUN_QS8,525.02,0.0
16453.426691666667,0.0326393842838438,-0.6572263986733512,-3.512545794287264,806.9426188317234,684.6338006366019,0.9999186381484236,1.0000360708769709,-0.0005118813079381,0.0007132947741226,113.20036644684384,04_QSUN_QS8,525.02,0.0
16454.795916666666,0.0319566761961149,-0.9407214575357852,-3.5384699188092945,782.5386612371392,934.3499003405808,0.9998943079997226,1.000025959605222,-0.0005762287407581,0.0007429182367011,183.2659243883616,04_QSUN_QS8,525.02,0.0
16456.250766666664,0.0355830161012614,-0.4573705876404495,-3.5172589852470684,814.1149769568203,514.6369176447629,0.999914102636393,1.0000374550967466,-0.0004996533029573,0.0006852845699973,203.91364557948827,04_QSUN_QS8,525.02,0.0
16457.700104166666,0.0350473659425722,-0.6087636736963987,-3.519821871783413,806.5229783430751,642.3664056786276,0.9999207383507508,1.0001037779486937,-0.0005058440907184,0.0006668976594744,166.24654846977035,04_QSUN_QS8,525.02,0.0
16459.070291666667,0.0305974160952512,-0.684187524896438,-3.5245976983710903,803.106601545208,721.3714380209116,0.9998949405579776,1.0000342604895274,-0.000565823248494,0.0007566833216435,120.09606006806617,04_QSUN_QS8,525.02,0.0
16460.609191666666,0.0419986927599969,-0.2988898119034981,-3.5169324993594087,815.1946216424923,371.2658987813122,0.999922882132705,1.0000268435955475,-0.0003657500115743,0.0005641766879771,224.2699532545149,04_QSUN_QS8,525.02,0.0
16461.978245833332,0.0360336802606582,-0.3142064993223433,-3.514710824402547,819.7596764809257,382.2979584836588,0.9999184985655656,1.00003604647051,-0.0004860860782281,0.0006658803094399,193.728823468866,04_QSUN_QS8,525.02,0.0
16463.4382625,0.0342149449724322,-0.8146714439383687,-3.532411227142701,793.5815362041368,832.239096726197,0.999957443339904,1.000039974068747,-0.0005213220700346,0.0007097895978062,223.4431015386733,04_QSUN_QS8,525.02,0.0
16464.8936375,0.0379754511566413,-0.8471752921364243,-3.539992127198734,793.0085370494853,871.861733483352,0.9999513769045308,1.0000168746957911,-0.000426084625484,0.0006369270772948,255.75699186358057,04_QSUN_QS8,525.02,0.0
16466.43525416667,0.033609119248715,-1.1336451360344992,-3.5314925730343334,767.1232248075471,1120.6158840926842,0.9999131318946904,1.0000860220427352,-0.0005330877037516,0.0006917211996162,128.70449620923574,04_QSUN_QS8,525.02,0.0
16467.801766666664,0.0297471923949701,-0.8966947128028029,-3.54368196371372,788.0168328677206,913.2022847612634,0.999957639836689,1.00004107127274,-0.000594520059954,0.0007781730638741,115.636095766174,04_QSUN_QS8,525.02,0.0
16469.260116666665,0.0378217105680351,-1.435235578923341,-3.486670928789083,835.9562032922325,1391.8033001459753,0.999899602855601,1.0000186227619978,-0.0004370763597835,0.0006405983445393,226.1509660782506,04_QSUN_QS8,525.02,0.0
16470.630220833333,0.0510918326837058,-0.7930767429561235,-3.5249622618954746,795.5859309446284,813.075237645835,0.9999181283807144,1.0000398180982668,-0.0002261574489618,0.0004092992960231,246.5447399984506,04_QSUN_QS8,525.02,0.0
16472.08270833333,0.0420609499515789,-1.1934946577901642,-3.536768583096144,773.7575435095536,1192.5880308109222,0.9999337499862414,1.0000348812365198,-0.0003520510755326,0.0005642031179779,228.2760471953524,04_QSUN_QS8,525.02,0.0
16473.532133333334,0.0429345847974538,-1.0215479004538417,-3.5333358967503656,784.6620044382829,1021.5005469500744,0.9999218929592926,1.0000334050193995,-0.0003441279331696,0.0005455528684874,234.478939772722,04_QSUN_QS8,525.02,0.0
16475.071645833334,0.0271319874133609,-0.6074733606221256,-3.52377954428553,806.3403447532244,659.4314364923446,0.9999513643948932,1.0000197779056723,-0.0006333076490508,0.0008009681261067,151.98961217870203,04_QSUN_QS8,525.02,0.0
16476.523083333333,0.0250656845836697,-0.923912192051626,-3.5366902933048685,781.7741202080499,928.3763618105194,0.999936023493667,1.000097619026509,-0.000681451393846,0.0008314892550915,144.26920766341192,04_QSUN_QS8,525.02,0.0
16477.972766666666,0.0154651956834856,-1.2832147412547528,-3.5272017178590898,794.7037007176561,1280.2882082117733,0.9999166119921248,1.000038420032653,-0.000835674175104,0.0010289744253651,206.03552873702225,04_QSUN_QS8,525.02,0.0
16479.340158333333,0.0239590600575507,-0.7616093300971047,-3.52548437365927,795.6254910428777,797.66723094669,0.9999274831877056,1.000039916153488,-0.0007049393896994,0.0008772762540677,194.4870886098485,04_QSUN_QS8,525.02,0.0
16480.878795833334,0.0277762478804751,-1.2539499424997034,-3.597056160826008,758.452026800032,1268.6003027316424,0.9999276225376488,1.000015509701598,-0.0006226056779871,0.0007977166116181,225.6407056826368,04_QSUN_QS8,525.02,0.0
16482.248633333333,0.0377399979976507,-0.6740866511037394,-3.5407198117685006,800.7459770744007,711.2319218466357,0.9999214003242716,1.0000387689794084,-0.0004544377584978,0.0006517208010711,218.35227862850329,04_QSUN_QS8,525.02,0.0
16483.61785833333,0.0334910249940821,-0.7971713933534841,-3.551528480441522,790.5066333270771,830.311108318024,0.9999346227098416,1.0000236146486186,-0.0005274982940095,0.0007180789864219,154.3336053756304,04_QSUN_QS8,525.02,0.0
16485.071308333332,0.0421392319622287,-0.6106313644738537,-3.54766203193702,802.5596917442351,657.5414253507562,0.9999526875490264,1.0000313464126336,-0.0003553931408849,0.0005460815248577,265.9204430238115,04_QSUN_QS8,525.02,0.0
16486.610299999997,0.0395301747338249,-0.8640353733810195,-3.529972244893803,787.8977842511019,887.6250912155363,0.9999452882185832,1.0000529402715632,-0.0004089850188903,0.0005998460655198,228.18145647829584,04_QSUN_QS8,525.02,0.0
16488.060075,0.0441578258002323,-0.7376074561873417,-3.518929317507577,792.6144877727571,766.6487353581534,0.9999327827856888,1.0000321950660886,-0.0003370625949131,0.0005293879542476,168.71824879193548,04_QSUN_QS8,525.02,0.0
16489.51475,0.0367232614220105,-0.9613752256091852,-3.567608388327125,780.5928438692272,993.2053400987506,0.9999324331029872,1.000017636836305,-0.0004540436136929,0.0006639426720409,139.92612529836748,04_QSUN_QS8,525.02,0.0
16491.056891666667,0.0312844681673436,-0.975152247391342,-3.5681871845975848,779.132100958496,993.2843041544504,0.9999420029183624,1.000042085989844,-0.000578811648446,0.0007423825262326,112.49570457746796,04_QSUN_QS8,525.02,0.0
,0.0354369340595178,-0.6622296372597247,-3.462404855597605,805.7407197477703,679.0061545053118,0.9999467246823036,1.0000299351254078,-0.0005163942615604,0.0006868433385112,179.45673826690933,04_QSUN_QS8,525.02,0.0
16758.46590416667,-0.004303737391565,-0.9410042330030962,-3.4574982730984614,782.534207603882,958.8721853382866,0.9999624397164598,1.0000748121271503,-0.0011780102759054,0.0013589629340568,244.79815804674817,05_QSUN-FS1,525.02,0.0
16758.955845833334,-0.0145608404701064,-1.250782123305634,-3.309463078642858,911.24851649398,1269.839937538825,0.9999645125696686,1.000068548053195,-0.0013685390345563,0.0015420157515992,384.6849370194656,05_QSUN-FS1,525.02,0.0
16759.445525000003,0.0291455345690317,-0.2323024092319113,-3.4980518033378902,833.8685510730322,339.37562968535195,0.9999704981724392,1.000034645304507,-0.0006104013412424,0.000802104286634,155.07096178176738,05_QSUN-FS1,525.02,0.0
16759.939404166667,0.0326903911159755,-0.4842179530979738,-3.4885637200558337,816.1807534239408,566.5256165344019,0.99996925869918,1.0000475429310725,-0.0005643445445182,0.0007490161269225,246.27760975039348,05_QSUN-FS1,525.02,0.0
16760.429345833334,0.0397111940913096,-0.300919999751463,-3.4992009204498133,821.3542371811843,399.0176694172041,1.0000022764763448,1.0000353289323174,-0.0004196067813006,0.0006127196384478,282.669068544859,05_QSUN-FS1,525.02,0.0
16760.919462500002,0.0435265902305328,-0.0870619198813519,-3.3847874120356467,896.2038871658093,200.30897163698268,0.9999849531440868,1.0000395902148962,-0.000351123880288,0.0005844302351645,251.4751084151046,05_QSUN-FS1,525.02,0.0
16761.41132916667,0.0393776796446259,-0.0970969619775503,-3.41845797260532,883.3783064057257,200.00005815858577,0.999992947796396,1.0000437189593536,-0.000425992362879,0.0006248340873491,314.4202271584355,05_QSUN-FS1,525.02,0.0
16761.902583333336,0.0430342697378978,-0.1129992657309916,-3.351255548846801,912.3597541963832,200.33410694100428,0.9999976030417814,1.0000342383806715,-0.0003645421583575,0.0005884437132232,263.74579695799054,05_QSUN-FS1,525.02,0.0
16762.3926125,0.0392367836544191,-0.1296057888926653,-3.3167133770541803,946.826064217037,200.00010948105708,0.9999758998245432,1.000033293199027,-0.000437244706853,0.0006131826311675,175.14216250700133,05_QSUN-FS1,525.02,0.0
16762.883429166668,0.042540642063081,-0.2651257288530229,-3.505069258732714,827.7289020346765,301.1891093021177,0.9999590125791832,1.0000856487149723,-0.0003562737220272,0.0005492367365927,124.23345247997555,05_QSUN-FS1,525.02,0.0
16763.37345833333,0.0374270557501899,-0.5000536781179887,-3.4889757807281727,814.5279263215192,543.725321794892,0.9999652764266792,1.0000397987333096,-0.0004496834389331,0.0006272107899598,115.15539638831818,05_QSUN-FS1,525.02,0.0
16763.86445,0.0478271128753759,-0.2291937231123345,-3.4908645074481,818.470332850954,275.7788037397092,0.9999520351651672,1.0000322505832209,-0.0002504959287644,0.0005004858845147,103.15784951714905,05_QSUN-FS1,525.02,0.0
16764.3543,0.0466832346488702,-0.1081284308146895,-3.3749360257497614,874.1732396329307,200.77118898760435,0.999963755501236,1.0000200897857,-0.0002990593941244,0.0005206697501082,119.21710271781326,05_QSUN-FS1,525.02,0.0
16764.844154166665,0.0402151537100813,-0.5376091803016512,-3.4620171824811643,812.2753261425369,584.8436014306766,0.99995971296268,1.000040896389523,-0.0004045699167202,0.0006065567983259,114.74627985621795,05_QSUN-FS1,525.02,0.0
16765.33655,0.042960114218582,-0.7005564067429418,-3.4566659089888425,807.1809501459801,709.4864949391222,0.9999714520269544,1.000024952294612,-0.0003455607187725,0.0005132118940325,105.9144488379736,05_QSUN-FS1,525.02,0.0
16765.8261375,0.0450693572555201,-0.4100085427235306,-3.500338624469871,815.1367168412413,449.30870058790913,0.9999819716873036,1.000028160709514,-0.0002765125249762,0.0005038889681727,107.2042045951113,05_QSUN-FS1,525.02,0.0
16766.315466666663,0.0467628495750075,-0.4360886803116323,-3.4981417710038256,807.3116913855026,542.7810183759607,0.9999764778009868,1.000087095651396,-0.0002632115763317,0.0005298245833266,129.28941874309805,05_QSUN-FS1,525.02,0.0
16766.80488333333,0.0633740390513528,-0.5045253648225649,-3.50561252089198,803.7202796963132,545.6240929443148,0.999963035142516,1.0000499006956094,1.4754685891597584e-05,0.0002070380098812,120.9266024200186,05_QSUN-FS1,525.02,0.0
16767.295524999998,0.0547347156300341,-0.5142920972598264,-3.473525552741735,804.302042757826,571.1607020269213,0.9999823334298448,1.000037776124303,-0.0001453510047059,0.000335016551751,105.5545013499924,05_QSUN-FS1,525.02,0.0
16767.784675000003,0.0590629545517629,-0.5567823426845212,-3.529509064058308,803.7749339843572,590.683718647831,0.9999631267451524,1.000079631899378,-7.883653759304571e-05,0.0002601417505412,116.24667508885688,05_QSUN-FS1,525.02,0.0
16768.27444166667,0.0522711634178813,-0.5311416908690142,-3.4970542998437177,807.518350180793,557.1406934824925,0.9999641798772576,1.0000437472448198,-0.0001783273212134,0.0003845008841339,113.50760440916324,05_QSUN-FS1,525.02,0.0
16768.76605,0.0519353547361338,-0.6597121854306502,-3.4969722800151093,803.1081725025185,684.543202027805,0.9999690904313449,1.0000344310917044,-0.0001748439255097,0.0003942278609045,106.22355417395796,05_QSUN-FS1,525.02,0.0
16769.256866666667,0.0538592676940161,-0.3324849609929737,-3.4856117110793616,806.4530391368233,376.2338999083368,0.9999756125363096,1.0000329698840995,-0.0001327754505224,0.0003635704493417,105.82706924367449,05_QSUN-FS1,525.02,0.0
16769.74689166667,0.0450982979030546,-0.6440122019319299,-3.48428988435972,802.4270695083917,699.7006303405209,0.9999747232928649,1.00002434028958,-0.0003262195127459,0.0005026285169634,106.62316588515152,05_QSUN-FS1,525.02,0.0
16770.236658333335,0.0414889508116389,-1.3589564622367056,-3.505585776287077,769.4389048231048,1340.119265594736,0.9999756811668312,1.0000193512754512,-0.000395641227267,0.000550902977876,101.26434025207548,05_QSUN-FS1,525.02,0.0
16770.726775000003,0.0374751576712077,-1.081795652325878,-3.531442376322279,782.389057485327,1063.9150977250908,0.999963246326141,1.0000330490721532,-0.000458935897473,0.0006416782199962,115.65624663569707,05_QSUN-FS1,525.02,0.0
16771.215925,0.0398506845337944,-0.3971902292339274,-3.4976976195241893,812.1629261661923,462.8841649143536,0.9999748288241508,1.0000341634127303,-0.0004043083535932,0.0005637720696372,110.41847248744946,05_QSUN-FS1,525.02,0.0
16771.705604166666,0.0402328653642252,-0.0873738761929993,-3.3081069409018133,954.9566870978882,216.5393472201414,1.0000025258636496,1.0000193155994486,-0.0004038799956014,0.0005805198417456,107.83439296811706,05_QSUN-FS1,525.02,0.0
16772.199833333332,0.042353282863691,-0.6378472535993555,-3.507978232598357,810.2410812979984,633.8097229064011,0.9999722016112612,1.0000790616824229,-0.0003569735794416,0.0005680589637999,106.85150108156353,05_QSUN-FS1,525.02,0.0
16772.69135,0.0409978911834082,-0.4575960028321917,-3.534588442608985,810.6225733328554,546.8412388590136,0.9999715876725324,1.0000327841571646,-0.0003776526456539,0.0005450865702554,109.37037112292272,05_QSUN-FS1,525.02,0.0
16773.181816666667,0.0375461945541886,-1.122987411734509,-3.4712747757135745,775.2640561557037,1088.9308773590087,0.9999664456544328,1.000080899297062,-0.0004563167386824,0.0006116648419119,117.50154925798752,05_QSUN-FS1,525.02,0.0
16774.163191666667,0.0373796834780121,-1.2302025605779434,-3.4919681697954537,767.4648362906465,1192.092746436079,0.9999488735968398,1.0000310153944008,-0.0004731358052831,0.000644956371143,229.4492913184082,05_QSUN-FS1,525.02,0.0
16774.65636666667,0.0410189830134996,-0.8966797891716571,-3.505541497208217,790.8825644978119,906.4764359101314,0.9999625768540684,1.0000318234250885,-0.0003951873644868,0.000576422751147,219.5309907988309,05_QSUN-FS1,525.02,0.0
16775.146662500003,0.0134459732263747,-1.4392450169303108,-3.3701550665109483,875.2907972531816,1397.365325028997,0.9999644911814788,1.0000166293592725,-0.000880224727967,0.001024832497352,191.751478895238,05_QSUN-FS1,525.02,0.0
16775.64010416667,0.0071023986201417,-1.422793237027122,-3.401915599953264,881.1140221817246,1383.7368937079718,0.9999403545447508,1.00000902841739,-0.0010007196754619,0.0011279578014497,191.89127260731595,05_QSUN-FS1,525.02,0.0
16776.130133333332,0.006227633147852,-1.3727810759075425,-3.268850391322675,892.6659779669162,1385.7424289588678,1.000010528547927,1.0000603581629,-0.0010141075540813,0.0011960341453152,210.1148846118403,05_QSUN-FS1,525.02,0.0
16776.620333333332,0.0349859375127247,-1.0416479930861136,-3.525603426012259,764.2879775938378,1054.030922547904,0.9999617340314496,1.0000402875042582,-0.0005301870485297,0.000649868479286,173.3022307312521,05_QSUN-FS1,525.02,0.0
16777.109841666665,0.0327264920183899,-1.066566302522894,-3.5118762876955296,765.3045344549943,1081.564579710348,0.9999668055727174,1.0000795092949386,-0.0005549499226937,0.0007309956636699,184.10339671971727,05_QSUN-FS1,525.02,0.0
16777.59978333333,0.0116558177313762,-0.9699631181872084,-3.523356687281012,778.9833922671414,989.159192431886,1.0000035274588788,1.0000445652360892,-0.0009344989608826,0.0010569181755669,166.65523039306495,05_QSUN-FS1,525.02,0.0
16778.089458333332,0.0421106060573885,-0.7598147866575148,-3.389406251344929,800.480423168284,760.4897623114789,0.9999495068439784,1.000046075418466,-0.0003729908725102,0.0005494643127603,152.0447326037972,05_QSUN-FS1,525.02,0.0
16778.5794,0.0440126632136991,-0.5227170335227458,-3.455986306280688,815.1689937915253,519.8453122509928,0.9999619930004384,1.000041318800439,-0.0003512068316656,0.0005096058728418,199.68115575024925,05_QSUN-FS1,525.02,0.0
16779.072141666667,0.0450356616010657,-0.4785523650709096,-3.453973459852483,816.5435947311058,500.04048091292304,0.9999739647106032,1.0000367621087307,-0.0003024194297375,0.0004724771082405,230.5616768908338,05_QSUN-FS1,525.02,0.0
16779.5657625,0.0484429889865473,-0.4138608549485888,-3.463834432107451,816.9115413347308,478.9349781532576,0.999970279884254,1.0000421637501131,-0.0002622043935314,0.0004331417678525,203.83393941506588,05_QSUN-FS1,525.02,0.0
16780.057279166664,0.0427867251449138,-0.1790799505567551,-3.4875134575303086,817.880993145149,247.1848727998755,0.9999674976209708,1.0000361650458998,-0.0003468379654848,0.0005332602790005,243.9636303906849,05_QSUN-FS1,525.02,0.0
16780.546608333334,0.0419231233500678,-0.5822809316294839,-3.484545539156222,806.3241168427543,630.5779551917799,0.9999410906325232,1.0000425235277115,-0.0003876609884826,0.0005631996476296,184.7114729047071,05_QSUN-FS1,525.02,0.0
16781.035933333333,0.0420532942523522,-0.7776146418666684,-3.4657782442051297,799.6602030640099,801.5847840722936,0.9999640131067709,1.000034785097816,-0.0003572315851629,0.0005390730922531,105.67898020888316,05_QSUN-FS1,525.02,0.0
16781.5285,0.0427588245476845,-0.8030327353215038,-3.46157063026182,797.2415101436035,820.5882320342287,0.9999622024678452,1.0000296092307088,-0.0003563897780562,0.0005238369565875,106.7703527924034,05_QSUN-FS1,525.02,0.0
16782.018183333334,0.0318852581483557,-1.221918217601091,-3.432957155829045,815.4077340056532,1223.724696415445,0.9999495661030636,1.0000570346647673,-0.0005540627189834,0.0007220055695456,136.52836172436977,05_QSUN-FS1,525.02,0.0
16782.507858333334,0.0489845569469655,-0.3134449601422561,-3.477396638465152,810.6122341901531,392.4715808945611,0.9999369407281083,1.0000398771924175,-0.0002596275989379,0.0004378802007814,209.72282352619047,05_QSUN-FS1,525.02,0.0
16782.9984125,0.0506369697037761,-0.4902324632436725,-3.462037517071124,809.8209847123264,533.801096066806,0.9999473537661784,1.000045380336094,-0.0002283068941168,0.0004013845908716,156.8869437741986,05_QSUN-FS1,525.02,0.0
16783.492908333334,0.0390913128441503,-0.7253495261340727,-3.466695420601748,802.2175337038726,766.9427016116873,0.9999618657181664,1.0000542908848586,-0.0004504377895764,0.0006301030707955,161.87978650915676,05_QSUN-FS1,525.02,0.0
16783.985825,0.0370502095679238,-0.7634542780751676,-3.481941490869674,798.267267726625,788.2785340189696,0.9999394982679716,1.0000451349277455,-0.0004787603344157,0.0006533748797174,223.506881698111,05_QSUN-FS1,525.02,0.0
16784.478479166668,0.0309263550447278,-0.3131690070350573,-3.447156988613838,827.0781231960261,382.6777759283685,0.9999601259853056,1.000044601449334,-0.0005879785603062,0.0007796601194621,243.3020750976854,05_QSUN-FS1,525.02,0.0
16784.969820833336,0.0331009242955586,-0.7785553682281239,-3.473818926181772,796.5036831379794,812.0898518131854,0.9999495349594808,1.0000482787326763,-0.0005469536450383,0.0007295456787763,226.78515092691407,05_QSUN-FS1,525.02,0.0
16785.459062500002,0.0357575229616845,-0.124584931864845,-3.4585851517221573,825.3796025621499,213.58058216523847,0.9999468620809204,1.000033885304508,-0.0004918389059581,0.0006819961713819,208.62262836376112,05_QSUN-FS1,525.02,0.0
16785.948825,0.045036800058994,-0.3397030334862742,-3.462187200934522,813.6052297241994,407.813191984836,0.999971739440746,1.000035599653958,-0.0003107838772346,0.0005207170671802,192.60815578503505,05_QSUN-FS1,525.02,0.0
16786.44078333333,0.0466125686052011,-0.5198828225750598,-3.505215812160151,805.0821047423702,613.1648398495417,0.999952644803032,1.000104756338945,-0.0003017437997598,0.0005006346325102,207.51116324977545,05_QSUN-FS1,525.02,0.0
16786.931333333334,0.0569755290197225,-0.585946178229421,-3.465723665768656,801.5990276533955,628.6820294682409,0.999963001983609,1.000058630005503,-0.0001163985167544,0.0003113272216629,256.1676818198536,05_QSUN-FS1,525.02,0.0
16787.421191666668,0.0612057786993698,-0.394770420449371,-3.453572666196988,806.5050444428579,452.9423709484579,0.9999613871772408,1.0000586522186043,-3.323711409874109e-05,0.0002308557667157,311.8555015136129,05_QSUN-FS1,525.02,0.0
16787.912883333334,0.0510898987225229,-0.415386654511765,-3.465127751316042,809.5811405367092,462.9362681934761,0.999956900932506,1.0000488977207516,-0.0002229328827488,0.0003991465473641,334.236477400859,05_QSUN-FS1,525.02,0.0
16788.405712500004,0.0484198265947898,-0.4009139604686935,-3.4801082140123,809.5566233873293,442.4060506063621,0.9999546656399596,1.000061513367747,-0.0002383922155888,0.0004546073737004,286.73050614491626,05_QSUN-FS1,525.02,0.0
16788.895825000003,0.0519341359920518,-0.3554211408807873,-3.465972194021441,810.1187192458971,407.9995909138684,0.9999556355701792,1.0001084939089329,-0.0002072105985335,0.0003965460167952,228.1303221031721,05_QSUN-FS1,525.02,0.0
16789.386733333333,0.0495412396584381,-0.100081914620644,-3.359195667437431,902.1043794021516,201.2526147261267,0.9999746794336448,1.0000382387304152,-0.0002272509248904,0.0004299200274688,176.83678893313908,05_QSUN-FS1,525.02,0.0
16789.876675,0.0476310735586218,-0.1350645858576417,-3.381161514067325,923.9494354909872,200.3669094196686,0.9999396705904072,1.0000976858502162,-0.0002554232401649,0.000479962001882,112.1605633089194,05_QSUN-FS1,525.02,0.0
16790.370029166665,0.0500745967076617,-0.6987146589461678,-3.5502377675591226,799.3575202290186,747.1989054988571,0.9999555291684598,1.0000365957941122,-0.0002359663926248,0.0003930184996657,153.05810730432526,05_QSUN-FS1,525.02,0.0
16790.85988333333,0.0251131659852428,-1.3920330122169366,-3.4179897485766424,817.431286712375,1296.5269478103487,0.9999484816104236,1.000027764049281,-0.0006879738858979,0.0008327263851328,192.9221393051297,05_QSUN-FS1,525.02,0.0
16791.35078333333,0.0522915952295757,-0.2606465563788389,-3.4410888242658326,811.5802769619116,308.9870226398618,0.99997313776215,1.000034296720062,-0.0001951999650797,0.0003881924578198,139.438180390987,05_QSUN-FS1,525.02,0.0
16791.844579166667,0.0557703663948989,-0.6908800305906789,-3.423738398043494,801.7335079623427,706.6516672058325,0.9999704743799168,1.0000265065684388,-0.0001017321911166,0.0002708899517692,123.33347318043532,05_QSUN-FS1,525.02,0.0
16792.33443333333,0.0524864166462148,-0.3818161084069192,-3.45319694796945,810.6396377081037,431.256769486244,0.9999581879813144,1.0000348534867465,-0.000193564288913,0.0003797392582665,114.3437746516016,05_QSUN-FS1,525.02,0.0
16792.827787500002,0.0550900522405237,-0.4432138546193703,-3.4772253597491587,807.2672488084011,502.5744820835555,0.9999812090913524,1.000046187643666,-0.0001539244747974,0.000339436658853,142.907216037704,05_QSUN-FS1,525.02,0.0
16793.318691666667,0.0539829398933698,-0.1021192042768439,-3.43425389642166,836.5407033547542,200.0000469140066,0.9999524580884844,1.000039445222616,-0.0001809512423227,0.0003544514958296,185.81416289659927,05_QSUN-FS1,525.02,0.0
16793.811608333333,0.0540032866663701,-0.1217682046509563,-3.3342349135136127,940.067192345324,201.86535799182784,0.9999602681094774,1.0000903138905686,-0.0001593673750837,0.0003649748240952,145.57128071239867,05_QSUN-FS1,525.02,0.0
16794.305316666665,0.0431726427512023,-0.7527431102428188,-3.4610901450301177,801.538202550294,757.0583143232202,0.9999630449310898,1.000039811146865,-0.0003433601582995,0.0005583565787582,159.78648149877867,05_QSUN-FS1,525.02,0.0
16794.795166666667,0.0497276480760909,-0.6387303646483294,-3.454681143435191,804.6078083682711,665.0740786151315,0.999971804050436,1.000048326390666,-0.0002378389494157,0.0004181998392799,138.01357054640954,05_QSUN-FS1,525.02,0.0
16795.286075,0.0424920033803908,-0.1209197367174265,-3.376511450880286,890.3154176075718,202.39252356942723,0.9999477371491656,1.0000371305933309,-0.0003729633920563,0.0005786074572576,122.31401300373038,05_QSUN-FS1,525.02,0.0
16795.775837499998,0.0397126997498887,-0.122833559654639,-3.308632339079333,955.5220081553662,200.3131436276752,0.9999667917252956,1.000088175594024,-0.0004229504810925,0.000616602435622,128.57667824232794,05_QSUN-FS1,525.02,0.0
16796.265866666665,0.0451288175668185,-0.3424644496712422,-3.459058033156649,819.7908306209314,401.9892952277157,0.9999809882782053,1.0000402912399928,-0.0003203667983486,0.0005319535591409,118.74472298449908,05_QSUN-FS1,525.02,0.0
16796.759308333334,0.0418262406555198,-0.3008901355935015,-3.4694534824000973,824.0060593625861,355.4598486542294,0.9999689522468268,1.000082865216827,-0.0003754270038362,0.0005757740002204,110.50135114296832,05_QSUN-FS1,525.02,0.0
16797.2489,0.0431954856203499,-0.205786954511504,-3.44751879781028,820.7254787862296,277.7315625958932,0.9999700963600652,1.000032243799449,-0.0003587896187267,0.0005736072678212,125.98969012797374,05_QSUN-FS1,525.02,0.0
16797.739891666668,0.0348908958112885,-0.233525700320927,-3.4733561294540265,825.0370509197575,248.8714531566894,0.9999732933391348,1.0000322489117903,-0.000463492515274,0.0006762544769758,116.00074718142268,05_QSUN-FS1,525.02,0.0
16798.229308333335,0.0463015776276637,-0.5421652751758878,-3.451550034347922,815.8774618448931,559.4619906732077,0.9999710060761544,1.0000831747386798,-0.0002724522008733,0.0005353836091944,104.79964384403732,05_QSUN-FS1,525.02,0.0
16798.7196,0.0408978163657373,-0.2534614826025403,-3.409876851223111,826.7482191874641,313.0541334954382,0.9999666113576968,1.0000343432958374,-0.0004044732908083,0.0006159068799351,106.25844662401164,05_QSUN-FS1,525.02,0.0
16799.213133333335,0.0416853827921746,-0.1987756865456229,-3.451472749841584,838.1092972806364,237.6689189488392,0.9999609985796256,1.0000916549908678,-0.0003683274093032,0.0006154178799896,132.13995460167354,05_QSUN-FS1,525.02,0.0
16799.70272083333,0.0392953533216668,-0.1416986435801228,-3.3351161642015312,914.2255140513143,200.00000274796727,0.9999697037305364,1.0000708073707345,-0.0004278207293952,0.0006417111648609,149.84924769726828,05_QSUN-FS1,525.02,0.0
16800.1931,0.0369905935968923,-0.1561345587861233,-3.377077042218244,869.3075493730705,200.9143550851136,0.9999766592165584,1.0000286632575437,-0.0004519254393992,0.0006580490016337,104.97312412244412,05_QSUN-FS1,525.02,0.0
16800.683216666668,0.0410462371905183,-0.1304845120825876,-3.399297885323835,885.8372806563902,200.68701374817937,0.9999682442308564,1.0000330418704837,-0.000387700228492,0.0005921469344552,132.61271435124735,05_QSUN-FS1,525.02,0.0
16801.176570833337,0.0478349836837309,-0.7031390132734981,-3.44653922682461,803.3804675309069,716.5959723144632,0.9999710434664372,1.0000521216911438,-0.0002647458890522,0.0004672247262998,176.12643600155292,05_QSUN-FS1,525.02,0.0
16801.666425000003,0.0251000154102361,-0.4966350286922524,-3.4719622213336665,811.0878224363018,600.0603974823453,0.9999819788218032,1.0000555080192954,-0.0006926318735248,0.0008861420204408,214.8252813930135,05_QSUN-FS1,525.02,0.0
16802.159691666668,0.046046368764554,-0.2616778097629377,-3.4316214365773487,831.5429462840909,292.39443572781755,0.9999615380196338,1.0000321953648303,-0.0003007529872679,0.0005089326192799,198.88961889607813,05_QSUN-FS1,525.02,0.0
16802.649195833335,0.0389377765505606,-0.1993280106143616,-3.4484874258171265,862.6226347472957,252.6900297450134,0.999940854682164,1.0000941538445538,-0.0004381523140872,0.0006095651246144,199.3019027700556,05_QSUN-FS1,525.02,0.0
16803.144125,0.0422478981624357,-0.1099565914887659,-3.375013965405042,874.7355348274452,200.00005815858577,0.9999654400356164,1.000037875371362,-0.0003870088041481,0.0005821656392651,242.98632692783747,05_QSUN-FS1,525.02,0.0
16803.634241666667,0.0442461542022093,-0.1272034501060221,-3.3708035713995588,872.1835368159312,200.0000010372304,0.9999397407328038,1.000030745161613,-0.0003240355734927,0.0005307759023417,282.0130644401528,05_QSUN-FS1,525.02,0.0
16804.12375,0.0416991255819257,-0.1108655833381352,-3.350609299829907,885.9596293251558,200.1203107124849,0.9999582607920529,1.0000186156221271,-0.0003867568991931,0.0005764085158697,243.4170355728661,05_QSUN-FS1,525.02,0.0
16804.613774999998,0.0411210876683143,-0.1263628400749521,-3.336803904287108,901.7321329471436,202.56877912481323,0.9999464953586288,1.000034276454386,-0.0003921274944749,0.0005792769510814,200.5418113713644,05_QSUN-FS1,525.02,0.0
16805.105291666667,0.0396078991826981,-0.1164404721953407,-3.345947297217743,885.0854486687649,200.0867944451061,0.9999437990950698,1.0000288481060158,-0.0004333451256359,0.0006333538180323,183.5230216624955,05_QSUN-FS1,525.02,0.0
16805.595145833333,0.0462604320051935,-0.3675612189524448,-3.427373961631837,823.4260698110498,407.309459694688,0.9999630236124444,1.000048129842511,-0.0002955073102681,0.0005117985678869,216.08120947874903,05_QSUN-FS1,525.02,0.0
16806.085175,0.0476179908782629,-0.360048466923442,-3.4593478023778217,825.4248701029311,399.2698936861363,0.9999546779667872,1.0000961679117393,-0.0002776426860877,0.0004782117802131,248.78725797510555,05_QSUN-FS1,525.02,0.0
16806.573716666666,0.0462262351618514,-0.7727342904388362,-3.455064522798884,799.0091626100841,782.9099868968264,0.9999474828468368,1.000047521389367,-0.0002842876957785,0.0004904133944098,244.4023605129697,05_QSUN-FS1,525.02,0.0
16807.063654166668,0.0449813894065162,-0.5621803604467065,-3.4672245656229475,805.7164025852964,626.9589206708305,0.9999507913591796,1.00004528422614,-0.0003374606889631,0.000521776165962,219.47342932476755,05_QSUN-FS1,525.02,0.0
16807.554558333333,0.0408101702518045,-0.4940802477873866,-3.4678614038987,808.4402859822104,561.3178046814285,0.9999484320302416,1.0000599240736554,-0.0004028820411151,0.0005981859245419,232.18173209908505,05_QSUN-FS1,525.02,0.0
16808.047825,0.0479347419489134,-0.2269867733616198,-3.4490967408751696,830.3967261870264,269.40976716169774,0.9999400903259004,1.0001018074270616,-0.0002620036405254,0.0004706723060406,292.0708841165278,05_QSUN-FS1,525.02,0.0
16808.538816666663,0.046193878485511,-0.1660896929417558,-3.4404801618219167,837.7871558358277,244.15376407361285,0.9999626258904774,1.0000333407697346,-0.0002931878562214,0.0004760010400104,261.7774095913286,05_QSUN-FS1,525.02,0.0
16809.028675,0.0461945755488415,-0.4279055305033831,-3.438241643698849,814.3647139908592,465.9284511746256,0.999960199751522,1.0000459619813489,-0.0003077738494962,0.0004791162160354,215.8127776424272,05_QSUN-FS1,525.02,0.0
16809.521679166668,0.0436810126550204,-0.4853711562699074,-3.4217162918361432,811.5790810545863,529.6718243259995,0.9999369367102942,1.0000475097200263,-0.0003601889649603,0.0005171074488744,248.4833421529713,05_QSUN-FS1,525.02,0.0
16810.012058333334,0.0415339545109673,-0.8387197210107521,-3.452299444068783,794.5811977207613,842.0587629477258,0.9999606103710812,1.0000409929685594,-0.0003898660757251,0.0005650899380459,197.3150018299013,05_QSUN-FS1,525.02,0.0
16810.502958333334,0.0527097366422036,-0.7402293204265062,-3.4560990522573705,800.0613411834745,758.3825937588804,0.9999676659532254,1.000036024382061,-0.0001872289551184,0.0003752029494562,159.42968269612356,05_QSUN-FS1,525.02,0.0
16810.993599999998,0.060177614737747,-1.081134220632563,-3.6374115382741614,784.8502592159276,1009.7786091165516,0.9999351499532732,1.0000503367711242,-0.0001284250634729,0.000207589342247,189.80227092970176,05_QSUN-FS1,525.02,0.0
16811.48328333333,0.090914713480144,-0.7778644208876667,-3.377852929243564,794.2878308988519,651.6768214030144,0.9999523664247978,1.0001730835414355,0.0003949145532416,-0.0002139960108416,214.4564572127645,05_QSUN-FS1,525.02,0.0
16811.97725,0.0582757318424011,-1.2475857042547216,-3.2861956361775246,795.6839612145407,1300.4241774106663,0.9999668202636558,1.000154444675215,-0.0002366889640661,0.0003040606765688,170.83994779879416,05_QSUN-FS1,525.02,0.0
16812.467275000003,0.0614708017078116,-0.5253893681803025,-3.4779134066676,813.4930104110846,586.1919737152997,0.999944864695874,1.000170819926289,-0.0001206878879453,0.0003359715698319,145.46876235055095,05_QSUN-FS1,525.02,0.0
16812.956954166668,0.0632037043405725,-0.2677824926228599,-3.4834578963975784,801.4203548725764,228.25812814514487,0.9999147330033552,1.0000736931177314,-1.4640947317142669e-05,0.0003264616371469,157.74969147721404,05_QSUN-FS1,525.02,0.0
16813.44655,0.0592105037837156,-1.4932409530719903,-3.326416091168886,819.6832009925179,1210.3962210352963,0.9999919475540514,1.0000965699841775,-9.240923656572585e-05,0.0003144717770989,192.2308758400657,05_QSUN-FS1,525.02,0.0
16813.9373625,0.0619802064401413,-0.7039077830375854,-3.444708871305373,801.992723331329,735.9390728390387,0.9999606007980923,0.999987533173138,-5.713614266799462e-05,0.0002715825233432,171.8244786415213,05_QSUN-FS1,525.02,0.0
16814.4266,0.0612224919434096,-0.8052273963240084,-3.777292701107356,1009.8637785455018,1383.1030054006674,0.99997357175973,1.0000755281091671,-9.541809522620184e-06,4.767400633154614e-05,220.58309880586023,05_QSUN-FS1,525.02,0.0
16814.92075,0.0314878441914874,-1.6827419485413664,-2.750105387171878,1361.08715273109,1395.2379182703755,0.9998949842877244,1.0000478736090286,-0.0005701626408462,0.0009307595630481,177.77694266442563,05_QSUN-FS1,525.02,0.0
16815.41025,0.0602506650562248,-0.3644885790630575,-3.438208155156683,802.5095867624292,427.4966469819144,0.9999713322823294,1.0000353464119125,-8.702583849743944e-05,0.0002453449883928,144.60939504807436,05_QSUN-FS1,525.02,0.0
16815.901241666666,0.0572630618661185,-0.6654515918229239,-3.442805090811333,800.6815343516072,695.6661326810136,0.9999659855193828,1.0000443820129412,-0.0001052774473204,0.0002975477800058,110.11893683481156,05_QSUN-FS1,525.02,0.0
16816.394858333333,0.0551406665540143,-0.4555680655042905,-3.432274951720933,805.9939321935243,475.2101066102821,0.9999622141786514,1.0000376547712266,-0.0001183351689214,0.0003134451847934,109.1067106264198,05_QSUN-FS1,525.02,0.0
16816.884016666667,0.0545011778535191,-0.614337220396653,-3.430651434839364,802.9587334300102,632.5360209041469,0.9999616715982812,1.0000867019887003,-0.0001223494091423,0.0003603277258507,113.45528897457314,05_QSUN-FS1,525.02,0.0
16817.378066666664,0.056285534484217,-0.7256977335564744,-3.4218585466860296,802.9308647558394,717.0812417857697,0.9999731300010142,1.000092718242534,-0.0001028233612661,0.0003462526859733,124.4597641784889,05_QSUN-FS1,525.02,0.0
16817.86730833333,0.0594472597637644,-0.2688519097836347,-3.413385053033337,804.5058112474075,316.26176409771887,0.9999735992612392,1.000037289403764,-7.92732448377256e-05,0.0002489935831749,114.41437803023454,05_QSUN-FS1,525.02,0.0
16818.357249999997,0.0525477537395818,-0.709337593016353,-3.375551790938464,801.8257146586137,713.3719986159309,0.9999570677535982,1.000097774102879,-0.0001682516331095,0.0003935938608687,120.36097304988256,05_QSUN-FS1,525.02,0.0
16818.847716666663,0.047780072496159,-0.4302014933160553,-3.4141556894741854,813.2700618604512,436.2263222850884,0.9999192009660264,1.0000282177547035,-0.0002737761447987,0.0004782567337656,109.85418247104748,05_QSUN-FS1,525.02,0.0
16819.337566666665,0.0522372775331326,-0.6448555505531668,-3.432975991963367,803.2331733596543,665.1548269342288,0.9999564588681225,1.0000376522011778,-0.0001915614128408,0.0003834143355745,110.33424765741502,05_QSUN-FS1,525.02,0.0
16819.826983333332,0.0568167528996798,-0.5812128570932993,-3.415052468986457,803.107850174835,628.6505319367717,0.9999605289164882,1.0000306659832727,-0.0001477644303981,0.0003166326295051,112.10077464762531,05_QSUN-FS1,525.02,0.0
16820.3164,0.0508053119812773,-0.4013167348406066,-3.4339470124222453,810.2306992009599,446.87139428932073,0.9999643373151704,1.000079246842579,-0.0002113420048201,0.0004203623193705,115.35461414352396,05_QSUN-FS1,525.02,0.0
16820.805991666668,0.0513872974372038,-0.5332723770984521,-3.4224598044792343,808.5959828041977,568.6287669150078,0.9999625340354916,1.000039638780049,-0.0002182071898056,0.0004146725557998,108.7230234483064,05_QSUN-FS1,525.02,0.0
16821.299433333334,0.0497290027904683,-0.5760680130345561,-3.433887647702068,807.0182900377761,607.5814765458498,0.999969461346063,1.0000412671504346,-0.0002397071227367,0.000451670739389,107.1193532802156,05_QSUN-FS1,525.02,0.0
16821.79305416667,0.0500887718890244,-0.4814964773159922,-3.446355767096201,810.7634004450215,514.7245300382306,0.9999680681720094,1.0000829093117594,-0.0002137729790261,0.0004486791345969,105.9806565864003,05_QSUN-FS1,525.02,0.0
16822.28755,0.052073670113132,-0.899715416322397,-3.4344853080883744,797.0087903772089,885.3311586582306,0.9999566495834924,1.0000819370759548,-0.000194571078214,0.0003897160532896,103.982536711543,05_QSUN-FS1,525.02,0.0
16822.7778375,0.0524204931066208,-0.6078395108059603,-3.4225902131249817,806.7766378259731,617.2550429489755,0.999964529785254,1.00004374780043,-0.0001942203652998,0.0003608535929482,118.86997888579556,05_QSUN-FS1,525.02,0.0
16823.266904166667,0.0512681757757868,-0.7235682239499425,-3.4131032511876023,803.3270064455434,715.0227328480828,0.9999720466263522,1.0000822244008287,-0.000220945200191,0.0004237413623786,103.64351761698867,05_QSUN-FS1,525.02,0.0
16823.757016666666,0.0424000308723317,-0.5622750749934542,-3.4038771802514587,812.237356552442,580.0834456799217,0.9999727904571308,1.000034853377813,-0.0003641742347895,0.0005201437824431,110.2246430241602,05_QSUN-FS1,525.02,0.0
16824.250112499998,0.0480602331506446,-0.3422662026460802,-3.3923211759015706,816.0771835820376,408.7344738984097,0.9999528552552844,1.0000349957976666,-0.0002963555051405,0.0004843651225495,130.1683512291034,05_QSUN-FS1,525.02,0.0
16824.739266666667,0.0441326498589021,-0.4068744444700266,-3.43021123125228,817.4507519946308,441.9239923145628,0.999949148330595,1.0000916728763964,-0.0003470553465579,0.0005436039910199,202.2829865094148,05_QSUN-FS1,525.02,0.0
16825.229466666668,0.0516828930360018,-0.5586776273705427,-3.4433820424441657,806.2502277706519,596.457975572685,0.9999635914655748,1.00005423392739,-0.0002093011482767,0.0003804579279192,217.9649165804662,05_QSUN-FS1,525.02,0.0
16825.72265,0.051621216154111,-0.4553021530638991,-3.435768595185691,812.1133135762958,483.3935036226716,0.9999685989396588,1.000093909675274,-0.0002111881886263,0.000377988792112,196.01988300855805,05_QSUN-FS1,525.02,0.0
16826.212241666668,0.0504633490726273,-0.446688645119316,-3.4435448967719258,811.1874298153513,488.8724646521516,0.9999723879085022,1.000046917293874,-0.000248542475656,0.0004137463039165,163.5338138003338,05_QSUN-FS1,525.02,0.0
16826.702445833333,0.0529832405897588,-0.5698684708564979,-3.42364939827745,804.297847980057,604.3263668230503,0.9999634399279932,1.0000969517476714,-0.0002005694711635,0.0003751250820395,166.44571822782336,05_QSUN-FS1,525.02,0.0
16827.192475000003,0.0539712869369757,-0.5101626455142115,-3.4231640035569466,805.3210968797421,551.4734798956855,0.9999633371488992,1.000045365259148,-0.0001753542248584,0.0003567126772163,194.38038706159327,05_QSUN-FS1,525.02,0.0
16827.68504166667,0.057092852490154,-0.6838371241350082,-3.429084944103434,800.0679345542129,707.904666940787,0.9999672996685574,1.0000932119757808,-0.0001337590864921,0.0002940357458471,166.8328931580648,05_QSUN-FS1,525.02,0.0
16828.174366666666,0.0528170894291019,-0.5334523177240292,-3.4109575848617646,805.5903468714887,570.4058286889666,0.9999695868066748,1.0000386130373464,-0.0001873981029271,0.0003554161728778,159.83180771767462,05_QSUN-FS1,525.02,0.0
16828.664483333334,0.0526016340444042,-0.8670965613839744,-3.436606471076524,794.8410904657419,861.0510547382901,0.9999690901000288,1.0000432209968824,-0.0001832973675199,0.0003840754067596,172.248326787432,05_QSUN-FS1,525.02,0.0
16829.1581,0.0482902045348583,-0.7827365037708327,-3.3865404369551744,799.3356081636082,795.968872371039,0.9999748396377452,1.0000279259910505,-0.0002582583865054,0.0004333150380938,133.69049282099968,05_QSUN-FS1,525.02,0.0
16829.649183333335,0.0495440960941193,-0.8382702086209892,-3.380509991837817,797.4285752288094,820.0200874939756,0.9999675443315084,1.0000360355691096,-0.0002571278489001,0.0004252289867495,123.63452510290104,05_QSUN-FS1,525.02,0.0
16830.1414,0.0497091743984767,-0.4640388339676127,-3.429079482839472,810.754260020097,495.0412329223584,0.9999634554129369,1.0000378776470231,-0.0002399935638347,0.0004060109694724,110.24189088913808,05_QSUN-FS1,525.02,0.0
16830.633879166668,0.0513939996957273,-0.5195460598092899,-3.4100503204120387,810.0668700040792,541.5062032290319,0.9999617774445284,1.0000810739662047,-0.0002355443218733,0.0004092354344456,106.83192039119147,05_QSUN-FS1,525.02,0.0
16831.12565833333,0.0523236469539606,-0.4256286539290733,-3.41250231197463,810.1193455171691,471.8322843589672,0.999966541128489,1.0000277367375148,-0.0001791770808518,0.0003948225786257,105.93771383250656,05_QSUN-FS1,525.02,0.0
16831.616387500002,0.0535091580598566,-0.5224705605238338,-3.4340419608740644,808.9604667744355,553.013256678386,0.9999564433184376,1.0000271466204966,-0.0001900112503582,0.0003713893987436,126.88830779014144,05_QSUN-FS1,525.02,0.0
16832.107554166665,0.0460362800393595,-0.5324871887155981,-3.452458277894218,814.6397306393694,548.9982994750806,0.9999858528170364,1.000030235242905,-0.0002969618663202,0.000475009185835,140.21098903550092,05_QSUN-FS1,525.02,0.0
16832.60178333333,0.0507955206675095,-0.6220895600474963,-3.37709186990421,809.4147974225817,635.1530882587924,0.9999565714251734,1.000033608351074,-0.000245775181981,0.0004149298497554,141.9928855804665,05_QSUN-FS1,525.02,0.0
16833.091816666663,0.051515361246869,-0.3624311922891451,-3.404552776042266,814.0890223854418,382.8115021814549,0.9999678784802464,1.0000445488430896,-0.0001880109661653,0.0004103098806821,175.1094472887,05_QSUN-FS1,525.02,0.0
16833.582016666664,0.0299668556049628,-1.447670044805491,-3.275457050067651,907.2606256121868,1395.8423377508177,0.9999690945394292,1.000020629822561,-0.000577090919353,0.0008008166740985,143.91350183474196,05_QSUN-FS1,525.02,0.0
16834.0731,0.0379619612924055,-1.0329484912339428,-3.381292594843518,794.6271393103528,966.166099085798,0.9999688886880708,1.000038785707808,-0.0004202218571255,0.0006336472593108,167.9227175990574,05_QSUN-FS1,525.02,0.0
16834.565575,0.0393473533608254,-0.6845873525166691,-3.408850483168246,807.7704414174569,699.7280212245057,0.999982710208058,1.0000256968576822,-0.0004038868004161,0.0006306472617016,127.79529610109002,05_QSUN-FS1,525.02,0.0
16835.05665833333,0.0427284543416416,-0.9149169799704964,-3.399531314814916,799.9465814938425,897.9900369570545,0.9999597154944266,1.0000482053562152,-0.0003857709454002,0.000540141906558,141.78395341243595,05_QSUN-FS1,525.02,0.0
16835.5500125,0.0321578931950232,-0.7174445972912905,-3.3663581076469,805.7637202501348,723.9605478552567,0.9999919448269248,1.0000310351038548,-0.0005491887808639,0.0007174127261748,123.65810803430406,05_QSUN-FS1,525.02,0.0
16836.043983333333,0.0375958572144541,-1.3372592199987052,-3.452607030792642,755.3795956159478,1273.2090637550868,0.999970111786982,1.000031154560641,-0.0004937224508806,0.0006431575317696,111.362922349213,05_QSUN-FS1,525.02,0.0
16836.534095833333,0.0307367039707408,-1.4238811988972229,-3.2728179118244025,924.348470184066,1398.3179564590223,0.9999005506121844,1.000035979852308,-0.0005869258019107,0.0007951221585104,110.35741124855416,05_QSUN-FS1,525.02,0.0
16837.0235125,0.0336144909738908,-1.4414460577900017,-3.343331625024196,815.1085293135523,1375.4802854199402,0.9999494652195016,1.000039713806673,-0.0005381858786266,0.0006950583909953,121.18488211151036,05_QSUN-FS1,525.02,0.0
16837.513191666665,0.0416410612575486,-1.4031858309251288,-3.341865193346421,784.7384775688839,1313.7022956501607,0.9999546424214673,1.0000849138888095,-0.0003819301359267,0.0006119538768238,143.3483425039044,05_QSUN-FS1,525.02,0.0
16838.00549583333,0.0418960090165864,-1.1738694627456507,-3.376392883736617,776.0140392127734,1134.042343764536,0.9999487155565412,1.0000755212439714,-0.0003937919664218,0.00057717004222,176.06161720734406,05_QSUN-FS1,525.02,0.0
16838.496575,0.0600994760761943,-0.4048620335202857,-3.3950365001961704,803.7523754470266,462.59826052971545,0.9999568758997994,1.000040887432021,-0.0001000962313487,0.0002619736072041,175.58457631372812,05_QSUN-FS1,525.02,0.0
16838.98599166667,0.0598002597528772,-0.3110435820212958,-3.417135986942886,803.601719969563,371.6583251142699,0.9999628038626212,1.0000383434217754,-8.903082660509693e-05,0.0002553322750441,198.57282970819475,05_QSUN-FS1,525.02,0.0
16839.47593333333,0.0502930970450363,-1.200763944284602,-3.4441132467474467,786.1196874177461,1167.3513613672649,0.9999520282820152,1.000013655716686,-0.0002372837148134,0.0004013678842216,201.9470783869753,05_QSUN-FS1,525.02,0.0
16839.967275000003,0.0543164214824557,-0.5240814565782268,-3.3982121895514363,806.4506097596395,566.2643351342214,0.9999600441541044,1.0000402836613431,-0.0001690237993544,0.0003301147984769,200.79490157956053,05_QSUN-FS1,525.02,0.0
16840.457387500002,0.0540510663128121,-0.847590489054909,-3.387691305410944,796.4597550395159,882.2344781872534,0.9999460909562596,1.0000686534170091,-0.000159933575593,0.0003357722610206,143.86424899562002,05_QSUN-FS1,525.02,0.0
16840.948291666668,0.0553336697337007,-0.3306408148880461,-3.412279772583638,812.2392369945333,374.7555393851997,0.9999618651346704,1.0000342663755613,-0.0001510415812124,0.0003418095558625,121.02258174912586,05_QSUN-FS1,525.02,0.0
16841.440683333334,0.0537003867555377,-0.3673906338782478,-3.387591542941037,807.3270182229454,359.29365275568074,0.9999659951220654,1.0000552017806632,-0.0001515633112291,0.0003571756457735,199.0621020602952,05_QSUN-FS1,525.02,0.0
16841.930366666667,0.0537129440075239,-0.513282588652485,-3.3652248365850435,806.6419681888445,538.0429544243636,0.999958648034174,1.0000333021218917,-0.0001824818102847,0.0003857722338402,174.5984119980178,05_QSUN-FS1,525.02,0.0
16842.420133333333,0.0548164467390928,-0.6820015083688232,-3.4338644826471034,800.8552188970746,712.6295897438524,0.9999552009152002,1.0000398645832995,-0.0001917514305319,0.0003712430723087,193.78622201018305,05_QSUN-FS1,525.02,0.0
16842.909895833334,0.0509620309349854,-1.1017646280207285,-3.418381138830319,786.3642933410531,1090.0038628553878,0.9999678748574634,1.0000322919683262,-0.0002310038092494,0.0003986396991824,249.29036736671105,05_QSUN-FS1,525.02,0.0
16843.402375,0.0481460156155767,-0.6468680662935951,-3.3855771390384737,804.0633052141364,669.0987232816633,0.9999617289468472,1.0000255693002005,-0.0002713526811515,0.0004686005572014,185.7158747093264,05_QSUN-FS1,525.02,0.0
16843.89450416667,0.0449403964461056,-0.5339111303893906,-3.391577362414306,807.7434220937563,578.691770327578,0.9999452461299272,1.0000908403839863,-0.0003563174058059,0.0005393760856465,176.7484933353469,05_QSUN-FS1,525.02,0.0
16844.387775000003,0.0308123996876266,-1.2667599133813072,-3.449510490916474,762.12562072258,1197.6763657975566,0.9999606297685418,1.0000264156775909,-0.0005816817448609,0.0007760472843068,160.10397833377868,05_QSUN-FS1,525.02,0.0
16844.87876666667,0.0431538018488684,-0.9741850940507276,-3.425030504436497,787.61689627965,974.0662367104316,0.9999656362692432,1.0000627524240011,-0.000377762786098,0.0005779648803069,127.64776147033274,05_QSUN-FS1,525.02,0.0
16845.368616666667,0.0270790868806496,-1.400103401070705,-3.390005244044961,831.7225392377794,1399.9036219615098,0.999943617778315,1.0000386268850376,-0.0007053700028664,0.0008671611362614,195.33652210650573,05_QSUN-FS1,525.02,0.0
16845.858558333333,0.0357441657079039,-0.6089788835077435,-3.4165652613944064,805.2727628250834,682.7080252541457,0.9999705333603268,1.000093412837437,-0.0005099913499928,0.0006926134072684,133.38377349605153,05_QSUN-FS1,525.02,0.0
16846.34885,0.033502562410155,-1.4806903884265772,-3.2891088651985534,842.172138149418,1395.3276460819104,0.999984393787212,1.0000216913142574,-0.0005247480476997,0.0006794040981392,114.92344407631944,05_QSUN-FS1,525.02,0.0
16846.839491666666,0.0193728501036824,-1.453726727925161,-3.262499785978276,896.40205533561,1396.4875297734848,0.9999701337699618,1.0000197075836814,-0.0007541649904443,0.0009295708379786,113.29351447757416,05_QSUN-FS1,525.02,0.0
16847.333283333333,0.0296446347683746,-1.398726795375638,-3.3452306995122445,814.6344790058672,1399.9999999999957,1.00000857422743,1.0000291055193389,-0.0005651209020068,0.0007897296753853,121.8604563272845,05_QSUN-FS1,525.02,0.0
16847.822874999998,0.0405783783042991,-0.5289504838286719,-3.320460483515477,812.1350523124429,596.4503741152621,0.9999759963819228,1.0000398579520735,-0.0004428549354096,0.0006040348419378,107.27114747140462,05_QSUN-FS1,525.02,0.0
16848.312554166667,0.0156168141887193,-1.45182010536876,-3.34088102663975,843.3383730993504,1391.0469642489502,0.9999835315246678,1.000021435979813,-0.0008540922286036,0.0010649959400015,120.36458185624042,05_QSUN-FS1,525.02,0.0
16848.80205833333,0.0280237606496365,-0.1157626470241652,-3.326890105704586,849.134256289829,206.4937994000543,0.999998347957674,1.0000379794196816,-0.0006107515865189,0.0008135074435362,159.93412834166372,05_QSUN-FS1,525.02,0.0
16849.29235,0.0336157580566901,-1.030782332911485,-3.3822124297995595,781.3160593221149,1028.216419899741,0.9999540423107304,1.0000392025490925,-0.0005350955503691,0.0007330291584333,168.2128357763071,05_QSUN-FS1,525.02,0.0
16849.782375,0.0381296080991288,-0.231392651489169,-3.4603049527395235,817.3795231156698,328.47351011897223,0.9999960300989724,1.000050564457303,-0.0004394316686629,0.0006703163963072,236.79968696833848,05_QSUN-FS1,525.02,0.0
16850.277920833334,0.0522244980065753,-0.7035830558173547,-3.4170394203011423,800.6975720680347,713.3029476342043,0.9999553969253292,1.0000403195248924,-0.0002077166160761,0.0003723805785689,229.9365554191056,05_QSUN-FS1,525.02,0.0
16850.77145,0.0389326907588209,-1.4930929740975478,-3.305396684766709,849.3865126635859,1399.5736683677924,0.9999480121062576,1.0000346624821783,-0.0004526324910669,0.0006605770141013,239.30210003075496,05_QSUN-FS1,525.02,0.0
16851.26069166667,0.0414314849089128,-0.1793317698249624,-3.3467439119717866,861.9077372886052,200.00005815858577,0.9999463721824212,1.0000380859515936,-0.0003855508114793,0.0005865216795852,196.2768121960859,05_QSUN-FS1,525.02,0.0
16851.752475,0.0490887779645115,-0.7461370222079432,-3.368304086464707,800.008163110929,718.2894033301152,0.9999458703553326,1.0000461481442564,-0.0002722285617214,0.0004619689943888,179.10439656051986,05_QSUN-FS1,525.02,0.0
16852.242325,0.0550697283629139,-0.5133565068306709,-3.355326632629572,805.6021635190606,504.4480863943285,0.9999669181824762,1.000112495406206,-0.0001213865515398,0.0003513651395595,152.8469771174195,05_QSUN-FS1,525.02,0.0
16852.732441666667,0.0381294646684137,-1.502517214378259,-3.3701346492804425,832.2347997048579,1399.9999418414145,0.9999509914976652,1.0000264409127968,-0.0004814831634009,0.0006128488531483,152.60081919022053,05_QSUN-FS1,525.02,0.0
16853.221945833335,0.0219675829832399,-0.9355089164036549,-3.423195993283624,788.1937176186448,921.3197269927304,0.9999677495953828,1.0000889149518497,-0.0007632074127825,0.0009603186743273,153.6165597078703,05_QSUN-FS1,525.02,0.0
16853.714075,0.0282342258199737,-1.3678651242132898,-3.359280561775804,828.5671269460685,1296.2005488397356,0.9999642809004206,1.0000155504357335,-0.0006209360937348,0.0007954523737148,168.64258882675085,05_QSUN-FS1,525.02,0.0
16854.203316666666,0.035582682068603,-0.4539013690334813,-3.352950799325099,808.5149330415712,557.7401348241111,1.0000313900235958,1.000052352954782,-0.0004954074475267,0.0007304857412786,149.62184100242092,05_QSUN-FS1,525.02,0.0
16854.69299166667,0.0208765083895147,-1.4668571445266687,-3.3133281957264766,900.8764488357688,1391.417579131238,0.9999822692977788,1.0000477202615838,-0.0007768273922899,0.0009182699077186,125.4996498681556,05_QSUN-FS1,525.02,0.0
16855.182670833336,0.0259939263049945,-1.4418884638972531,-3.318556743464343,815.1889129727356,1338.5994052322353,0.9999620456977952,1.0000506355994572,-0.0006901864588847,0.0008285319966941,120.07065202591043,05_QSUN-FS1,525.02,0.0
16855.675766666667,0.0350675957559843,-0.8517286505363044,-3.4304027678098663,793.2112692066189,873.3461585017877,0.9999439421485656,1.0000837866391414,-0.0004978777893948,0.0007018543124174,121.3215080739428,05_QSUN-FS1,525.02,0.0
16856.167895833332,0.0351896408118577,-1.0989032990372662,-3.4394420091407816,779.8211901885859,1050.2389365751023,0.9999640819605436,1.0000333156123784,-0.0005157249078005,0.0006611679006651,138.2893896555694,05_QSUN-FS1,525.02,0.0
16856.661687500004,0.0392922855569333,-1.0635507922724226,-3.344269446441678,782.3483904260041,985.3469601457416,0.9999694473195554,1.0000540949811252,-0.0004411041222489,0.00060503114461,121.88557043384688,05_QSUN-FS1,525.02,0.0
16857.151279166665,0.0316937385931712,-1.1642049762105526,-3.4475096436591475,770.0213589615744,1160.889190980086,0.9999701770674873,1.0000308827595332,-0.0005755591615429,0.0007409683982722,116.15928865423224,05_QSUN-FS1,525.02,0.0
16857.640695833335,0.0434314100091678,-0.970296714257518,-3.391056520914523,787.755008596078,953.6634512580854,0.999965885299588,1.0000314492507825,-0.0003503457380377,0.0005417992112752,112.34019995524926,05_QSUN-FS1,525.02,0.0
16858.131425,0.056281514646011,-0.4273789720390046,-3.3828169788820324,808.5386036460532,440.2892313732584,0.99996196098431,1.0000372045621837,-0.0001158499188959,0.0003103856433121,106.75225206271568,05_QSUN-FS1,525.02,0.0
16858.622066666667,0.0514397221203815,-0.6330122308094778,-3.3865326777482565,807.2879820365439,644.159817526248,0.9999564561523656,1.000035299146515,-0.0002216044443376,0.000390571944728,113.53809580145528,05_QSUN-FS1,525.02,0.0
16859.112091666666,0.0510362576204456,-0.5919419409072162,-3.397283799018925,810.2847719686198,598.4165513468081,0.9999532490684068,1.0000269448280543,-0.0002329044084436,0.0003861681145125,127.26679226517462,05_QSUN-FS1,525.02,0.0
16859.603258333333,0.0437834948960882,-1.0632437343111647,-3.423461377667333,787.6874490558176,1012.0219610614732,0.999960243526172,1.0000316478262348,-0.0003479355220446,0.0005338143800632,108.2121137749766,05_QSUN-FS1,525.02,0.0
16860.092937499998,0.0447518051376998,-0.2196546563552352,-3.3612173420786458,818.1530009904095,311.72302323314256,0.9999693510205966,1.000080911802281,-0.0003406177750728,0.0005666486900325,111.0025352832088,05_QSUN-FS1,525.02,0.0
16860.582616666667,0.0380072601940136,-0.7061719064576812,-3.410962828247617,805.1079198006662,729.6350004880436,0.99997102447244,1.0000343338377542,-0.0004581220761691,0.000637805901527,110.0604191875748,05_QSUN-FS1,525.02,0.0
16861.071858333333,0.0445432398972071,-1.1169439456762829,-3.428502490229182,785.4072680929381,1061.9170057916042,0.9999769417404576,0.9999879721954188,-0.0003508293983148,0.0004083469015165,144.26999641500015,05_QSUN-FS1,525.02,0.0
16861.56118333333,0.0410073773040367,-0.8522608980755509,-3.387833738385778,803.0274733580706,833.4147014808424,0.9999702182127124,1.000037056797077,-0.0003974091347191,0.0006007176627449,148.4628326582249,05_QSUN-FS1,525.02,0.0
16862.052,0.0383936640913931,-0.6401093054195582,-3.345331093307643,814.6123071586386,646.0509278369695,0.9999584483225208,1.0000200108196822,-0.0004452433501537,0.000606932367073,116.41606237881088,05_QSUN-FS1,525.02,0.0
16862.541766666665,0.0364637929709793,-0.3167108308592917,-3.3267091182327286,830.8052663754332,369.0114494478753,0.9999745768145276,1.000081637163053,-0.0004818956332223,0.0007000890093181,105.98816490884592,05_QSUN-FS1,525.02,0.0
16863.033983333335,0.0254572289071149,-0.5674632252673057,-3.255929057962656,831.8090604458979,573.3314530167816,0.9999834079476844,1.0000282501705955,-0.0006516735969275,0.0008157413976457,149.7459923820806,05_QSUN-FS1,525.02,0.0
16863.526116666668,0.0367937843586954,-0.7449176135930713,-3.378457500363731,804.2502223623977,751.4434513765526,0.9999616125799138,1.0000353787094487,-0.0004625022132998,0.0006468647186854,128.88049109253024,05_QSUN-FS1,525.02,0.0
16864.016141666667,0.0411445321375699,-0.3148580960524906,-3.4020001896034664,831.827968742806,350.7645192087105,0.9999934797007995,1.000092472921071,-0.0003624762863093,0.0006040633480634,128.13671122874172,05_QSUN-FS1,525.02,0.0
16864.505470833334,0.0460633105423866,-0.5002051290470932,-3.372504426401023,817.3887909461913,517.0734029473384,0.9999625842909412,1.0000358023857754,-0.0002890908222205,0.0005157643585901,124.5280009709285,05_QSUN-FS1,525.02,0.0
16864.994887499997,0.0459040745875595,-0.6125214613952681,-3.373034525514245,812.4028980137748,623.8318125653742,0.9999612596843834,1.0000231708229512,-0.0003015616126988,0.000526898398987,166.48584580082183,05_QSUN-FS1,525.02,0.0
16865.484566666666,0.0263389429223024,-0.3620854688050554,-3.3481040172181995,836.1907247326642,426.0576195410962,0.9999870035447308,1.0000367102231011,-0.0006671019918646,0.000850673306644,242.82867540154817,05_QSUN-FS1,525.02,0.0
16865.976608333334,0.029571388305514,-0.4589721434978662,-3.378311927545957,828.1742985241038,464.1825984435977,0.999946234477586,1.000037926180527,-0.0006106510972883,0.0008159462415768,224.39950978439705,05_QSUN-FS1,525.02,0.0
16866.466375000004,0.0275443572015248,-0.6845741763478114,-3.3337397252422907,819.3343526625662,667.2705083034871,0.9999811298591482,1.0000468625321204,-0.0006589521450063,0.0008408103453913,180.29404290395723,05_QSUN-FS1,525.02,0.0
16866.955791666667,0.0410958952156577,-0.5787544416735111,-3.3262766828676305,829.0244172764512,560.5652867451632,0.9999705153711403,1.000035877163622,-0.0003723548885737,0.0005643310336665,181.198414026542,05_QSUN-FS1,525.02,0.0
16867.448266666666,0.0346856362133591,-0.3908304633419493,-3.370474337209542,826.8750612615426,390.2589609351521,0.9999829460977896,1.00002707365864,-0.0004745115840519,0.0006863866225851,112.80020240014731,05_QSUN-FS1,525.02,0.0
16867.9422375,0.0309057087505282,-0.1803997642548232,-3.3041831091310243,891.7851416094887,201.30551270649656,0.9999555015068656,1.0000857039777995,-0.0005599204653852,0.0007446383275136,129.3043414940784,05_QSUN-FS1,525.02,0.0
16868.434716666667,0.044388741012205,-0.4308281796970452,-3.3775001194167404,815.7056987791376,439.6166468380117,0.9999570080425232,1.000090717579898,-0.0003558131032379,0.0005396464813712,168.8505076772047,05_QSUN-FS1,525.02,0.0
16868.924045833333,0.0426612227049004,-0.4919892308173168,-3.327137525082672,813.055163233509,530.7951932878187,0.9999699160942412,1.000044056775906,-0.0003747415745834,0.0005694758419879,141.67487116173484,05_QSUN-FS1,525.02,0.0
16869.41355,0.0419258531137642,-0.5311796223968049,-3.360176039606884,813.3613671704692,523.3041847283885,0.9999333268254748,1.0000900172751233,-0.000402682574066,0.0005797277150429,150.65245461046104,05_QSUN-FS1,525.02,0.0
16869.90611666667,0.0431425164726917,-1.0217008748632883,-3.3655689800216244,789.7695593265757,976.1708730680408,0.9999681122516372,1.0000065456908076,-0.0003641340657803,0.000536007604084,132.17300998495693,05_QSUN-FS1,525.02,0.0
16870.4021,0.0579748131862633,-0.6398969388910327,-3.356411251777815,801.4491550922335,662.4909816009166,0.9999610870454604,1.0000563189483769,-0.000140456550048,0.0002560006041135,184.09472266043804,05_QSUN-FS1,525.02,0.0
16870.896333333334,0.0323566708153852,-0.950412165022206,-3.3358881066092296,788.3837316756527,947.2268972278536,0.9999483483681446,1.000044030818885,-0.0005862235008254,0.0007490769256321,143.09844416595467,05_QSUN-FS1,525.02,0.0
16871.38670833333,0.0347504586878709,-0.9900426080973014,-3.355217107512785,788.2499335111448,911.217900795606,0.999966732976246,1.000097543274502,-0.0005344832277719,0.0007105859829126,212.28592449615243,05_QSUN-FS1,525.02,0.0
16871.8763,0.0324903576971247,-1.016640240389767,-3.3821260474426094,782.8019119337871,983.6814868745848,0.999947346147911,1.0000375720655108,-0.0005580079083632,0.0006998285532234,237.0603400934587,05_QSUN-FS1,525.02,0.0
16872.370354166665,0.0271890449717508,-0.6930129254020208,-3.400241119967061,806.6382304706267,707.8780470413628,0.9999435987551524,1.0000316731730508,-0.0006605216996125,0.0008060691639076,305.1344204657396,05_QSUN-FS1,525.02,0.0
16872.863275,0.039326673292497,-0.8175850845723535,-3.378372638400042,797.1402586436408,821.1249830619099,0.9999417323677938,1.0000454902415297,-0.0004441400116669,0.0006079915427292,334.31970505508906,05_QSUN-FS1,525.02,0.0
16873.356366666667,0.0350690586731623,-1.131507031936393,-3.409978172282929,776.3049990495001,1068.6776043162588,0.9999521508121236,1.000052302698272,-0.0005192578418506,0.0006810620679227,324.21717388668065,05_QSUN-FS1,525.02,0.0
16873.846566666667,0.0386681439360465,-0.4968260081410287,-3.3310002530767053,814.8377042787045,533.7418215039501,0.9999376211166168,1.0000464759528906,-0.000458574039069,0.0006234412798222,328.75489226757304,05_QSUN-FS1,525.02,0.0
16874.340099999998,0.0429268612771837,-0.6334549663374055,-3.349526231069213,807.2126749209694,633.8352881447653,0.9999563313671748,1.000058581946229,-0.0003825599586197,0.0005578009088517,398.75479021682025,05_QSUN-FS1,525.02,0.0
16874.832316666663,0.0477588521285742,-0.3794915772012228,-3.369825110649681,812.8914759641399,406.7769250331187,0.9999672269998088,1.000056252617702,-0.0002681687312143,0.0004625578921068,420.9506098010095,05_QSUN-FS1,525.02,0.0
16875.3248,0.0457054343186868,-0.1933635488949331,-3.351101915339466,820.9907150808591,244.2563656185164,0.9999643476471012,1.000053611192294,-0.0003092662461795,0.0005128945263841,427.15870062813184,05_QSUN-FS1,525.02,0.0
16875.814566666664,0.0526068183725218,-0.1949847924681949,-3.371600090925122,814.8752229735403,235.51888916681912,0.9999461521219984,1.0000560740630575,-0.0002007931635439,0.0003838980333123,445.230614298319,05_QSUN-FS1,525.02,0.0
16876.304416666666,0.0495815642932917,-0.4123340903186528,-3.3770269644876665,814.0464414039728,457.9626441732698,0.9999496142230572,1.0000599324436366,-0.0002772429444158,0.0004441997794876,423.1765106490232,05_QSUN-FS1,525.02,0.0
16876.794008333334,0.0606439016187205,-0.2720991597730208,-3.396643166713176,807.970071616635,336.7198495235692,0.9999680065797346,1.0000677183705655,-5.443150011809247e-05,0.0002407587591144,445.5547781368935,05_QSUN-FS1,525.02,0.0
16877.285525,0.0547779836902689,-0.1337497286806615,-3.345831939363588,808.8179312503097,210.20985382934623,0.9999705044117242,1.0000472043182769,-0.0001786331986315,0.0003656083924748,420.1398145191312,05_QSUN-FS1,525.02,0.0
16877.779408333332,0.0507273742674226,-0.4528614869386199,-3.3614230490010995,808.3029281577336,488.0706966478226,0.9999754715283298,1.0000598179244549,-0.0002370155257302,0.0004293168080791,381.2364245607934,05_QSUN-FS1,525.02,0.0
16878.27215,0.0360997231737554,-0.8234338622194076,-3.3716832261729923,795.7793329064646,841.0762792242972,0.9999532616407504,1.0000305633682585,-0.0004930502096517,0.000644876199368,396.1717387507536,05_QSUN-FS1,525.02,0.0
16878.76314166667,0.0362820915478462,-0.9558102679022522,-3.382408188131419,789.9381553749071,920.76834057718,0.9999606926724094,1.000048100797541,-0.0005054801754515,0.0006710402216617,348.3874911118172,05_QSUN-FS1,525.02,0.0
16879.25343333333,0.0358302279029653,-0.8903869551994852,-3.333023138247938,794.2233051378972,874.7009920024839,0.9999630660780872,1.000039668349153,-0.000494176037115,0.0006770808915126,320.7165487398965,05_QSUN-FS1,525.02,0.0
16879.743283333333,0.0363938513239574,-1.0922964774695108,-3.376706218516739,781.6613462915116,1051.2318012418132,0.9999616433213044,1.0000277924709862,-0.0004920616592676,0.0006564862468793,358.56502489223595,05_QSUN-FS1,525.02,0.0
16880.238479166666,0.0461701136909871,-0.7387342511436716,-3.36372155739577,802.5363787318032,730.458286648233,0.9999363627044302,1.0000457943352383,-0.0003239191759091,0.0004945396075064,371.198901715675,05_QSUN-FS1,525.02,0.0
16880.728066666667,0.0427197182380934,-0.6411419797890343,-3.3586646294031675,805.7990420631104,662.9663512051333,0.9999400306739678,1.0000515610110103,-0.0003705768644467,0.0005656661521459,325.10631090029403,05_QSUN-FS1,525.02,0.0
16881.220725,0.0423823328328087,-0.7441202816612431,-3.35236357498974,800.9025138036604,753.870867209769,0.999955746186554,1.0000610692739316,-0.0003879441637133,0.0005873473309667,284.18753299328824,05_QSUN-FS1,525.02,0.0
16881.7104,0.0416906331316265,-0.5457396988645296,-3.3492972035551927,812.3103930510796,566.6228699678517,0.999957284459392,1.0000521025637976,-0.0004023992225098,0.0005745901470614,369.2486749155171,05_QSUN-FS1,525.02,0.0
16882.201395833334,0.0439527243260472,-0.7090093717067654,-3.3630925484335488,803.6181666706901,704.1138765080775,0.9999500879444116,1.000040903862883,-0.000352786244354,0.0005434287908931,388.5482230906612,05_QSUN-FS1,525.02,0.0
16882.695975000002,0.0453650049397329,-0.731914739438445,-3.3674251171477367,802.2718512304241,721.7814767549473,0.999938737245208,1.000046464590039,-0.0003430623076817,0.0004967586962305,341.56660391442824,05_QSUN-FS1,525.02,0.0
16883.188366666665,0.0454887344210577,-0.7428091270572826,-3.3513960488108743,802.3310821331338,734.5227350151413,0.9999566596209694,1.0000529807031695,-0.0003297270713346,0.0004999263211896,341.7577884272698,05_QSUN-FS1,525.02,0.0
16883.678308333336,0.040596912253967,-0.5811375715269603,-3.3470758396957767,811.492089671904,599.5871977294277,0.9999694395044056,1.0000469644036227,-0.0004126871442169,0.0005965979757948,326.6711410072744,05_QSUN-FS1,525.02,0.0
16884.168775000002,0.0387173360832443,-0.6528796512603746,-3.332293515073348,810.0258258878858,646.54928520661,0.9999640899992276,1.0001012532581086,-0.0004615776941001,0.0006248432967994,256.3587544715086,05_QSUN-FS1,525.02,0.0
16884.658454166667,0.0374678901122827,-0.7587560327793551,-3.379681853267189,802.954527259324,746.0879559939422,0.999975780881651,1.0000595772105505,-0.0004738339607247,0.0006547839882222,289.0910183820145,05_QSUN-FS1,525.02,0.0
16885.150583333332,0.0394179209614721,-0.5499724905443425,-3.3529018293136392,811.91561225841,566.4937916835369,0.999943403193964,1.000062148248013,-0.0004326757594168,0.0006291998915013,257.31650660375794,05_QSUN-FS1,525.02,0.0
16885.6406125,0.0426307781651052,-0.7247582668756684,-3.339995465866464,804.0451984297323,726.4576715228382,0.9999733048241506,1.0000552599560628,-0.0003987496910518,0.0005644234791426,191.9286386751308,05_QSUN-FS1,525.02,0.0
16886.13554166667,0.0443390287483188,-0.7957886001150813,-3.343226448681301,799.8654609119362,784.2702192589148,0.9999600609010368,1.0000841618232374,-0.0003593274440368,0.0005222735817177,157.56972030636166,05_QSUN-FS1,525.02,0.0
16886.62828333333,0.0467028479712469,-0.6828489941182267,-3.35232567351847,805.5972655566902,667.9344575364846,0.9999617578522888,1.000041682318171,-0.0002939699765423,0.0004919739505607,223.39975272496093,05_QSUN-FS1,525.02,0.0
16887.118141666666,0.0473217222995504,-0.4205533702331525,-3.3547746480944904,814.7254584263561,454.5053652212805,0.9999740565348478,1.0000432313223817,-0.0002999965829581,0.0004838461390283,213.5107772271532,05_QSUN-FS1,525.02,0.0
16887.608866666666,0.0476345335748193,-0.4710751021565061,-3.355278916057175,814.1089545163005,479.10661846510703,0.999966291755317,1.0000561085385586,-0.0002946034199016,0.0004469275442656,208.1021299929704,05_QSUN-FS1,525.02,0.0
16888.09915833333,0.0396609581971725,-0.7542264826621186,-3.380861603568067,801.502448992827,744.9595766751138,0.9999582583467584,1.0001000848394248,-0.0004401875957647,0.0006407506533962,160.4747759123224,05_QSUN-FS1,525.02,0.0
16888.589099999997,0.0389808500834477,-0.8836986616742671,-3.365960934012875,795.2963371912731,867.9795459830914,0.9999443068528668,1.0000404634634803,-0.000472209717866,0.000632083724067,142.40467950018157,05_QSUN-FS1,525.02,0.0
16889.078166666666,0.0445478764447866,-0.6138727330023263,-3.327034921841527,809.3654295063371,611.4834458336388,0.999964913499214,1.0001008323717624,-0.0003415891871279,0.0005560008616557,121.45506574919676,05_QSUN-FS1,525.02,0.0
16889.568283333334,0.0471202598906694,-0.7665945196903108,-3.339768769015848,802.8111696484572,738.1251762135446,0.9999684185776976,1.0000426290584827,-0.0002971840824257,0.0004799481583204,108.46692634855836,05_QSUN-FS1,525.02,0.0
16890.064524999998,0.0499334044975435,-0.8791826185662925,-3.330207197274273,797.6157422246682,842.4420188209453,0.9999644583505009,1.0000806000937543,-0.0002440843410649,0.0004607142416537,122.00297125185382,05_QSUN-FS1,525.02,0.0
16890.555433333335,0.0446106647517959,-1.0446520128840604,-3.363283760876051,788.2812247524508,998.4940026255008,0.999957471049687,1.0000543457499127,-0.0003586311445672,0.0005350108180939,132.72494066634988,05_QSUN-FS1,525.02,0.0
16891.04625,0.0448425712981737,-0.7765167640057895,-3.3440178473407567,804.0735607462793,743.1281027399336,0.999961875680478,1.00003050909353,-0.0003223780008081,0.0005299680547783,100.66119980376992,05_QSUN-FS1,525.02,0.0
16891.536016666665,0.0466318774735158,-0.7620912433817078,-3.3606088403630925,804.6759593042415,743.6174527120704,0.9999653288894996,1.0000791744670858,-0.0002955542908253,0.0004981713675938,104.18902115234852,05_QSUN-FS1,525.02,0.0
16892.02893333333,0.0449678464151067,-0.9865757021855937,-3.3330509026745934,793.6537686120779,951.3612238956814,0.9999663919127616,1.0000376351351004,-0.0003493293250101,0.0005354169117219,103.4884430581324,05_QSUN-FS1,525.02,0.0
16892.521933333333,0.0433895721982685,-0.8426923217815006,-3.3396965500109808,802.5795202184407,824.2050684254756,0.9999740693742768,1.0000810593334697,-0.000372936303391,0.0005708995853679,115.71059319734094,05_QSUN-FS1,525.02,0.0
16893.017741666667,0.0412607576691089,-1.1404712857546833,-3.3581520609775737,779.2792629741675,1076.6773117374094,0.9999703927066296,1.0000370685472288,-0.0003874587204904,0.0005626881214507,104.8494232850406,05_QSUN-FS1,525.02,0.0
16893.5096125,0.0449915693461517,-0.8977538141496043,-3.3120770308588656,796.4669985150919,855.4413040253096,0.9999642360706922,1.0000269718061472,-0.00032780872408,0.0004879876275616,122.86409246869292,05_QSUN-FS1,525.02,0.0
16894.002791666666,0.033669848400934,-0.8334251174396042,-3.358664562752568,798.8925654271555,817.4817065538729,0.9999833171367624,1.000023049776081,-0.0005397882328831,0.0007023243981243,109.71866651945484,05_QSUN-FS1,525.02,0.0
16894.494920833335,0.0327144577259611,-1.0145073784511334,-3.342368976255982,790.4914572646256,981.0624673551972,0.9999871155605948,1.0000365122803023,-0.0005469610432407,0.0007351875500025,124.10339510416064,05_QSUN-FS1,525.02,0.0
16894.98915,0.0350218224722758,-0.7685618799684504,-3.3329584684673903,803.7334799264074,755.4254318520498,0.9999671701009064,1.000034528240091,-0.0005019519686587,0.0006664037135271,129.74154774874916,05_QSUN-FS1,525.02,0.0
16895.482770833332,0.0396895167123811,-0.6845373724592966,-3.320464784889054,810.4522974332573,657.6919574137942,0.9999680327765292,1.0000295275228193,-0.0004127796654892,0.0006144262693153,139.08159486375266,05_QSUN-FS1,525.02,0.0
16895.972275,0.0386745247021522,-0.5537368596814102,-3.359367440026431,815.2898814281057,564.4876262390346,0.9999716364945715,1.0000231270033817,-0.000436250083672,0.0005786914926475,122.96040434876484,05_QSUN-FS1,525.02,0.0
16896.46265,0.0369500279829014,-0.628013790753297,-3.3264846518226343,813.0391173663459,610.1027472106063,0.9999757989774803,1.0000849715187328,-0.0004686860401548,0.0006751109367899,110.79942374683064,05_QSUN-FS1,525.02,0.0
16896.952591666668,0.0363416161524814,-0.5393730823508768,-3.353366475380516,817.4192813416262,534.1568487567366,0.9999755908411933,1.0000836133550544,-0.0004900021227608,0.0006901366462277,105.06644682625137,05_QSUN-FS1,525.02,0.0
16897.4435,0.0294373532356763,-0.3644778436121559,-3.318620640691853,842.4026225162211,378.1016937314988,0.9999742126103546,1.000035251360993,-0.0005968773473066,0.000806628737583,119.2661854535151,05_QSUN-FS1,525.02,0.0
16897.934137500004,0.0393059764014257,-0.7778054575403148,-3.3307817010199026,808.0762593795537,743.3450926230345,0.9999661202319288,0.9999995705581386,-0.0004281047685012,0.0005999002540532,117.02773915594412,05_QSUN-FS1,525.02,0.0
16898.42425416667,0.0336883841280471,-0.8898850542263979,-3.3107718566941355,798.8202868113589,856.2378828918563,0.9999743525796648,1.0000218418817168,-0.0005243459087529,0.0006883951390397,117.85580077194592,05_QSUN-FS1,525.02,0.0
16898.9177,0.0397818836149141,-0.3368355782701426,-3.3037899564174253,824.6142864976705,372.190244302743,0.9999943604648124,1.0000386688675893,-0.0004296568281078,0.0006011175866346,114.2807192814622,05_QSUN-FS1,525.02,0.0
16899.407116666665,0.0373168062500481,-0.5149165829785414,-3.3017775279028974,820.9356325591142,508.1335451233589,0.999978718899845,1.000097098731672,-0.0004766116080849,0.0006716722789211,110.3841885127926,05_QSUN-FS1,525.02,0.0
16899.896354166667,0.0454957648501708,-0.7384764206733704,-3.322149374855042,803.5708097371539,711.1952433465344,0.9999657818161324,1.000038434151698,-0.0003392980952842,0.0005093731248195,109.94954471743657,05_QSUN-FS1,525.02,0.0
16900.385508333333,0.0463767968465864,-0.9315537443585556,-3.326697942088145,796.7921416646496,863.5424780544396,0.9999565006790913,1.0000370047774276,-0.0003268591582439,0.0004876130446286,108.09081045197073,05_QSUN-FS1,525.02,0.0
16900.875275,0.0433369374211005,-1.04949862963755,-3.3471187113900447,786.6748047224191,987.7954156800474,0.9999599507784364,1.0000215577383995,-0.0003522840426857,0.0005493445063689,109.49343424944514,05_QSUN-FS1,525.02,0.0
16901.36757916667,0.0397059344949869,-0.9897933733942617,-3.3094618920706504,791.1824337528291,933.0501052283884,0.9999705750414316,1.0000263430919665,-0.0003914229617674,0.000570108511477,110.19302526884904,05_QSUN-FS1,525.02,0.0
16901.85743333333,0.0403379810764219,-0.7432151567485569,-3.348645906988008,806.6094928875174,723.238091929286,0.9999660063323408,1.000036924571949,-0.0004150050663762,0.0005871995159018,111.01652727413548,05_QSUN-FS1,525.02,0.0
16902.347458333334,0.0361057752781281,-0.6926205442555741,-3.2997247201718367,809.2314047403651,682.8721676025365,0.9999620750596052,1.0000248628308033,-0.0004996011521333,0.0006555187314167,128.85867173975964,05_QSUN-FS1,525.02,0.0
16902.837225,0.0382046186944075,-0.5785476448505172,-3.340431437545407,813.1999448372185,576.8113391927035,0.99996175544935,1.0000351988660232,-0.0004717989196615,0.000666110710513,193.19445084958488,05_QSUN-FS1,525.02,0.0
16903.327166666666,0.037843225557473,-0.4329053449309302,-3.328484289509834,819.2072575017561,441.34498222631936,0.999943632657895,1.0000300323223974,-0.0004621784457127,0.0006408311102793,247.8669247611258,05_QSUN-FS1,525.02,0.0
16903.816583333333,0.0497479620276471,-0.4503282942390474,-3.305296604115744,818.7359929190216,442.6894864233103,0.9999693768805984,1.0000929994899577,-0.0002548670481095,0.0004422570403251,241.8923589832425,05_QSUN-FS1,525.02,0.0
16904.313349999997,0.0468760473289151,-0.6193416742210109,-3.341775667133186,809.2635801118303,615.3881237893855,0.9999607730775314,1.0000965331429437,-0.0003136313080093,0.0004920753090887,222.09503911824385,05_QSUN-FS1,525.02,0.0
16904.80574583333,0.0470210746912132,-0.6685938736379158,-3.297005022972363,807.9101621098736,642.2616015243308,0.9999489667911784,1.0000619575070484,-0.000306060004436,0.0004708317670058,249.3457340254484,05_QSUN-FS1,525.02,0.0
16905.295599999998,0.0422476571443896,-0.1291639147753497,-3.2636188804000965,858.5406533402574,200.00005815858577,0.9999602691815112,1.000036871916837,-0.0004233880073635,0.0006009937169415,232.1305764763448,05_QSUN-FS1,525.02,0.0
16905.785366666667,0.0422079635356843,-0.4111146034476294,-3.3039186277275863,818.537530056026,420.9951110344724,0.9999525806804694,1.0000536705682006,-0.0004008645815751,0.0005647065168003,221.97984843202693,05_QSUN-FS1,525.02,0.0
16906.27854583333,0.0441088720402973,-0.5896022912001522,-3.3080863642803875,812.5177425122275,592.7413171556482,0.9999636955653288,1.0000107445304205,-0.0003625984396724,0.0004950559335015,284.62181173274905,05_QSUN-FS1,525.02,0.0
16906.767958333334,0.0443448160944835,-0.5651449245395693,-3.3283765571733155,810.8330646946225,576.5099682842327,0.9999586075084952,1.0000486884252715,-0.0003529946754571,0.000537608671189,318.55543654229285,05_QSUN-FS1,525.02,0.0
16907.259041666668,0.0499579613730949,-0.5691082009620722,-3.2962985269125955,809.8816393286377,563.905690693561,0.9999499571712204,1.0000530135632568,-0.00027001486681,0.0004200910297061,392.6010986529393,05_QSUN-FS1,525.02,0.0
16907.751516666667,0.0538923957318798,-0.8695492412218827,-3.305768883072841,797.9453888749532,830.1470002260141,0.9999529427941218,1.0000531888335653,-0.0002000710961129,0.0003344584861702,445.8386089020958,05_QSUN-FS1,525.02,0.0
16908.243475,0.0558288410279777,-0.8806143310013668,-3.302159428402568,798.0337823570164,846.4463140559764,0.9999419222403004,1.0000449822595454,-0.0001854725046356,0.0003134044241819,463.2130463828118,05_QSUN-FS1,525.02,0.0
16908.737266666667,0.051910411230637,-0.944398436216276,-3.3647592352673144,795.2899831272148,925.2121545254012,0.999949362522908,1.000016307065022,-0.0002316711460985,0.0003957908338262,432.616721527738,05_QSUN-FS1,525.02,0.0
16909.231233333332,0.0506610012642827,-0.9639823322905112,-3.3121723662715485,793.1950903979127,926.5384367001332,0.9999623372680532,1.000060953886904,-0.0002616536049047,0.0004047177954292,407.7567454085656,05_QSUN-FS1,525.02,0.0
16909.721091666666,0.0474276978439434,-0.7007592137454287,-3.317002108726544,803.8886219911972,695.031192250643,0.9999410792963188,1.000055270717731,-0.0003106038887809,0.0004676393198252,344.9724970854179,05_QSUN-FS1,525.02,0.0
16910.214795833333,0.0434143351316128,-0.4398775921815867,-3.343561094010654,815.8154466520967,469.5467894616454,0.9999572964505916,1.0000368625170803,-0.0003630537830061,0.0005387827903956,236.3088558815723,05_QSUN-FS1,525.02,0.0
16910.708325,0.0469729212262228,-0.3642830565438109,-3.335033528419064,814.9395508516269,400.3178237827081,0.9999474486491284,1.0000319391635104,-0.0003031713746597,0.0004744529472713,212.1221160921609,05_QSUN-FS1,525.02,0.0
16911.19817916667,0.0426472277454501,-0.6455425170063691,-3.3416518830782374,807.1285321182611,647.1455661314953,0.9999489140257876,1.0000437307848695,-0.0003847961709096,0.0005437597452055,210.2243198250094,05_QSUN-FS1,525.02,0.0
16911.69145,0.0335649325791337,-0.2445875386166516,-3.2855024467406264,839.6542827033221,257.48297918288665,0.9999632046190136,1.00003693957287,-0.0005362855971273,0.0007372714269832,184.13004987857963,05_QSUN-FS1,525.02,0.0
16912.182791666666,0.0401308276889889,-0.8236642361636205,-3.3125593918788097,798.9791149730788,789.4129828099856,0.9999582108693515,1.0000554549196812,-0.0004534881166358,0.000614139866754,172.42870442364165,05_QSUN-FS1,525.02,0.0
16912.67229166667,0.0396753594317754,-0.7564931629757804,-3.301744901984759,803.3639482858697,724.2024518793911,0.9999679062922652,1.0000325987441223,-0.0004493234071526,0.0006049814079132,146.99242438948198,05_QSUN-FS1,525.02,0.0
16913.162933333333,0.041932733858928,-0.7053052663667595,-3.3263389146228297,806.2279263748555,683.5511693970983,0.9999742772184204,1.000033175216624,-0.0004105536525313,0.0005418946701621,136.7960735368923,05_QSUN-FS1,525.02,0.0
16913.656991666667,0.0351257262732341,-0.996657920195368,-3.314993281928012,787.5837156445848,935.1189703839448,0.999967601983784,1.0000253392980554,-0.0005232595899677,0.00069201496832,111.07892714734452,05_QSUN-FS1,525.02,0.0
16914.147458333337,0.0351699622506287,-0.9966367642502392,-3.295588498999752,790.4870761581592,937.3659008054188,0.999960087800814,1.00003277600475,-0.0005085787330838,0.0006685969560246,151.68860227119183,05_QSUN-FS1,525.02,0.0
16914.636870833332,0.0353217201937637,-0.8002766627746909,-3.307093912858257,806.7797028192322,763.9506986331191,0.9999569278725824,1.000035282490755,-0.000496918682332,0.0006952374931314,162.2035071463748,05_QSUN-FS1,525.02,0.0
16915.126637499998,0.0396686720524638,-0.9290037671804487,-3.304983686379787,798.1892045454248,883.1730221662447,0.9999522894001904,1.0000287398933243,-0.0004354878838121,0.0006399179131574,171.88482269900126,05_QSUN-FS1,525.02,0.0
16915.620516666666,0.0409965810334121,-0.6350159510348296,-3.303147407684048,816.9916280509786,614.1251501570276,0.9999601879697524,1.000099410868789,-0.0004082283510019,0.0005881700442936,130.0220567566246,05_QSUN-FS1,525.02,0.0
16916.111249999998,0.0424101689424891,-0.4621575712994947,-3.289882625610921,820.7283228050072,451.48518448924415,0.9999708917295412,1.0000336566093138,-0.0003501638645942,0.0005443313792711,110.85841998180491,05_QSUN-FS1,525.02,0.0
16916.605916666664,0.0398446899893544,-0.1787132859339264,-3.190008790752278,896.7705866743123,202.4172794804861,0.999961490533602,1.0000246498783405,-0.0004413794078389,0.0006421255554277,110.01839015507484,05_QSUN-FS1,525.02,0.0
16917.09585833333,0.0431410329712069,-0.3081456082165719,-3.3021177655364555,819.4149563789028,353.6905587421668,0.9999770616577472,1.00002810339063,-0.0003886303209203,0.0005620003566428,103.27882368272805,05_QSUN-FS1,525.02,0.0
16917.589475,0.0418495726806359,-0.281326478954733,-3.2985566766306365,824.4823737128881,317.47304828873973,0.99995839019692,1.000035735739007,-0.0004106992659554,0.0005780424925467,124.44345297503556,05_QSUN-FS1,525.02,0.0
16918.080466666666,0.0397461599485812,-0.7689554000004734,-3.309201480565976,802.9804030582187,752.8873060069477,0.9999730155129476,1.0000292274425897,-0.0004267476989948,0.0006025560111799,115.52133288335268,05_QSUN-FS1,525.02,0.0
16918.584941666664,0.0378495575879133,-0.6529838414427038,-3.2767537904349,810.9897806291518,643.2713468845316,0.9999698694120618,1.0000368424195245,-0.0004797526350552,0.0006330725936704,109.32120027658472,05_QSUN-FS1,525.02,0.0
16919.074616666665,0.0422036103306625,-0.7622647273391345,-3.2917817201694843,804.0443222719683,740.4666685883722,0.9999758908413736,1.0000434247367307,-0.0004031953041031,0.0005607273681917,115.07200501854608,05_QSUN-FS1,525.02,0.0
16919.5643,0.0390118144664489,-0.8369127935355023,-3.320061654458291,798.5312886053367,813.5029705882932,0.9999635236409328,1.0000251986237747,-0.0004703496898217,0.0006278220460524,147.21578422311725,05_QSUN-FS1,525.02,0.0
16920.054325,0.043323376748037,-0.6307519116151735,-3.278468775908063,808.584728123412,627.8821387039956,0.999970601224836,1.000086469872661,-0.0003783370885708,0.0005770372360183,144.94688657867695,05_QSUN-FS1,525.02,0.0
16920.54400416667,0.0423833166838475,-0.3846727137838592,-3.285453705910165,822.0417999495887,405.7162137854576,0.9999505356525163,1.0000235236438328,-0.0003828326123832,0.0005443097841431,125.5319645804714,05_QSUN-FS1,525.02,0.0
16921.034649999998,0.043033047409377,-0.7635474147662246,-3.3200102472331823,806.3196848243223,730.5551268551344,0.9999624840826656,1.0000284474444574,-0.0003562197080397,0.0005586329161003,104.61926378335484,05_QSUN-FS1,525.02,0.0
16921.524325,0.0438741570453623,-0.758233972550964,-3.2979597548089514,807.9814395868013,714.4007214185868,0.9999668708546936,1.0000359059370232,-0.0003713756917327,0.0005495595049309,107.51277780436062,05_QSUN-FS1,525.02,0.0
16922.013916666667,0.0441309446320199,-0.8108659706389264,-3.296227499246528,802.6052188829959,772.2006424997878,0.9999646361582548,1.000043202717496,-0.0003379886740217,0.0005500222238737,106.22079992905012,05_QSUN-FS1,525.02,0.0
16922.50885,0.0434610769251782,-0.920157721202444,-3.307142548619177,793.6252465367263,883.3081746308662,0.999965358246816,1.0000485803549126,-0.0003781589583831,0.0005316308982947,133.20118207034588,05_QSUN-FS1,525.02,0.0
16922.998,0.0450545222768053,-0.8184734284379896,-3.3215432661430264,798.7724799734956,782.8126458599952,0.9999714579874128,1.0000245537520105,-0.000337918466962,0.0005190977577893,151.44792095513674,05_QSUN-FS1,525.02,0.0
16923.487591666668,0.0438452863524387,-0.3824264077464035,-3.28210604604204,820.0683975663528,390.94955566971066,0.9999701942592047,1.000033721346491,-0.0003684723204018,0.0005355003010227,146.74558874836794,05_QSUN-FS1,525.02,0.0
16923.976741666665,0.0388400209384667,-0.9909257651154488,-3.2847185894571966,787.7048453447883,957.9820183466082,0.9999617774834568,1.000056546421516,-0.0004554661684285,0.0006205301014479,145.48365224442048,05_QSUN-FS1,525.02,0.0
16924.469483333334,0.0354321974950135,-0.6630218930379425,-3.2667735587773623,809.1761338500633,673.9610758430507,0.9999656931181936,1.0000318861150572,-0.0004953806222942,0.0006448844673259,112.2186534351464,05_QSUN-FS1,525.02,0.0
16924.961966666666,0.0411777621747182,-1.0618756446603346,-3.33831191304554,787.5806957741086,1006.0687302844487,0.9999638129691544,1.000007201423269,-0.0004125874928867,0.0005543297884541,112.17986392559318,05_QSUN-FS1,525.02,0.0
16925.454008333334,0.0450646407910756,-1.0699610217669095,-3.2346523809232965,789.2498820059889,1017.5636554168408,0.999981137206562,1.000085708165278,-0.0003280763581612,0.0005218223931495,118.23913763832444,05_QSUN-FS1,525.02,0.0
16925.944912500003,0.0468857561933983,-0.7704764239564881,-3.3236073431701154,803.5951748699579,762.570218878912,0.9999729560224184,1.0000464941733624,-0.0002706199631407,0.000476077870907,106.03615424508124,05_QSUN-FS1,525.02,0.0
16926.435116666667,0.0427376187407766,-0.8489342617065266,-3.3283806328167254,798.3054015177431,813.1650630176665,0.9999567722302716,1.000014454534,-0.0003845690034837,0.0005067832562477,121.34900560808408,05_QSUN-FS1,525.02,0.0
16926.924358333334,0.0449248733422734,-0.8528530907660516,-3.2928967593932525,796.3081241908395,833.729577524863,0.9999540358704636,1.0000265070753185,-0.0003445872112888,0.0005304165698079,173.1462405728668,05_QSUN-FS1,525.02,0.0
16927.417275,0.0409400313361394,-0.7993241709665042,-3.327893015976961,802.8322401723109,757.4990182363878,0.9999676414029256,1.0000289058148122,-0.0003995577404599,0.0005850462950764,231.16302524847669,05_QSUN-FS1,525.02,0.0
16927.906779166668,0.0433144236099155,-0.6754271445561967,-3.283467093263171,808.3312903824806,664.2860294535328,0.9999463619129338,1.0000630997596731,-0.000362159642423,0.0005725431469898,236.7141056594761,05_QSUN-FS1,525.02,0.0
16928.396458333336,0.0389494930166828,-0.808939469462839,-3.3173494519219062,800.4145344842311,768.6896818269167,0.9999493722352132,1.0000323962510735,-0.0004320429710257,0.0006247684975592,202.7538964913184,05_QSUN-FS1,525.02,0.0
16928.889725,0.0446317012158696,-0.734134578309429,-3.2398894112978907,805.931725840593,698.7739455230035,0.999957223609991,1.0000356757853248,-0.0003615108897124,0.000516396765831,245.20613370208355,05_QSUN-FS1,525.02,0.0
16929.379229166665,0.0439199299812921,-0.7934366484217888,-3.248759129151732,804.1317306024273,740.2573876814965,0.9999552198953776,1.0000365191250673,-0.00036938775679,0.0005309396226568,305.3358534883384,05_QSUN-FS1,525.02,0.0
16929.869691666667,0.0425388746098506,-0.817253560615194,-3.286012616025319,797.9962658369069,808.8956878276445,0.999940556136411,1.0000405984445448,-0.0003950373504815,0.0005762460891899,391.9139868022029,05_QSUN-FS1,525.02,0.0
16930.36165,0.044987630461296,-0.4590002886475421,-3.279377606356121,816.3777315874477,469.4420187806472,0.9999556510280144,1.000043283559276,-0.0003273324923644,0.000520180913651,416.70937859542136,05_QSUN-FS1,525.02,0.0
16930.853779166668,0.0456280729268638,-0.455779555746688,-3.2990965071957943,814.4867006010832,469.8658819924182,0.9999565091312644,1.0000359655704805,-0.0003050456760507,0.0004893877681036,398.7007087293632,05_QSUN-FS1,525.02,0.0
16931.34380833333,0.0504491341763507,-0.6382826330197875,-3.252855493446059,808.5593720693574,602.5689480967399,0.9999483375134336,1.0000430570982624,-0.000265245995048,0.0004018863894644,346.3940489398403,05_QSUN-FS1,525.02,0.0
16931.83383333333,0.0511766936022324,-0.5820659052735522,-3.300048045495746,806.4163030276596,586.2119090225683,0.9999559975911848,1.0000430401730762,-0.0002428951226006,0.000401599016276,331.63395662007474,05_QSUN-FS1,525.02,0.0
16932.326316666666,0.0443580226852602,-0.8603453084391998,-3.274798118654899,796.5281118193102,826.7529854735974,0.999936133748182,1.0000368704653233,-0.0003553579263961,0.0005424401614799,337.66390456247456,05_QSUN-FS1,525.02,0.0
16932.815816666665,0.0377449444667522,-0.9494038892661504,-3.30661214742597,790.460992046187,931.7180437707508,0.9999589497973872,1.0000481400356451,-0.0004702589649377,0.0006261517834956,312.96624493862805,05_QSUN-FS1,525.02,0.0
16933.3092625,0.0361517028423057,-1.3669869052910095,-3.3369053916649736,762.2068646438245,1254.9100237470243,0.9999473226967776,1.000101595158993,-0.0004886108303845,0.0006795533736272,255.20775874425044,05_QSUN-FS1,525.02,0.0
16933.804808333334,0.0345495128847982,-1.5442172301504826,-3.246922673831745,833.3325460815074,1398.591420319994,0.9999468139978516,1.0000364305236331,-0.0005205034660794,0.0006980738564104,308.95310675297605,05_QSUN-FS1,525.02,0.0
16934.29448333333,0.0386114237232446,-1.0809872617268506,-3.281839393714593,776.6749123069368,1041.6611586219044,0.9999396565460296,1.0000361529158026,-0.0004392118312887,0.0006067564933449,328.9229419126459,05_QSUN-FS1,525.02,0.0
16934.787316666665,0.0446552771818859,-0.8037005235693492,-3.291040630411763,801.9165162790418,751.3373957729893,0.9999529121925692,1.000046190144101,-0.0003538680751738,0.0005315010687952,314.4593332678471,05_QSUN-FS1,525.02,0.0
16935.277433333333,0.0390443912833013,-1.0344940214053056,-3.287675331432487,780.9153672854195,954.4803366946184,0.9999546969370872,1.0000356878721148,-0.0004505260997368,0.0005954441249036,321.0832692392016,05_QSUN-FS1,525.02,0.0
16935.767458333332,0.048518723588194,-0.7523037304296708,-3.224665098590275,802.5671126773148,728.4113890222014,0.9999685893041536,1.0000627352881892,-0.0003058279765935,0.0004334774063809,320.91925152294993,05_QSUN-FS1,525.02,0.0
16936.25985,0.0433158393520928,-0.8598565887084063,-3.293283512177953,797.4851454628837,798.9549919344646,0.999954953020776,1.0000459321811983,-0.0003737893269459,0.000527695357766,293.9223353459525,05_QSUN-FS1,525.02,0.0
16936.752066666664,0.042110174509055,-0.8842698660630076,-3.266777630276608,794.316243768557,825.6801290664644,0.9999506248787554,1.0000312004098448,-0.0004075088587595,0.0005692893833207,267.95781728715514,05_QSUN-FS1,525.02,0.0
16937.241658333332,0.0402079910058612,-0.920280274272504,-3.280072619119236,790.9338099347518,859.3010325507803,0.9999565885846688,1.0000228430257905,-0.0004512702609522,0.000596393640798,246.16764019751216,05_QSUN-FS1,525.02,0.0
16937.735191666667,0.0401638274905264,-0.9937561407909108,-3.28027170109271,783.3513242441101,944.8362318182144,0.9999578310885854,1.0000335227745707,-0.000442658415727,0.0005800104818083,217.33444041378843,05_QSUN-FS1,525.02,0.0
16938.224258333335,0.0397044748909116,-0.9579515123578852,-3.26679475612495,787.3791916011739,902.0661794482016,0.9999594078340058,1.0000366840582624,-0.0004389281755507,0.000612500173132,169.24471848025178,05_QSUN-FS1,525.02,0.0
16938.714720833334,0.0460299568328231,-0.8620912992305971,-3.293835629189015,797.526964118453,788.8072365947959,0.9999573322718758,1.0000312764036128,-0.0003259453022377,0.0004884191956149,145.38562854620315,05_QSUN-FS1,525.02,0.0
16939.211054166666,0.039269966347602,-1.038153021751001,-3.290448623307745,781.2943594432777,968.9535905022066,0.9999565428336624,1.0000412707628774,-0.0004501959762233,0.0006175201823108,157.194975023157,05_QSUN-FS1,525.02,0.0
16939.702133333332,0.0470581478429014,-0.6870296244569488,-3.273860293756997,806.3553862341931,657.3490579017549,0.9999636245266574,1.0000431839272963,-0.0003195564798758,0.0004736883202215,179.24742783143458,05_QSUN-FS1,525.02,0.0
16940.192075000003,0.0472769539437844,-0.6146457075396125,-3.255168357800172,808.8182576043604,612.9277843023946,0.9999692076128578,1.0000515220549284,-0.0003118626028104,0.0004929378136195,215.2983027482667,05_QSUN-FS1,525.02,0.0
16940.682016666666,0.0426489453289412,-0.7116344767757539,-3.266233162059702,805.6871735038801,682.407083249671,0.9999698246110266,1.0000448388278558,-0.0003828447359689,0.0005565514942071,186.84725107648265,05_QSUN-FS1,525.02,0.0
16941.171866666667,0.052056867307829,-0.7598280001092539,-3.2558230884681927,801.4834066024509,729.3024516910742,0.999966985675151,1.000041289026245,-0.0002166530476154,0.0003778545403755,197.8463900228884,05_QSUN-FS1,525.02,0.0
16941.664175,0.048129784602964,-0.9113360017719933,-3.265938902529616,793.0196333236422,860.1952840393486,0.9999600182915308,1.000038208905928,-0.00028607392968,0.0004396661278437,136.58305986531118,05_QSUN-FS1,525.02,0.0
16942.158316666668,0.0466967081035467,-0.8813051763414312,-3.2817331439301074,795.055640900617,830.9605965081194,0.9999630810615296,1.0000429930791,-0.0003039305346801,0.000468125314353,134.31056980955705,05_QSUN-FS1,525.02,0.0
16942.649308333333,0.0442951556867684,-1.1464063385642018,-3.2935952727140623,774.4374278839687,1073.7536037362229,0.999961238437594,1.0000316744665478,-0.000361134271815,0.0005375974970829,148.90565518982345,05_QSUN-FS1,525.02,0.0
16943.14564166667,0.0339696700721629,-1.4248210442974416,-3.3828516389652465,731.9783031628148,1330.5283360740657,0.9999716789669876,1.000018157525861,-0.0005438858946826,0.0007150573286694,172.94539339347182,05_QSUN-FS1,525.02,0.0
16943.636633333335,0.0521792335789458,-0.7598470356581858,-3.267345551023546,801.9805913868225,729.482172804261,0.999964493339974,1.0000178869280891,-0.0002258914226705,0.0003949025633014,142.5333110288816,05_QSUN-FS1,525.02,0.0
16944.1263125,0.0452853243241535,-0.7635605736274247,-3.240127146791299,802.3237431933522,731.0793058076588,0.9999564157602264,1.0000379921915523,-0.000350014112919,0.000517895757349,171.78127392922403,05_QSUN-FS1,525.02,0.0
16944.616341666668,0.0523365609215801,-0.6345068421916847,-3.252088524569052,809.0903520586368,603.3699727140494,0.9999581067529107,1.000028010532995,-0.0002195388877493,0.0003740452727993,226.47342937283605,05_QSUN-FS1,525.02,0.0
16945.106016666665,0.0491571275019745,-0.7236637686540323,-3.2486545544353147,803.0507319856104,708.4813823636357,0.9999510281852418,1.0000610415126143,-0.0002745930655249,0.000429896237916,261.4648725708605,05_QSUN-FS1,525.02,0.0
16945.597358333333,0.0531157592807359,-0.5949835282552919,-3.2482504615403625,808.0264578085425,597.87250849406,0.999954198122924,1.0000129195257086,-0.0001950087683499,0.0003481167271798,375.1630325277778,05_QSUN-FS1,525.02,0.0
16946.086425,0.0585564635644183,-0.4453940396919371,-3.218486661775264,810.922468634391,446.079141012557,0.9999447032907992,1.00003681856378,-0.0001238024929259,0.0002545088399845,316.1994579595925,05_QSUN-FS1,525.02,0.0
16946.577329166666,0.0582204946598978,-0.4206686086437686,-3.2273181524358847,811.0874525292005,442.25400252458064,0.9999383989722056,1.0000270122113557,-0.00011761277967,0.0002624203467732,288.7029761339478,05_QSUN-FS1,525.02,0.0
16947.06656666667,0.0519091528054941,-0.7221651974869044,-3.2464360743587366,805.0929628242194,687.8348412673654,0.999942502110714,1.000036062560168,-0.0002303828016407,0.0003899867408735,256.7564826193585,05_QSUN-FS1,525.02,0.0
16947.561766666666,0.0546728313345863,-0.6338175192940272,-3.2452081715442054,806.6048530780363,615.0654863083981,0.9999608734810144,1.000038113688806,-0.0001890743866344,0.0003311057344786,225.2832244760735,05_QSUN-FS1,525.02,0.0
16948.05135416667,0.0484111980706667,-0.8042460148091315,-3.238492359842324,803.4344495110482,756.3438332639264,0.9999535814288526,1.0000415089988124,-0.0002969226525324,0.0004539027972202,198.9722977806023,05_QSUN-FS1,525.02,0.0
16948.540770833333,0.0494487401040026,-0.7532866037270007,-3.236761057671712,802.5937508357853,714.5372064800578,0.999963851459758,1.0000494242430205,-0.0002736139029182,0.000434956117184,171.6805529236396,05_QSUN-FS1,525.02,0.0
16949.0303625,0.0543923966660019,-0.5590140438019537,-3.2430801443058708,811.8898056502578,553.0610513909672,0.9999190861347332,1.000028205134393,-0.0001894762653661,0.000343158606037,147.4131923265328,05_QSUN-FS1,525.02,0.0
16949.520041666667,0.0517774354936505,-0.6105930711957,-3.243308218124076,809.9561243707776,593.7701502995322,0.9999176214580472,1.0000843690699937,-0.0002454861363001,0.0003983887822815,140.51436181766437,05_QSUN-FS1,525.02,0.0
16950.009983333333,0.0544658223513041,-0.4551998998483385,-3.2425080355288407,816.2019609228114,437.01965372580736,0.999954916462768,1.0000301594440746,-0.000181851272387,0.0003649765795149,165.01473265500837,05_QSUN-FS1,525.02,0.0
16950.500183333334,0.0566448159642837,-0.4369243398285933,-3.2066568877095505,816.2533771606761,443.3863483573977,0.9999106457374776,1.0000280589994508,-0.0001517268232221,0.0002722838398976,168.8697589598392,05_QSUN-FS1,525.02,0.0
16950.9898625,0.0598356044384522,-0.3706135783465363,-3.216273492091536,810.1043268287028,416.3303202715797,0.9999065038920376,1.0000276514457824,-9.1786927491272e-05,0.0002132974230199,151.63359664509244,05_QSUN-FS1,525.02,0.0
16951.480854166668,0.0539991199347852,-0.9709626483792086,-3.267580450010228,792.9194244408187,915.7000119284204,0.999945146927845,1.00003675676316,-0.0001984035883951,0.0003443141062623,221.85120930037857,05_QSUN-FS1,525.02,0.0
16951.970795833335,0.0588361467878817,-0.6835203926677779,-3.264721759541237,804.0900420995368,658.5252356189266,0.9999422736859368,1.000006407580967,-0.0001222407269095,0.0002490577120685,206.4049294788205,05_QSUN-FS1,525.02,0.0
16952.462575,0.060659573050487,-0.6108356120948784,-3.1834246069800747,805.5919847887071,568.4771612221222,0.9999541218147358,1.0000393282660374,-0.0001235882254471,0.0002495664730463,213.82472087480875,05_QSUN-FS1,525.02,0.0
16952.952341666667,0.0661171679564302,-0.6577318525865925,-3.2175870804314544,799.7988187471849,612.1537757696105,0.9999400408752148,1.0000197857560793,2.360147575566861e-05,0.0001252937420806,256.9515841965893,05_QSUN-FS1,525.02,0.0
16953.441583333333,0.0655156384327465,-0.7376945729949534,-3.224895875223052,799.8849779065954,714.7650970454083,0.9999437290553612,1.0000254328793643,1.232194686864011e-05,0.0001771181089751,303.9341989158969,05_QSUN-FS1,525.02,0.0
16953.931170833337,0.0641227813130208,-0.6561850623225225,-3.258812867422688,801.140578298457,632.6792698325175,0.9999399127240592,1.0000292039666658,-1.9751156979523047e-05,0.0001829012288726,316.6091840799129,05_QSUN-FS1,525.02,0.0
16954.423475000003,0.060642356773883,-0.6419660591410983,-3.19972866704476,803.4666602196332,633.0558395455616,0.9999527753637236,1.0000585892913183,-5.981491824436618e-05,0.0002452997144405,336.9088162827695,05_QSUN-FS1,525.02,0.0
16954.915783333334,0.0526108129533764,-1.1429493602844825,-3.270057702005736,782.5126999103884,1059.8387306385646,0.999954130424378,1.0000726638418804,-0.0002293977250333,0.0003986177303751,310.010363479679,05_QSUN-FS1,525.02,0.0
16955.410887500002,0.0535847773932955,-0.9651178772204964,-3.2677874208111763,792.6822820266544,896.8335821758601,0.9999538881696112,1.0000443628620284,-0.000205992195054,0.0003433991263054,232.20736195321936,05_QSUN-FS1,525.02,0.0
16955.901354166668,0.0576398762677573,-0.8736151022324186,-3.2265721613847687,796.933928320678,810.2197929016224,0.999955753559196,1.0000465256286133,-0.0001325102933271,0.0002788732123384,199.9767349743537,05_QSUN-FS1,525.02,0.0
16956.390683333335,0.0460980279890984,-1.199002480255885,-3.275492223253012,776.1412717584146,1122.1222320758395,0.999945523691649,1.000023079381009,-0.0003369506730408,0.0005021747131613,179.5202082511912,05_QSUN-FS1,525.02,0.0
16956.879925,0.0572938277895442,-1.0292115737649077,-3.275698193717209,791.0067075914384,997.7094377369364,0.9999581985185036,1.0000902363881434,-0.0001573762436513,0.0002841647552467,131.83161512669562,05_QSUN-FS1,525.02,0.0
16957.369516666666,0.0533333184698131,-1.231608734553204,-3.2627425580449527,782.2481944139919,1158.0305518773828,0.999955380510258,1.0000353939755764,-0.0002049691931334,0.0003871638943616,178.10605882129707,05_QSUN-FS1,525.02,0.0
16957.863216666665,0.055954325142608,-1.1750921586957417,-3.249103009443622,787.8142392567672,1092.1239652496308,0.99995573748235,1.0000311631264254,-0.0001603762520901,0.0003148196209399,191.26250421215445,05_QSUN-FS1,525.02,0.0
16958.357449999996,0.0574489093130985,-1.041316036547746,-3.2397395885452074,792.6988791471497,962.0794224119476,0.9999621723343288,1.0000442111302,-0.0001351201294524,0.0002795964106114,187.0792289669629,05_QSUN-FS1,525.02,0.0
16958.847741666665,0.0610734858543302,-0.9597440326723568,-3.246935894945566,794.8660359697344,893.5796239011657,0.999961211609052,1.0000462044208631,-9.768518132915816e-05,0.0002465005703008,157.3260658095697,05_QSUN-FS1,525.02,0.0
16959.337508333334,0.0588939625474726,-0.8921780634300235,-3.2552329821431627,797.9518193015414,853.9332405553375,0.9999083262413636,1.0000390125021534,-0.0001138214609066,0.0002244138399121,120.59858391679543,05_QSUN-FS1,525.02,0.0
16959.826833333333,0.0477550043672685,-1.1121871071124183,-3.2406211042895703,785.7337875651483,1047.7033743444274,0.9999182955033312,1.0000598701207195,-0.0003288878590108,0.0004911231468633,106.97958576305014,05_QSUN-FS1,525.02,0.0
16960.317216666666,0.0449535374010811,-0.951579961564653,-3.259909231428223,794.9577141323803,874.4353809090353,0.9999607435317796,1.0000233506920686,-0.0003427987882358,0.0005121708389589,106.10781445596814,05_QSUN-FS1,525.02,0.0
16960.814599999998,0.0458812029872626,-1.3631352053354788,-3.3016598473776275,777.3998359844276,1253.1437515586351,0.9999663636746522,1.00001070665724,-0.0003197602927552,0.0005123165712567,128.0237717836831,05_QSUN-FS1,525.02,0.0
16961.305766666665,0.0331924069088547,-1.5421185363157213,-3.105479436030988,882.3112119423997,1380.8704978057292,0.9999770609600754,1.0000215823707104,-0.0005435871127325,0.0007176548540924,165.9252415189952,05_QSUN-FS1,525.02,0.0
16961.795091666667,0.0250248051765216,-1.3642030206600295,-3.29710815983394,768.3078074510404,1244.7828254490728,1.000005674692124,1.0000238699896968,-0.0007113508913051,0.0008582899682524,158.24707680059498,05_QSUN-FS1,525.02,0.0
16962.285033333334,0.0326013441892681,-0.7063921582233951,-3.2255214961605003,810.3275711997396,670.1007250183477,0.9999884907189184,1.0000297078668214,-0.000551112125917,0.0007251386948835,129.25206159830714,05_QSUN-FS1,525.02,0.0
16962.774449999997,0.032277955182932,-1.5995236699500848,-3.028371034279056,947.1760678184904,1396.44290540741,0.9999459188477726,1.0000405313811191,-0.0006012261436609,0.0007348466590127,153.7671736721107,05_QSUN-FS1,525.02,0.0
16963.26649166667,0.0417850197175202,-1.3278374548443883,-3.2977850543376666,766.4062139046915,1240.054616337287,0.9999656825040156,1.0000213250997296,-0.0003732976149447,0.000559760270727,106.57983172211893,05_QSUN-FS1,525.02,0.0
16963.757045833332,0.0388862681924405,-1.215645811378608,-3.2667379382894155,774.8658287258269,1126.3021394715718,0.999968054282904,1.0000261042204197,-0.0004583365743103,0.0005809686332016,108.72773864500591,05_QSUN-FS1,525.02,0.0
16964.25075,0.0433836707617928,-1.0482295948318607,-3.26447202905919,785.4529292417876,997.2933183081168,0.9999696577681508,1.0000343598151311,-0.0003704229202014,0.0005581726256921,111.08207214458878,05_QSUN-FS1,525.02,0.0
16964.74366666667,0.056368585070453,-0.9662369395634488,-3.264348294725436,792.3120961942172,895.4835189898005,0.9999619488595886,1.0000440265146666,-0.0001671108195792,0.000308259091524,145.3640190255912,05_QSUN-FS1,525.02,0.0
16965.234658333335,0.0378382208173792,-1.4883934353063082,-3.147486957594003,845.026930439409,1362.4769263682072,0.9999387706900014,1.000024475107298,-0.0004876652436928,0.000635040479952,120.0991080567265,05_QSUN-FS1,525.02,0.0
16965.725125,0.0599107433036186,-0.9132814299776348,-3.2065106225836817,796.0443475095472,849.6244309232537,0.9999734128455948,1.0000536552820556,-0.000101079364565,0.0002153897269389,144.60316507607214,05_QSUN-FS1,525.02,0.0
16966.218133333336,0.0471277830953572,-0.7643756698511389,-3.248543752237725,802.1201422402715,724.2855621239484,0.999963838263789,1.0000517547165555,-0.0003377509185083,0.0004686998004071,212.8847423508868,05_QSUN-FS1,525.02,0.0
16966.725408333336,0.0545647549500487,-0.596885981690404,-3.2344724560202835,806.9696098321392,570.8764558694032,0.99996390648885,1.0000091959356854,-0.0001878306358593,0.0003337356260093,339.9529336896827,05_QSUN-FS1,525.02,0.0
16967.219375,0.0459939869342082,-0.7774424994374626,-3.220469582390556,803.3206937456749,716.9613387006664,0.9999467922606056,1.0000727055273086,-0.0003425396063831,0.0005482651081023,349.6689828645026,05_QSUN-FS1,525.02,0.0
16967.710891666666,0.0500133022175676,-0.8033213124647343,-3.2254575999472923,799.9623285524938,755.2000737482058,0.9999589818668658,1.0000238555727767,-0.0002611718846248,0.0003881118163215,244.81491099041,05_QSUN-FS1,525.02,0.0
16968.20075,0.0541360555639146,-0.7930628876750804,-3.2043015926735303,802.4396902233609,723.3625872637772,0.9999623611590112,1.0000088778973473,-0.0001930076650634,0.0003063786212171,220.9677458512272,05_QSUN-FS1,525.02,0.0
16968.692441666666,0.0544909670569584,-0.999648709054437,-3.2715844532812457,791.3091042394724,930.8266778068288,0.999949327732587,1.0000410871281338,-0.0001879671408612,0.0003296384952961,239.39389953525773,05_QSUN-FS1,525.02,0.0
16969.184916666665,0.0574386469962521,-0.6600527387171607,-3.2280568562726684,806.6844053102767,613.7516896298886,0.9999552448965024,1.0000111176207611,-0.0001431221172064,0.0002637975203946,250.6871956160365,05_QSUN-FS1,525.02,0.0
16969.675475,0.0561961838208946,-0.6563502185386741,-3.21945111486546,807.0766983326137,605.466008389057,0.9999586610262826,1.00002884472279,-0.0001510937965369,0.0003010984446695,260.12196465583946,05_QSUN-FS1,525.02,0.0
16970.169354166672,0.0544273157111724,-0.8360598704032682,-3.151701610828589,799.2694127160121,766.8843396180475,0.9999668976013923,1.0000477048407417,-0.0002074873342474,0.0003463364859782,235.5795039231886,05_QSUN-FS1,525.02,0.0
16970.658858333336,0.0447940596662364,-0.7995926193629396,-3.217775961287195,803.1345674920703,747.6103616998556,0.9999590768587616,1.000036941030721,-0.0003641842604327,0.0004880308951585,207.4360755505552,05_QSUN-FS1,525.02,0.0
16971.149675,0.0426051862954387,-0.6593644069180377,-3.2428214256072665,810.7438181451246,616.2933680418507,0.9999632263442222,1.0000375718527184,-0.0003880365591218,0.0005264534568217,155.68743228078583,05_QSUN-FS1,525.02,0.0
16971.639441666666,0.0455936131699121,-0.7425782978604832,-3.221845390675826,804.9322350645527,708.7940413032063,0.9999622492338064,1.0000263873305406,-0.0003653886806865,0.0004928511652926,145.5171600030103,05_QSUN-FS1,525.02,0.0
16972.13375833333,0.0464833604932281,-0.659876123832614,-3.2299018694927644,811.9217794060417,606.9303349758997,0.9999700083239,1.0000260569618924,-0.000310788787435,0.0005101821691813,104.59252155245926,05_QSUN-FS1,525.02,0.0
16972.626324999997,0.0504040838025057,-0.6606646327764653,-3.2041191614840727,812.558256043608,618.1302336050234,0.9999246102967836,1.000010816129134,-0.0002719105141762,0.0004214360479096,103.53122211405255,05_QSUN-FS1,525.02,0.0
16973.116004166666,0.054188756153019,-0.7987471749510912,-3.2162596934744943,801.9686025519246,744.9487360207911,0.9999636212951274,1.0000247124778137,-0.000202005419606,0.0003043518722156,108.63931539047891,05_QSUN-FS1,525.02,0.0
16973.60603333333,0.0604156449983757,-0.7139107747703123,-3.2028435350532165,804.5790397776817,649.5676036442022,0.9999598159915168,1.0000259859008775,-8.62265665108731e-05,0.000243034726142,106.08022360888532,05_QSUN-FS1,525.02,0.0
16974.095275,0.0505946352964006,-0.6743816568423574,-3.2090272606272165,811.2119674296507,617.5438318229988,0.999959400631398,1.0000140669291953,-0.000238830321004,0.0003898679136527,105.00469828493485,05_QSUN-FS1,525.02,0.0
16974.588804166666,0.0585766182117315,-0.93258428911183,-3.189861024987514,795.0826499769437,852.056274190469,0.999958350091412,1.0000233885676573,-0.0001321046334851,0.0002360511225009,128.81194304633945,05_QSUN-FS1,525.02,0.0
16975.081720833332,0.0456647309958698,-0.6170124132133246,-3.229322445490356,820.0963313614693,581.2635183846703,0.999965377317058,1.0000443914271078,-0.0003190814109587,0.0004587735158946,130.86504910388118,05_QSUN-FS1,525.02,0.0
16975.576829166668,0.0461838269770044,-1.110991702784212,-3.262567284260037,789.5609328310092,1002.5740850236292,0.9999683195571024,1.000025404877946,-0.0003218355720686,0.0005148505042741,113.81183527692352,05_QSUN-FS1,525.02,0.0
16976.066766666667,0.0508948116651027,-0.9146296084643356,-3.2093451445965955,801.9434057974079,805.7667701533139,0.999987984293344,1.0000244406021803,-0.0002355841166325,0.0003863766467839,132.0430607706042,05_QSUN-FS1,525.02,0.0
16976.55688333333,0.0399484809509351,-0.7577372330896052,-3.252077363742781,809.5574344633233,720.2839059023817,0.9999658346870482,1.0000332651087596,-0.0004392197484756,0.0006313375886998,175.2621184576773,05_QSUN-FS1,525.02,0.0
16977.046475,0.0270968036668899,-1.3502149898906044,-3.279693360196231,774.9846112495437,1240.1986812179691,0.9999729019929384,1.0000350427792997,-0.0006618334059529,0.0008515923080689,219.0258460828443,05_QSUN-FS1,525.02,0.0
16977.538341666666,0.0391908708479968,-0.4701210202046528,-3.221605331788662,825.9009871431348,462.38545322211047,0.9999750546522992,1.0000453492996737,-0.0004347036760149,0.0006151350078387,230.3422692850233,05_QSUN-FS1,525.02,0.0
16978.032225000003,0.0545127295995588,-0.8194055202216757,-3.1583624615159787,805.1944965664106,754.2357567281522,0.9999537896261514,1.000016224622447,-0.0001663333022253,0.000309388749264,261.63054350815617,05_QSUN-FS1,525.02,0.0
16978.522079166665,0.0426728511989939,-1.0972740087749464,-3.3083553869937594,787.9471654217858,1045.699449904513,0.9999707515579696,1.0000395399058355,-0.0003506665216289,0.0005470931806009,299.87342681341835,05_QSUN-FS1,525.02,0.0
16979.014558333336,0.0502638734897699,-0.9780803219516612,-3.2469055798782445,798.8070799725941,902.3254669638446,0.9999601637107696,1.0000443740706877,-0.0002240782839508,0.0004210469430879,217.69884619804373,05_QSUN-FS1,525.02,0.0
16979.50415,0.0471697099637432,-0.8410450398195266,-3.1845692869033,804.9350686814253,786.1873645844828,0.9999871770339988,1.0000172269499716,-0.000298430165674,0.000438466563343,199.2396066649057,05_QSUN-FS1,525.02,0.0
16979.994966666665,0.0413711602768675,-0.9402442982860956,-3.201268604818342,801.1195109309482,861.3174547416072,0.9999619805954432,1.0000362065890296,-0.0003984317132843,0.0005860560662332,139.30822676284922,05_QSUN-FS1,525.02,0.0
16980.485958333335,0.0510812882648528,-1.2498453559898437,-3.243088386523312,787.72445547253,1140.2063350043643,0.9999601778951316,1.000032638734907,-0.0002319581022452,0.0004240594589752,108.39474225481604,05_QSUN-FS1,525.02,0.0
16980.975283333333,0.0469038090448852,-0.7935035887694227,-3.1972224189985528,808.4673217081363,722.4854461645949,0.9999580480326036,1.0000189903968375,-0.0003114923985553,0.0004649046684436,115.01124259629294,05_QSUN-FS1,525.02,0.0
16981.4651375,0.0429138290426399,-0.6891299710984082,-3.189004808313048,818.676786989793,603.693020532942,0.9999753885749258,1.0000376267823217,-0.0003683744356737,0.0005490714800568,108.14502894456795,05_QSUN-FS1,525.02,0.0
16981.95490416667,0.0391933423427336,-0.1245178755787149,-3.079992989135924,881.7586524412146,200.00000741751063,0.9999819317602742,1.0000340564687906,-0.0004970402242403,0.0006398319796471,130.20862174479237,05_QSUN-FS1,525.02,0.0
16982.446945833333,0.0258432185313159,-0.1647333379260421,-3.135900838029828,856.3769914523989,200.0187498525314,0.9999998014668786,1.000026601085055,-0.0006640133061259,0.0008479730000075,165.28445758711362,05_QSUN-FS1,525.02,0.0
16982.93715,0.0498192842487578,-0.8145897313988159,-3.234832035428856,801.2040925902991,758.9812255430991,0.999966506448591,1.000044472408911,-0.0002653761719681,0.0004388787746132,117.60865852567058,05_QSUN-FS1,525.02,0.0
16983.427000000003,0.0453816079141349,-1.1250698827966026,-3.1905666537302144,785.0706369469146,1016.951192900122,0.9999771459202278,1.0000449841966446,-0.0003697520821458,0.0005446735006058,208.2762587264461,05_QSUN-FS1,525.02,0.0
16983.916858333338,0.0447573416792518,-0.7738326524320601,-3.23900254758519,804.4031141602421,710.560143100964,0.9999503101861564,1.0000420780317056,-0.0003575327314888,0.0005413675554084,195.22815889150863,05_QSUN-FS1,525.02,0.0
16984.40855,0.0482410526882318,-1.1789563609050395,-3.217544963044655,780.9558626824787,1065.8690245887865,0.9999640997597644,1.0000368125928931,-0.0002921392698054,0.000489101534635,255.29001245654504,05_QSUN-FS1,525.02,0.0
16984.900854166666,0.0469943819545616,-0.9539077793830116,-3.190438719145084,795.0971580481511,874.2569387626368,0.9999516167357172,1.0000376455065014,-0.0003194805725538,0.0005109573643437,269.4377877093398,05_QSUN-FS1,525.02,0.0
16985.390795833333,0.0523868959410075,-0.99951890520108,-2.853654316837724,800.0180065906053,809.624836753708,1.0000333707548898,1.000015569453255,-0.0001777394319181,0.0001706199099357,138.89340941388667,05_QSUN-FS1,525.02,0.0
16985.8816125,0.0507957461051387,-0.848177185938776,-3.1837392744406325,801.8851675245436,778.2019252660017,0.9999595034785016,1.0000509847847612,-0.0002372720715118,0.0004255166439691,251.5764874660016,05_QSUN-FS1,525.02,0.0
16986.371724999997,0.055923980364633,-0.8868984483057281,-3.2050722737969632,801.6452996410812,770.0506518815298,0.9999591592237572,1.0000165435798178,-0.0001510922713806,0.0002974265800361,233.93563036660183,05_QSUN-FS1,525.02,0.0
16986.861316666666,0.0510908913078489,-0.7525712904593493,-3.214532661642421,806.3465445308963,685.5610227368235,0.9999644789820332,1.0000481032931576,-0.0002395646161448,0.0004248386835608,242.6789060624882,05_QSUN-FS1,525.02,0.0
16987.354412499997,0.0439700424893598,-0.728644846316961,-3.2085156683934373,810.971587531002,660.8639749575141,0.9999613419930344,1.0000509776322912,-0.0003627784193566,0.0005599299137937,246.73459027912625,05_QSUN-FS1,525.02,0.0
16987.847766666666,0.0500514873858124,-0.9916129039902658,-3.24341230128363,796.7973981500132,911.6165893324296,0.9999786169615772,1.000033083658438,-0.0002626151282585,0.0004376850767,172.72870395086196,05_QSUN-FS1,525.02,0.0
16988.337708333333,0.0502788746695614,-1.1723696507044836,-3.13004309956638,790.1320852183537,1057.9002929255612,0.999953823140566,1.0000889109920583,-0.0002533608202517,0.0004551673127446,137.43828883621327,05_QSUN-FS1,525.02,0.0
16988.82773333333,0.05420362358044,-1.054525707970735,-3.1758907048141425,793.3078482815099,948.9510849547815,0.9999604407048444,1.000049150724459,-0.0002010777390934,0.0003510495663715,109.8455592335768,05_QSUN-FS1,525.02,0.0
16989.317416666665,0.0590365536804777,-1.0959927773826523,-3.179554889152217,797.7857584580903,997.3306613304349,0.9999595832866088,1.0000590472425843,-0.0001142646366455,0.0002617163904891,101.6472122380898,05_QSUN-FS1,525.02,0.0
16989.810683333333,0.062511069061776,-0.988136446106585,-3.206752760585085,799.929067291649,906.658992396905,0.9999679894319944,1.0000333032527402,-3.5758088881525673e-05,0.0002174858074534,105.78494510440274,05_QSUN-FS1,525.02,0.0
16990.300275,0.0594563183727573,-0.9981037618174492,-3.1846978778806507,797.0857380412455,909.505902496451,0.9999623538552592,1.0000348869509146,-9.248672541261462e-05,0.0002659870515017,100.80671901697546,05_QSUN-FS1,525.02,0.0
16990.793366666665,0.0518118059197072,-1.3443400067951194,-3.22596375276606,783.8055915583591,1215.6603192988418,0.9999698432577632,1.0000256958517528,-0.0002212962870598,0.0004190556741234,99.67933701576246,05_QSUN-FS1,525.02,0.0
16991.282691666667,0.0576647654895476,-1.036977788035917,-3.197307442398879,794.9059821832063,959.3973232539778,0.9999658600595274,1.0000519039568017,-0.0001222300298549,0.0003003154272906,101.99945754168463,05_QSUN-FS1,525.02,0.0
16991.772283333332,0.0514977374651351,-0.8853041251334896,-3.1896407756365246,800.1183971976005,803.1988041315503,0.9999628544388682,1.000035808615072,-0.0002300495102989,0.000397881887492,110.30017838143196,05_QSUN-FS1,525.02,0.0
16992.2659,0.0458657366448242,-1.1998468385408891,-3.2023266234357504,784.6746248405829,1064.2663973187457,0.9999569260176115,1.0000584510875576,-0.0003294347709959,0.0004978533467143,107.08080479754793,05_QSUN-FS1,525.02,0.0
16992.755841666665,0.0441618436267432,-1.0894495552423,-3.2214680207929005,782.87509840786,997.6081957292232,0.9999561570065244,1.0000482755693831,-0.0003827028585349,0.0005409469426478,101.229839645258,05_QSUN-FS1,525.02,0.0
16993.245608333335,0.0485584582072045,-1.2459486503280004,-3.198049101016394,782.352350139307,1121.737258571418,0.9999604821970112,1.0000195894987025,-0.0002684047702681,0.0004615035976064,108.09055284537573,05_QSUN-FS1,525.02,0.0
16993.738,0.0523815680538203,-1.1999919490571698,-3.237231256673593,785.5489759604591,1101.162188585985,0.9999597795754214,1.0000356161750676,-0.0002430392587716,0.0004082993366625,109.93045865007548,05_QSUN-FS1,525.02,0.0
16994.228208333334,0.0617530645675746,-1.0236618176645276,-3.188188022911004,799.4410543023698,939.4791232621284,0.9999668814490452,1.0000311651082503,-3.211327973524728e-05,0.0002067912850745,104.27196109504642,05_QSUN-FS1,525.02,0.0
16994.718233333333,0.0605293840786716,-0.9290238715206326,-3.166682803874834,798.6255088629098,842.1808014788963,0.9999683811950046,1.0000463552797434,-8.342144003593926e-05,0.0002578171431552,104.38272557334508,05_QSUN-FS1,525.02,0.0
16995.20835,0.0655117609116879,-0.9864853647222712,-3.17577971641848,799.6016611005693,882.9948946995548,0.99996125243811,1.0000392081484353,7.555293602659713e-07,0.0001491077173042,105.19404782500118,05_QSUN-FS1,525.02,0.0
16995.700741666667,0.0632733785234895,-0.9035357988112078,-3.203585127667604,800.0704368323688,804.9214494103143,0.9999596321525098,1.0000147713014127,-1.250946145855679e-05,0.0001795841721698,103.42907447488066,05_QSUN-FS1,525.02,0.0
16996.190508333333,0.0580307347871699,-0.8296676849382187,-3.1776389744753484,800.3668193149737,776.8163625702025,0.999962173375746,1.000028688728241,-0.0001180838769276,0.0002912176123734,106.5646392697924,05_QSUN-FS1,525.02,0.0
16996.68185,0.0528895709307432,-0.967704823480097,-3.2124939686794898,796.4504971468916,890.4380307068504,0.999961737278352,1.0000217631714028,-0.0002154485327773,0.0003797590205418,101.79537526447406,05_QSUN-FS1,525.02,0.0
16997.17152916667,0.0588441481943981,-0.6940531408999266,-3.1692379002469178,804.8834145266493,635.1745566535116,0.9999155416561878,1.0000218738776288,-0.000107460395002,0.0002557449009684,98.74908001642606,05_QSUN-FS1,525.02,0.0
16997.661995833336,0.0513024846433493,-0.935867132086852,-3.200976940075696,798.3266423039432,849.0832448778461,0.999914814601746,1.000024660449627,-0.0002750755401006,0.0004080197120339,104.7559123390798,05_QSUN-FS1,525.02,0.0
16998.1529,0.0532333674999118,-1.137484730526511,-3.208818596599517,791.4374365185612,1047.9260872800212,0.9999735845980802,1.000031073839084,-0.0002216923889145,0.0003855420167315,113.31124440880296,05_QSUN-FS1,525.02,0.0
16998.645291666668,0.0542401418412409,-1.0345347645999337,-3.2242234460416497,794.2609372892238,966.831301719421,0.9999653666070856,1.000046368533553,-0.0001975815869985,0.0003395290605151,117.72539147601633,05_QSUN-FS1,525.02,0.0
16999.135145833334,0.0587338285542531,-0.9015199574646396,-3.188209348045756,799.6775206498635,820.4179604952258,0.9999581710791074,1.0000375001941626,-0.0001025510656224,0.0002755279752141,114.46441885309156,05_QSUN-FS1,525.02,0.0
16999.627975000003,0.0614653888547195,-1.117255555660391,-3.192293210296253,800.3802901132539,1005.2983784665566,0.9999610669721464,1.0000273718364512,-4.908312093366853e-05,0.0002500306266366,149.81862263711074,05_QSUN-FS1,525.02,0.0
17000.117304166663,0.0603118691472185,-0.949372579622927,-3.1933870246516785,799.9091724393619,858.7100176770325,0.9999603771219632,1.0000288321058457,-9.507007001291708e-05,0.000244324963586,140.17621663731074,05_QSUN-FS1,525.02,0.0
17000.6118,0.0576737529473756,-1.0036655822885403,-3.1903209173988945,797.1312115678851,901.45217647273,0.9999640350290436,1.0000562375839714,-0.0001263185743979,0.0003010858866925,124.44002187017036,05_QSUN-FS1,525.02,0.0
17001.102175,0.0594096519379927,-0.8463634881052596,-3.1793476444095607,800.9457647662907,795.1847157161443,0.9999573060711996,1.0000367106034136,-0.0001020713914407,0.0002724151805388,111.97571374468612,05_QSUN-FS1,525.02,0.0
17001.591766666665,0.0574801286268193,-0.7770851674681795,-3.1807695121021577,802.5780961891506,723.496535479456,0.9999630227139392,1.0000288047825978,-0.0001338421991147,0.0003088973761486,107.35024278030372,05_QSUN-FS1,525.02,0.0
17002.081445833333,0.0516014816765174,-1.3047200489058812,-3.22579154292787,782.2708293536286,1190.167664372861,0.9999630903755616,1.0000259148218238,-0.0002540166396342,0.0003625622957489,102.86819403164463,05_QSUN-FS1,525.02,0.0
17002.575066666664,0.0581679275604002,-1.2627329648856451,-3.1936577030045163,792.1927387485937,1163.5210256079836,0.999967942434633,1.0000315397448682,-0.0001221222474821,0.0002663645956799,101.90531156949817,05_QSUN-FS1,525.02,0.0
17003.068333333333,0.0572376940056251,-1.18352055828565,-3.2171748898536494,791.8630058812932,1073.2930298074937,0.9999641071670056,1.000014674688204,-0.0001300376355967,0.0002678531128243,102.73891061613551,05_QSUN-FS1,525.02,0.0
17003.563175,0.0558607149163008,-1.56183667911433,-3.1981168483336937,787.583980576954,1385.6194700597673,0.999964160912712,1.000020368811507,-0.000174826703995,0.0003259281974143,101.6563982761125,05_QSUN-FS1,525.02,0.0
17004.054516666667,0.0566631884122836,-1.1514201431702955,-3.1752048807241726,794.6386941980974,1027.7102948365732,0.9999555927887316,1.000034091907145,-0.0001344784465818,0.0003252383431307,99.7102359866244,05_QSUN-FS1,525.02,0.0
17004.545508333336,0.0538760683523411,-1.081682418840037,-3.168153631542977,792.1887241698645,961.0989109255725,0.9999751771395176,1.0001003130355235,-0.0001998580345349,0.0003436401882027,102.024737343634,05_QSUN-FS1,525.02,0.0
17005.034662500002,0.058091917318455,-0.9930126289532524,-3.161716292905835,797.2964231247747,881.5639806574981,0.9999643505618446,1.0000016691176192,-0.0001128339084379,0.0002369102455101,113.3811906782074,05_QSUN-FS1,525.02,0.0
17005.523991666665,0.0574754166948875,-0.7755382756014553,-3.176575472024532,801.9484631330632,715.6517226627209,0.9999559861946196,1.0000032786586657,-0.0001494565057243,0.0002754358075959,120.35490104982928,05_QSUN-FS1,525.02,0.0
17006.01393333333,0.0559144042377046,-1.0674427570858758,-3.159603137859075,793.69378535696,968.55244719688,0.999965607095903,1.0000794402754398,-0.000142672223626,0.0003274495844887,116.11484258960512,05_QSUN-FS1,525.02,0.0
17006.5071125,0.0538099522092588,-1.0679602393707908,-3.1812530850474725,793.1322814851206,945.9482278011616,0.9999632864728,1.0000753665552804,-0.0002110173054993,0.0003819691613771,105.8347778453918,05_QSUN-FS1,525.02,0.0
17006.996349999998,0.0596010581923266,-0.8831622495729661,-3.167920184281346,799.0456318557227,791.5247311113495,0.9999558397698108,1.0000817720814852,-0.0001028129486632,0.0002603138244357,103.16295468179092,05_QSUN-FS1,525.02,0.0
17007.488916666665,0.0578281977494744,-1.014228655380453,-3.158394901645079,795.6708089362265,912.9182363104698,0.9999613617785196,1.0000370352203918,-0.000123946105935,0.0002877527386239,103.49288198312912,05_QSUN-FS1,525.02,0.0
17007.985166666665,0.0612348159834171,-0.9935908920406498,-3.1777159243154696,798.9023446457617,876.0869914874996,0.9999587688968816,1.0000374753239716,-4.244362766519478e-05,0.0002406054961909,100.94161534439456,05_QSUN-FS1,525.02,0.0
17008.478866666665,0.067504145980411,-0.8536393672899566,-3.191142411540081,799.1503085502567,768.8810636276716,0.9999574867553734,1.000030357879736,2.4167480204504657e-05,0.0001270941206833,121.61800022641388,05_QSUN-FS1,525.02,0.0
17008.969775,0.0678677897747141,-0.941622020354876,-3.1957624476742468,799.6135833810641,852.9955324973953,0.9999518153814112,1.0000225811526604,6.809942470933302e-06,9.77895426842404e-05,123.0278886357368,05_QSUN-FS1,525.02,0.0
17009.459891666665,0.0680067346859124,-1.002960062599019,-3.182318288975531,803.1871100033001,903.8701337180264,0.999959648375271,1.0000497480983197,2.6038729837222925e-05,0.0001226831273981,115.57309079294124,05_QSUN-FS1,525.02,0.0
17009.951758333336,0.0661331570524706,-0.9926519313380224,-3.165563326914272,799.056855536446,876.761299460361,0.9999623799628644,1.0000407630801902,-6.474018910005087e-06,0.0001445039481664,106.65543111096956,05_QSUN-FS1,525.02,0.0
17010.4438875,0.0643597956088471,-1.0591601831888322,-3.1883813871765603,798.745268599253,937.298281472266,0.9999719359741563,1.000033541705379,-2.293115840874932e-05,0.0001617293497803,103.09991703681465,05_QSUN-FS1,525.02,0.0
17010.936191666668,0.0643643625230729,-0.8803857910998332,-3.154784606371762,799.7518456701079,788.2150949698683,0.9999543843240511,1.0000171772767008,-2.02861771852866e-05,0.0001778148790792,103.31569187908816,05_QSUN-FS1,525.02,0.0
17011.425870833336,0.0629246583030244,-0.8160825659986353,-3.179427876033791,799.662128009267,749.9353946692186,0.9999651371766224,1.0000391947580511,-3.208608503989915e-05,0.0001941113755024,128.39441042184936,05_QSUN-FS1,525.02,0.0
17011.916250000002,0.0654104484658884,-0.9696678658585872,-3.177657202820368,801.6587836687033,878.8560675802692,0.9999537714453616,1.0000324404508396,2.407894058100445e-05,0.0001557265429848,122.88548373980043,05_QSUN-FS1,525.02,0.0
17012.406450000002,0.0629050008455223,-0.8510337341246982,-3.173260085450686,801.1693244685939,739.6671492864067,0.9999554999351076,1.0000427880057388,-1.864786349236536e-05,0.0002050955866428,161.3827439279388,05_QSUN-FS1,525.02,0.0
17012.896133333335,0.0574853487083028,-0.8025252488060751,-3.161679328849757,801.551352220253,721.1510322985205,0.9999657829010176,1.000050893606184,-0.0001222746859421,0.0002960791510967,165.31904309326606,05_QSUN-FS1,525.02,0.0
17013.3903625,0.0568368381994336,-0.9337878831226984,-3.146747478233088,801.3078835098266,828.6027262088874,0.9999523605058216,1.0000451435638034,-0.0001335436132534,0.0002979498523228,191.3444265787575,05_QSUN-FS1,525.02,0.0
17013.8803,0.0537746013552472,-0.9045076868611814,-3.104438226225433,803.6143657155296,814.412372505687,0.9999523956220376,1.0000602263650649,-0.0001714120171661,0.0004006398653133,195.3107032255084,05_QSUN-FS1,525.02,0.0
17014.37120833333,0.0527793664528938,-0.8252788575361797,-3.1637793125203606,803.9317394182897,746.0128384624354,0.999956170160279,1.0000171529045656,-0.0001907059343584,0.0003764821579832,166.2701181064899,05_QSUN-FS1,525.02,0.0
17014.86395,0.0523111656954288,-0.8964967386263469,-3.1742004882949044,799.4257113551669,820.2731880955857,0.999966341720903,1.00002795417313,-0.0002161731840184,0.0004124946345958,143.24846452256872,05_QSUN-FS1,525.02,0.0
17015.353629166664,0.0554327903160687,-0.8834059455981984,-3.188538301045543,800.1898924185658,795.3955101324689,0.9999464021799046,1.000045315323732,-0.0001525830097654,0.0003206993289478,178.87850015946722,05_QSUN-FS1,525.02,0.0
17015.85223333333,0.0579668806775174,-1.018728033080029,-3.1393654087608533,795.5860190042898,935.5152169498964,0.9999648936545368,1.000040102411266,-0.0001302092229753,0.0002884059551639,155.17129228616807,05_QSUN-FS1,525.02,0.0
17016.344279166668,0.0549525268801131,-1.126867336896324,-3.200588249537088,793.2799287688092,1021.120251322434,0.9999676378107936,1.0000144732938865,-0.0001551403348823,0.000339973335382,148.56079655666443,05_QSUN-FS1,525.02,0.0
17016.834920833335,0.05611747251921,-0.835901698469343,-3.124932978713149,804.3237477143003,766.7761504140602,0.9999063352088206,1.000013420753302,-0.0001537269571617,0.0003165947716731,164.09570069711208,05_QSUN-FS1,525.02,0.0
17017.326087499998,0.0494363494704342,-0.7884104418071824,-3.1616590689613613,807.084456493122,711.0020670836348,0.9999617341396184,1.0000048492310571,-0.0002532039162373,0.000451030848735,134.8305521713276,05_QSUN-FS1,525.02,0.0
17017.818304166663,0.0536504288067585,-0.751894469245278,-3.13161618761906,805.2789882225848,674.9140962437349,0.9999678161991468,1.0000476609057622,-0.0002018665208823,0.0004053299936045,125.29469847203328,05_QSUN-FS1,525.02,0.0
17018.30842083333,0.0524305690448646,-0.8094276694382496,-3.142728961920424,802.8708708795753,717.1862563184047,0.9999574236419144,1.0000342935481876,-0.0002112476464491,0.0004413370016243,119.41354202317709,05_QSUN-FS1,525.02,0.0
17018.7994125,0.0510266933511601,-0.7243454602577951,-3.148607505636577,805.8757098290831,660.0756528357424,0.9999536808778386,1.000031051330477,-0.000257970064966,0.0004211068811555,114.5417594600374,05_QSUN-FS1,525.02,0.0
17019.289091666666,0.0538370742931722,-0.8131564970658367,-3.14559114128075,801.902092899225,736.2813574884706,0.9999153330186384,1.0000409403919244,-0.000217230606791,0.0003533916197515,107.61273291770011,05_QSUN-FS1,525.02,0.0
17019.781833333334,0.0535439229631898,-0.9355677919051926,-3.1445384888110444,799.0314010418964,858.0110885429468,0.99995713875731,1.0000259513808438,-0.0002133956877471,0.0003897543049072,123.51343646340383,05_QSUN-FS1,525.02,0.0
17020.2727375,0.0568868422554407,-1.0503966770978397,-3.175267519590713,798.153895749859,934.3924975355636,0.999959123285526,1.0000360492089708,-0.0001404614184906,0.0003521848571941,138.5680331149599,05_QSUN-FS1,525.02,0.0
17020.762591666666,0.0516121864899827,-0.7659779438667991,-3.140760652335342,804.8800966715385,701.0083974480528,0.9999688990104832,1.0000369382023768,-0.0002136159172985,0.0003993115873596,142.88880751518536,05_QSUN-FS1,525.02,0.0
17021.253058333332,0.0498623873193424,-0.8824895444057604,-3.158849820279841,801.4686795492726,808.5316615649368,0.9999524510610784,1.000007863852836,-0.0002665105058996,0.0004294150201261,115.26250853147808,05_QSUN-FS1,525.02,0.0
17021.744133333334,0.0470211111219362,-0.9725376793863716,-3.1633446155063165,796.9350066343129,879.4255527885778,0.9999537943905896,1.0000307873330954,-0.0003350555055808,0.0004787898389402,137.65395212090775,05_QSUN-FS1,525.02,0.0
17022.233991666668,0.0496783928567402,-1.0872992583611027,-3.136311764199996,792.1999121662298,990.3342517037228,0.9999600602941058,1.0000443682590356,-0.0002744931386692,0.0004310160113552,135.12531148653338,05_QSUN-FS1,525.02,0.0
17022.726033333332,0.0523714593128642,-0.6783803843145361,-3.120339980071037,807.059943461778,626.3486422365398,0.999967848516305,1.0000289422873798,-0.0002077151697978,0.0004017297436709,108.93972912892006,05_QSUN-FS1,525.02,0.0
17023.215799999998,0.0533627909722877,-0.7422983384210611,-3.150506506779736,805.3967273847485,668.2354576763471,0.999960279344115,1.0000080504434334,-0.0002120346072343,0.0003721032332074,102.00553505902435,05_QSUN-FS1,525.02,0.0
17023.70819166667,0.0489810577006406,-0.8752977076862495,-3.132179855301904,802.572054338166,779.9544096867309,0.9999615107892488,1.0000460019117785,-0.0003055898304064,0.0004582567703562,108.04135669698968,05_QSUN-FS1,525.02,0.0
17024.199795833334,0.0472284104188454,-0.9065413640984732,-3.142105029237284,801.38370354567,817.9565197730185,0.9999673959191154,1.000041064229462,-0.0003261409296436,0.0004927526494301,109.22023031546809,05_QSUN-FS1,525.02,0.0
17024.6932375,0.0503256997180807,-0.8776974831152529,-3.1432621217803347,801.6158632750171,779.1881747031364,0.9999633989456532,1.000033439888156,-0.0002838791773004,0.0004233282321364,105.23175432038512,05_QSUN-FS1,525.02,0.0
17025.185983333336,0.048711211694426,-0.8876234721607636,-3.155350947241069,800.382833839227,798.5435244164399,0.9999656134640286,1.000027765044833,-0.0003050324208529,0.0004671357371536,102.02488171285106,05_QSUN-FS1,525.02,0.0
17025.676008333336,0.0533487985921316,-0.8945404178608594,-3.139251727018007,804.2114068517485,790.6465525184087,0.9999542859557352,1.000083909605935,-0.0002245139086839,0.0003794373174248,117.4869684587365,05_QSUN-FS1,525.02,0.0
17026.166387500005,0.0533838051471904,-0.9764711646424912,-3.129084771346532,797.6525657999734,878.9533630359203,0.9999158975683796,1.000030536243093,-0.0002113259694573,0.0003657020434959,107.27642373259592,05_QSUN-FS1,525.02,0.0
17026.65562916667,0.0576825025247999,-0.8952742038514434,-3.2066278322023463,794.897159705342,803.4425364068713,0.9999404889463518,1.0000463093317211,-0.0001473957898262,0.0002977156379963,111.6208395490972,05_QSUN-FS1,525.02,0.0
17027.14880833333,0.0544494980133881,-1.1818289989588229,-3.1561362092085927,789.00560803528,1067.8468026366672,0.999917594242974,1.0000234029617634,-0.0002108573022322,0.0003385401363423,110.99018461997537,05_QSUN-FS1,525.02,0.0
17027.6384875,0.0542189643594353,-0.9423357761015142,-3.1704142119283323,797.3162930224831,857.1884684515032,0.999971513992778,1.0000303371955834,-0.000179731647507,0.0003630839132913,109.80333815955169,05_QSUN-FS1,525.02,0.0
17028.128079166665,0.056870211230797,-0.852355610213087,-3.1091659270358507,801.2132066330228,771.7636501647399,0.9999540999641467,1.0000469743173332,-0.0001608249050047,0.0003158809952566,115.23326354090308,05_QSUN-FS1,525.02,0.0
17028.61985833333,0.0574469366173306,-0.8934257850399306,-3.128545996465325,799.4590383681749,812.7007832955179,0.999968474507387,1.0000400448164566,-0.0001309396762008,0.0003259279519759,107.58270823166214,05_QSUN-FS1,525.02,0.0
17029.109624999997,0.0616211319984056,-0.8529705095017898,-3.145397538042377,801.331504346097,764.4583765465713,0.9999652904636754,1.0000461940113472,-7.433084138755514e-05,0.0002375823261688,111.53205282816234,05_QSUN-FS1,525.02,0.0
17029.59895,0.0594466899064436,-0.8759475119520223,-3.114780572102848,799.104106270724,782.5179106398314,0.999957525202408,1.0000547056995002,-0.0001142942420525,0.0002868729055447,108.61520397923056,05_QSUN-FS1,525.02,0.0
17030.09519583333,0.0585204817923953,-0.9293390483210964,-3.1659398916838546,796.4391888433785,834.5369949823797,0.9999667807675068,1.00008953929061,-0.0001217302474124,0.0002887559098325,131.71614016388898,05_QSUN-FS1,525.02,0.0
17030.585225,0.0587927089979116,-1.0612005388139905,-3.1419495944009577,794.9154765228761,939.1164155844148,0.9999683657676962,1.0000504925524591,-0.0001219615571284,0.0002685284134225,144.01623887735204,05_QSUN-FS1,525.02,0.0
17031.078404166663,0.0604278056175742,-1.1975739944588513,-3.1626744862671563,792.6403133264217,1080.1738557369697,0.9999558471320152,1.0000325761328253,-0.0001022980567055,0.0002410733713863,134.25102718496944,05_QSUN-FS1,525.02,0.0
17031.56790833333,0.0593866300977733,-1.0795147864146242,-3.147580939481902,793.7554468806961,992.4626827278594,0.9999630590186868,1.0000484315445517,-0.0001118028623925,0.0002547886645664,137.25470553178047,05_QSUN-FS1,525.02,0.0
17032.0574125,0.0563665557504365,-1.0636953931384,-3.175778702387919,792.7382371694614,970.7466977012168,0.999961734446138,1.0000214088926835,-0.0001775273532468,0.0003039290924819,108.34669734372868,05_QSUN-FS1,525.02,0.0
17032.546824999998,0.0563119562871043,-0.8778422201434896,-3.1031104100703275,797.875048622574,811.7488033334845,0.9999703489292788,1.0000391317351476,-0.0001531285901823,0.0002979441785949,109.66321959490332,05_QSUN-FS1,525.02,0.0
17033.036683333332,0.0504530406995546,-0.975758800837646,-3.133072156547701,792.7344546229243,873.6579954836752,0.9999570140915036,1.0000932584342788,-0.0002683199289058,0.0004500170735178,130.9307990862579,05_QSUN-FS1,525.02,0.0
17033.526533333334,0.0532587900168477,-1.0370156930696566,-3.1676370519389105,789.591947177074,948.4556640348226,0.999950822524634,1.0000441176543846,-0.0002108483511751,0.0003843823332668,182.1423234087896,05_QSUN-FS1,525.02,0.0
17034.017175,0.0533094854652368,-0.6115389129514847,-3.1741054577380465,808.2247457420087,540.3013234094835,0.9999653895094996,1.0000957934037622,-0.0002092286544555,0.0003823706960129,151.87994072256836,05_QSUN-FS1,525.02,0.0
17034.507466666666,0.0496953319625882,-0.933477064794658,-3.1546624910123766,794.3553079374691,855.3009496683584,0.9999535788827396,1.0000423240187442,-0.0002677795518725,0.0004211909565713,159.53233964112698,05_QSUN-FS1,525.02,0.0
17034.998720833333,0.0506163509337228,-0.9042288935749832,-3.1398790428318293,795.2098931221509,832.3644603319518,0.9999475744212996,1.00004140408792,-0.000269984436924,0.0004287988044049,170.1703016894753,05_QSUN-FS1,525.02,0.0
17035.4919875,0.0504640492182582,-1.0471166725282972,-3.1682522152517687,789.3318509947195,962.5172371949328,0.9999584285920158,1.0000268773640952,-0.0002607726092111,0.0004362283798612,203.4512148214457,05_QSUN-FS1,525.02,0.0
17035.981841666668,0.0533288973224855,-0.9859457624257306,-3.120849112130244,795.415764071718,856.5901564171949,0.9999455707361478,1.000037129295709,-0.000223740354465,0.0003826599271226,236.0361111539132,05_QSUN-FS1,525.02,0.0
17036.471520833333,0.0489756317673496,-1.0881160326045445,-3.141748858691385,788.7545314443445,980.6074934242246,0.9999558971457958,1.0000124413411964,-0.0002993722921064,0.0004620584824431,198.9542161462751,05_QSUN-FS1,525.02,0.0
17036.9612,0.0547732064009555,-0.7921497007043811,-3.126511849327964,800.3021020577384,734.4759374329433,0.9999505978750752,1.000034400787834,-0.0002029831077319,0.000380434433449,143.72543613884284,05_QSUN-FS1,525.02,0.0
17037.452629166666,0.058878036466477,-0.9285271445767656,-3.1178082993063407,797.6299654878758,814.7776990100668,0.9999158150579608,1.000042768344268,-0.0001264602033545,0.0003281305573997,110.82564222262783,05_QSUN-FS1,525.02,0.0
17037.942745833334,0.0509487674850766,-0.9493022267284428,-3.127384566341041,795.0339989531319,851.4622513300986,0.9999556432610568,1.0000248336935482,-0.0002502753831181,0.0004080351659922,103.22820345334834,05_QSUN-FS1,525.02,0.0
17038.43365,0.0490913984843875,-0.8316293044729329,-3.167316421830906,803.3129332547962,736.9753491603644,0.9999561255048064,1.000007427038652,-0.0002542075898577,0.0004773334144708,112.29058316951796,05_QSUN-FS1,525.02,0.0
17038.92717916667,0.051934748054846,-0.7950907078458173,-3.1269777010012074,803.2672366015573,714.8425942881526,0.9999618956729972,1.0000312863530398,-0.0002283519238567,0.0003792707543652,114.11563736755988,05_QSUN-FS1,525.02,0.0
17039.416945833334,0.0549928423430252,-0.750983904273762,-3.1159450188366176,803.3845540309219,677.8093310229967,0.9999609225200284,1.000020235761088,-0.0001857847488732,0.0003643772073458,115.3688547624529,05_QSUN-FS1,525.02,0.0
17039.906533333335,0.0597689952335048,-0.7390937529772159,-3.1736328087566528,802.4289106057751,662.1373113689177,0.999961326847765,1.0000304252120753,-0.0001004267276577,0.0002671542090686,131.07396189813548,05_QSUN-FS1,525.02,0.0
17040.401116666668,0.059385672221171,-0.9496700602771728,-3.1558044047815663,798.4965624192065,865.054899222107,0.9999661229614843,1.0000437708466248,-0.0001104919184136,0.0002833187462156,106.79144226313076,05_QSUN-FS1,525.02,0.0
17040.891145833335,0.0575634591912178,-1.061164399927058,-3.1427076676018944,795.3853320376795,963.8122073200934,0.9999583171477772,1.0000358230755124,-0.000129545228138,0.0003154662754305,103.15837761247872,05_QSUN-FS1,525.02,0.0
17041.381699999998,0.0519311940411771,-0.9346844803845584,-3.137157605011612,798.1785963571506,838.3950049738751,0.9999098047937388,1.0000246908825123,-0.0002757015776325,0.0004102092857037,101.88066629227944,05_QSUN-FS1,525.02,0.0
17041.872079166667,0.0496208760063173,-1.1263022080830225,-3.1499348401492724,788.1750734473394,1018.1319312480708,0.9999187259079536,1.0000335755521583,-0.0002966914029427,0.0004645748109187,100.71230196543264,05_QSUN-FS1,525.02,0.0
17042.361316666666,0.0403816141992777,-1.1192863581605723,-3.1192996861951965,781.1404743750767,1032.7176541548115,0.9999175488599772,1.0000208160306854,-0.0004455981243578,0.0006024759217577,100.52415383683734,05_QSUN-FS1,525.02,0.0
17042.852925,0.0481092359711067,-0.4226777701436459,-3.1306135717430843,820.656111309683,380.6804037300618,0.9999549065435904,1.000031581340938,-0.0002787454065736,0.0004901806693706,98.02242826453988,05_QSUN-FS1,525.02,0.0
17043.345229166665,0.0498387673522038,-0.7933314397518805,-3.101547892228567,806.4605869339736,712.0543392549905,0.999958950134469,1.0000786335973717,-0.0002493715012989,0.000420797475481,100.38757893976224,05_QSUN-FS1,525.02,0.0
17043.836395833332,0.0476940588620098,-0.5675288145355245,-3.092582523966204,820.3982534625133,502.1155427566735,0.99995128768911,1.000036215714322,-0.0003023575593532,0.0004663054088796,160.23765224829646,05_QSUN-FS1,525.02,0.0
17044.333429166665,0.041540680299492,-0.8882962342581898,-3.110793232786743,804.7409767321836,789.3279940364258,0.999950170006954,1.0000300614414164,-0.000394007105359,0.000601845217592,149.53228782837633,05_QSUN-FS1,525.02,0.0
17044.822758333336,0.0448388963694101,-0.8855854191815993,-3.1395826383737604,806.8880680996181,761.9494804637624,0.9999699328560344,1.0000407558751612,-0.0003508349999733,0.0005199225064687,171.45829664170134,05_QSUN-FS1,525.02,0.0
17045.31515,0.0441228996152221,-0.996953719048366,-3.1506350379265617,795.0478821934528,899.1114330656615,0.999955770627717,1.0000459409786353,-0.0003975539307057,0.0005340293365735,116.79074092207183,05_QSUN-FS1,525.02,0.0
17045.805875,0.0474331360172479,-1.0789371280757487,-3.1510515814975126,788.185489246493,956.2221903938008,0.999959969240199,1.0000312776607083,-0.0003546261840599,0.0005004706322589,102.46447261003382,05_QSUN-FS1,525.02,0.0
17046.3016,0.0457255047396813,-0.8606400356109037,-3.1242112097015915,803.1810359727131,776.462197384115,0.99995504211356,1.0000526041842317,-0.000368773727889,0.0005050954650073,142.73165926930557,05_QSUN-FS1,525.02,0.0
17046.79075,0.0495039686892155,-0.807213783359383,-3.122644173271769,802.4243124501548,733.2150944761958,0.9999029054567972,1.000043656533512,-0.0003199675586897,0.0004395788993667,165.6412584816822,05_QSUN-FS1,525.02,0.0
17047.28025,0.0501203013198312,-0.9607037320556208,-3.139709759683124,795.407884196714,869.0882412322482,0.9999557554182892,1.0000225373622902,-0.0002881236458157,0.0004103524445845,145.81369452359516,05_QSUN-FS1,525.02,0.0
17047.773258333335,0.0553372752660264,-0.7726895666522592,-3.117550382305973,804.1492079066983,697.6177454864577,0.9999136260082632,1.0000437143248524,-0.0002017124124652,0.0003155100538322,111.75786595740024,05_QSUN-FS1,525.02,0.0
17048.265566666665,0.0596499949850684,-0.6290608497578853,-3.134306511055829,806.0326034252578,568.5624783883346,0.9999571083200892,1.0000340751524257,-0.0001054687592299,0.0003001647541039,101.96947160008598,05_QSUN-FS1,525.02,0.0
17048.759533333334,0.0547491729258168,-0.5009493151248242,-3.1628016482729007,809.9177215743837,474.1556321989501,0.9999678505998628,1.0000245396391334,-0.0001808263798308,0.000366313763391,98.54949251775544,05_QSUN-FS1,525.02,0.0
17049.25385,0.0599527453772258,-0.5379469663518417,-3.1343659324129765,806.4588027845739,490.5607254770485,0.9999563077424258,1.000026287825781,-9.092626170738836e-05,0.0002993236303803,101.3881559942714,05_QSUN-FS1,525.02,0.0
17049.74352916667,0.0574128577969415,-0.7307369982868535,-3.1305986743688776,804.0725337053758,677.7365174912721,0.9999643042449096,1.000038051524785,-0.000137686525512,0.0003228101870876,102.39990499027988,05_QSUN-FS1,525.02,0.0
17050.233116666666,0.0515702383141176,-0.7852304604752478,-3.125448216987712,801.7478740962221,722.6520721588963,0.9999616006459052,1.000007081462332,-0.0002694192855627,0.0003951217779574,101.71665131076442,05_QSUN-FS1,525.02,0.0
17050.722358333333,0.056024975254017,-0.7079837096386092,-3.1217183830888366,806.9795277845569,642.2145881278655,0.999957281414083,1.0000094164696114,-0.0001712745512997,0.0003404730585679,99.30516171237774,05_QSUN-FS1,525.02,0.0
17051.212216666667,0.0502338920718496,-0.8384210504617491,-3.127704424297065,800.9073695330158,767.0797236448085,0.9999647286711308,1.0000266350838811,-0.0002606460127848,0.0004476629127452,107.08632660926436,05_QSUN-FS1,525.02,0.0
17051.702241666666,0.0519497091191663,-1.1341865796883648,-3.1508552753458305,789.8763654378758,990.4947969530828,0.9999623487946376,1.000025819693162,-0.0002458724162263,0.0004430511806776,98.71047615326368,05_QSUN-FS1,525.02,0.0
17052.191745833334,0.0546817972711886,-0.8991906954915274,-3.1203060005661265,801.0456531746967,786.0875130361488,0.9999119773868156,1.0000363703952564,-0.0002082806448517,0.0003683459039634,102.40920297818394,05_QSUN-FS1,525.02,0.0
17052.6822125,0.0583734332798407,-0.9275851713899774,-3.120437711568089,798.906835595789,841.4948393231624,0.9999642849520622,1.0000362281721855,-0.0001177306230353,0.0003206928622751,109.73347661039054,05_QSUN-FS1,525.02,0.0
17053.171625000003,0.0586802155379007,-0.8738449248840269,-3.137331540968855,798.788504369948,779.8162167110045,0.9999581603633262,1.0000300618678786,-0.0001141002364966,0.0002934646785497,106.02036638184887,05_QSUN-FS1,525.02,0.0
17053.66156666667,0.0586354853820166,-0.8447690098760872,-3.1426503963080923,801.585318404928,746.1118457485514,0.9999518263936044,1.000025027155974,-0.0001137873618668,0.000304931941545,106.38891957726108,05_QSUN-FS1,525.02,0.0
17054.151158333334,0.060080123877769,-0.8297893067291813,-3.107130759318065,800.147456378058,746.0529423188731,0.9999173759957224,1.0000308142374474,-0.000108414981142,0.0002772733733749,104.54185207174125,05_QSUN-FS1,525.02,0.0
17054.64644166667,0.0596236758077096,-0.8096543926843947,-3.1212560300018177,801.3204637745791,720.0777434339739,0.999950604984802,1.0000451626658886,-0.0001092496580522,0.0003175725173508,117.5959240117665,05_QSUN-FS1,525.02,0.0
17055.13638333333,0.0584966269958757,-0.6520189015171064,-3.140630431485948,804.4536470971528,580.5931279850164,0.9999546251482068,1.0000320050561815,-0.000114184042832,0.0003047717425754,151.18958145051317,05_QSUN-FS1,525.02,0.0
17055.627725,0.059966910367639,-0.6111505637102174,-3.1344539770703537,805.4886075789972,540.5452535925581,0.9999547942961764,1.000034354898084,-9.475275746035316e-05,0.0002824841635964,134.78581726954053,05_QSUN-FS1,525.02,0.0
17056.117316666667,0.0601044070636967,-0.748450199784218,-3.114108704536879,804.8407602559342,664.4443065638892,0.9999627949506958,1.000033392692086,-9.04250893360146e-05,0.0002793947063347,125.65019897481108,05_QSUN-FS1,525.02,0.0
17057.105425,0.0584939362694072,-0.6942623797949684,-3.1239042318936243,805.7584883794428,586.3335245295469,0.9999552850168968,1.0000445982141313,-0.0001155246291698,0.0002954893987292,111.07229789105342,05_QSUN-FS1,525.02,0.0
17057.596854166666,0.0564622589519162,-0.658683965843649,-3.0993517021354293,805.0892753295924,585.9272732663242,0.9999609040641668,1.0000241448403595,-0.0001278502029066,0.0003455500500004,103.33873867054996,05_QSUN-FS1,525.02,0.0
17058.089858333333,0.0524872952094979,-0.5362191758900239,-3.106541571807821,811.1349149854541,480.2788355822592,0.9999718659799572,1.0000439583443013,-0.0002089244655716,0.0004272078621444,103.1194526275006,05_QSUN-FS1,525.02,0.0
17058.579625,0.0468053578149569,-0.4012447205958352,-3.090570259861246,828.3876232458556,355.29363628008986,0.9999187678041828,1.0000374933377305,-0.0003096308561342,0.0005141721181024,104.92202792701002,05_QSUN-FS1,525.02,0.0
17059.073416666666,0.0425017712583748,-0.5653509989765161,-3.0777451192992094,820.257897218211,508.09785645374313,0.9999177976586936,1.0000215530108605,-0.0003747945692994,0.0005954928312152,104.99221509480036,05_QSUN-FS1,525.02,0.0
17059.564933333335,0.0481495282007553,-0.5168469781100883,-3.0810516581587213,820.8484433080671,470.7646550369813,0.9999644890091356,1.0000278611437463,-0.0002799946149698,0.0004865784076718,113.72576244249916,05_QSUN-FS1,525.02,0.0
17060.054966666667,0.0544405841451892,-0.7065363213535916,-3.125874243366149,805.2826985502976,661.9646297965594,0.999960645073602,1.0000438104088765,-0.0002163073741049,0.0003675420045704,192.0981305252163,05_QSUN-FS1,525.02,0.0
17060.546395833335,0.0537085602963645,-0.9451698145566364,-3.111782305352272,797.834510082754,828.7659789280111,0.9999507495504107,1.0000357634760906,-0.0002233353920722,0.000365483718761,169.9959661797241,05_QSUN-FS1,525.02,0.0
17061.035808333334,0.0507014026572048,-0.788120237321492,-3.130979140227456,804.8535384183997,698.1073188373659,0.999943026730082,1.0000170447862895,-0.0002758936914252,0.0003925535485165,180.84028603864195,05_QSUN-FS1,525.02,0.0
17061.529516666666,0.0571373391993773,-0.3142710936433756,-3.1130526146197446,816.4474344033777,311.4662663856645,0.9999576814499608,1.0000390696324353,-0.0001790676625447,0.0003202342863414,223.02418987774465,05_QSUN-FS1,525.02,0.0
17062.019633333333,0.0550709139191783,-0.4839796300571454,-3.123167280657665,814.349421874252,449.99259717276567,0.9999618335900364,1.0000126581675015,-0.0001863032490295,0.0003350251323672,293.1777827819037,05_QSUN-FS1,525.02,0.0
17062.511583333333,0.0558517182263533,-0.492576258255158,-3.082566542210595,814.4320803978715,447.3675255418353,0.999949320218112,1.0000277057963445,-0.0001699787211536,0.0003353220577344,301.70759096732843,05_QSUN-FS1,525.02,0.0
17063.002579166667,0.0512593469855436,-0.3367626382474194,-3.0678581748785616,824.2860004713958,321.3698713968178,0.9999533600889776,1.0000378311581712,-0.000245202809196,0.0003963892009046,328.039986945042,05_QSUN-FS1,525.02,0.0
17063.495758333334,0.0538098572669991,-0.3173651812734482,-3.10633802046805,817.9065429301413,304.854858930175,0.9999626486264857,1.0000488605038034,-0.0002130923968733,0.0003876897630119,313.5720506507215,05_QSUN-FS1,525.02,0.0
17063.98815,0.0567850212252441,-0.5524674053550767,-3.102631134013987,809.1990578650478,511.01376020371134,0.9999568855989026,1.0000425413463854,-0.0001691602894188,0.0003059769179517,221.65982744812047,05_QSUN-FS1,525.02,0.0
17064.477741666666,0.0555408468708326,-0.4547568168427197,-3.100133373812334,815.283654848198,428.1435774858031,0.9999610354511236,1.0000256184515,-0.0001900196490212,0.0003246138925896,195.09368006813705,05_QSUN-FS1,525.02,0.0
17064.96742083333,0.0584633813263496,-0.6101100412199825,-3.097533964894508,806.2261268195987,567.7669578746909,0.9999502163991216,1.0000485835134147,-0.000131686265358,0.000286296418098,219.50372924922817,05_QSUN-FS1,525.02,0.0
17065.4573625,0.0555720865782032,-0.7199384159105854,-3.092783585594306,804.7470018863871,662.1256925480391,0.9999623760796732,1.000031696444838,-0.0001804430627143,0.0003288065964534,229.8138391760244,05_QSUN-FS1,525.02,0.0
17065.946516666667,0.0533212135533637,-0.5589973954232398,-3.108509632410159,810.6572376592256,519.0194844905458,0.9999655375033404,1.0000326864195954,-0.0002076891610553,0.0003539937140738,274.4991222281624,05_QSUN-FS1,525.02,0.0
17066.43680416667,0.0513680115230904,-0.5882781366854125,-3.088796955184742,812.5646999684757,542.9869315184758,0.999955505676681,1.0000244989497389,-0.0002653165240092,0.0004244027650916,243.9883345137936,05_QSUN-FS1,525.02,0.0
17066.929808333334,0.0550698242169156,-0.3439770920698016,-3.117913547136601,816.6626694886071,327.4889312642395,0.9999653857335704,1.0000119628787891,-0.0001738218714155,0.0003450230939839,189.5411778062912,05_QSUN-FS1,525.02,0.0
17067.42159166667,0.0509405418577342,-0.6084955947372138,-3.1011043400073777,813.4925189694725,533.9222471815839,0.9999146100959008,1.000035243154949,-0.0002567912505916,0.0004028174593449,149.5163082110786,05_QSUN-FS1,525.02,0.0
17068.400508333336,0.0514994379486094,-0.3916049202581632,-3.080857499521995,824.6357066733539,354.6399301000191,0.999957977771018,1.0000336404382923,-0.0002384656295753,0.0003949383087028,99.39862177836564,05_QSUN-FS1,525.02,0.0
17068.89465,0.0459245169374836,-0.5130025925743187,-3.0661474187296536,819.4962150350719,468.3587743900442,0.9999159983320138,0.9999988710062472,-0.0003541991495538,0.000503500288674,100.62409771868332,05_QSUN-FS1,525.02,0.0
17069.387658333333,0.057355309485414,-0.2591078234594072,-3.085324419946794,815.4994640493129,240.23749930179832,0.9999636130989497,1.0000270417138812,-0.00012181156674,0.0003255319492071,97.21890972766704,05_QSUN-FS1,525.02,0.0
17069.877249999998,0.0599546214708219,-0.6200201501141831,-3.087824362559688,805.6359127655137,557.8799643640303,0.9999636833231,1.0000391571487215,-9.581962110840798e-05,0.0002922430151191,97.93465469413783,05_QSUN-FS1,525.02,0.0
17070.366666666665,0.0612538163733058,-0.405973398578588,-3.081530688668434,808.6527195429961,357.95592960485163,0.9999577139365848,1.000038428463187,-8.033616618458667e-05,0.0002813044001981,98.63773634995026,05_QSUN-FS1,525.02,0.0
17070.856254166665,0.0563442741322876,-0.9091192068436178,-3.075749299404154,800.4441384863644,793.1891291135483,0.9999188218794228,1.0000356416855252,-0.0001688074615308,0.0003267953796122,110.8662268853863,05_QSUN-FS1,525.02,0.0
17071.34549583333,0.0580401694322833,-0.7550898654935129,-3.1019372675364325,802.3179818310326,686.3290400338524,0.9999618967015448,1.0000121211951911,-0.0001143913177019,0.0002778782817718,127.03602615656268,05_QSUN-FS1,525.02,0.0
17071.836662499998,0.0600949819277268,-0.4589963384161773,-3.093153346817193,808.8546343435141,406.7470777855989,0.9999591072245196,1.0000370335340227,-0.0001034166979387,0.0002893671187717,138.3772059029187,05_QSUN-FS1,525.02,0.0
17072.326691666665,0.0572551042163469,-0.6048853636318141,-3.0727060503894865,809.3664430645729,537.4973618414158,0.9999559673693827,1.0000333237145722,-0.0001620717032479,0.0002915582029676,173.9672704663013,05_QSUN-FS1,525.02,0.0
17072.81654583333,0.0582680101631171,-0.5672869706149397,-3.087677412951464,811.2614901104193,521.795363018615,0.9999725823565454,1.000044971683285,-0.000135750489442,0.0002596193879459,184.8785348341328,05_QSUN-FS1,525.02,0.0
17073.306399999998,0.0578687161034556,-0.6032407765881703,-3.0843739779014427,807.7965508064519,549.3605753307414,0.9999616436294708,1.000038567970763,-0.0001542438824892,0.0003045870537712,209.8914243232537,05_QSUN-FS1,525.02,0.0
17073.79774166667,0.0582123447233388,-0.5171098208196264,-3.10429606204658,810.5375203382805,461.4679264030451,0.9999566696765562,1.0000376426997954,-0.0001308383412561,0.0003017959305221,229.6192969908631,05_QSUN-FS1,525.02,0.0
17074.288816666663,0.0600581065392068,-0.7901377178292297,-3.081789518078656,801.7654447384089,680.0377387696127,0.999953989089925,1.0000578492618173,-0.0001166855082582,0.0002856935859108,243.50897864793384,05_QSUN-FS1,525.02,0.0
17074.778583333333,0.0612354811081389,-0.7181195640951752,-3.0973103164168,803.089472673402,647.7045263822534,0.9999717024959258,1.0000617630488846,-5.686994397668076e-05,0.0002539124326999,259.1763770167132,05_QSUN-FS1,525.02,0.0
17075.269925,0.0561757029968046,-0.7340465045437939,-3.0664355749314507,805.2474782755046,663.0658211523157,0.999947380776226,1.00002341014129,-0.0001773063394504,0.0003275525851045,230.1724493054303,05_QSUN-FS1,525.02,0.0
17075.76030416667,0.0596575236575685,-0.413144821554999,-3.102158389114405,808.2528971038049,401.081680533112,0.9999463437469612,1.000038517984946,-0.0001074971374394,0.0002690444291986,192.6217947516241,05_QSUN-FS1,525.02,0.0
17076.250070833335,0.0562559272657619,-0.8277167444017814,-3.093823955830282,802.731231282826,725.3166197999092,0.9999594235306276,1.0000331962593858,-0.0001712691100552,0.0003276037252783,156.0002495146088,05_QSUN-FS1,525.02,0.0
17076.739925,0.0557982273484473,-0.6801796535892015,-3.076098039263324,806.9314172797392,610.0204519213579,0.9999645843473182,1.0000445026744509,-0.0001880636782097,0.0003344787938565,116.518325937349,05_QSUN-FS1,525.02,0.0
17077.229779166668,0.0562096797264191,-0.5260451015108432,-3.0809936233748383,814.4459056510087,463.4796059447925,0.9999136421437907,1.000027775639859,-0.0001870953797321,0.0003226406241373,123.56288769828286,05_QSUN-FS1,525.02,0.0
17077.719366666668,0.051105894483544,-0.6883894460884117,-3.086557687172191,808.9251723840931,608.2123556046466,0.9999574747857762,1.0000407485440077,-0.0002631305205751,0.000440712087669,101.36842006181747,05_QSUN-FS1,525.02,0.0
17078.20905,0.0508438800739655,-0.5123988944463367,-3.075364335093136,815.7519497775041,468.01604627629104,0.9999677738218724,1.0000360382188531,-0.0002548689200862,0.0004446170976038,102.11240058876908,05_QSUN-FS1,525.02,0.0
17078.700475,0.0561256950796344,-0.3589793789609545,-3.077835317325712,818.3458080500717,310.13495344469004,0.9999583499338612,1.0000389254041897,-0.0001722676757351,0.0003358036128285,106.11786140713644,05_QSUN-FS1,525.02,0.0
17079.190333333332,0.0566612453242347,-0.2628383715053375,-3.115592237922736,816.1034372539272,238.841918866319,0.999955284010262,1.000043179662287,-0.000164292540694,0.0002977446523449,148.71082392924808,05_QSUN-FS1,525.02,0.0
17079.68097083333,0.0602626932115172,-0.2327813705604717,-3.1065856335523474,812.2374880462285,204.6499588452132,0.9999615741367104,1.0000485656710645,-0.0001042011660892,0.0002682691459667,189.40151654058147,05_QSUN-FS1,525.02,0.0
17080.1709125,0.057197500372059,-0.4837522482201604,-3.072573989535512,813.1861583368791,436.4385789005837,0.9999618394797072,0.99999378210476,-0.0001425471179022,0.0003053576139328,194.7082244233301,05_QSUN-FS1,525.02,0.0
17080.661204166667,0.064147980211198,-0.36850825783745,-3.084728599773733,809.7964763112851,331.7551897467646,0.999964506641035,1.0000610718889569,-2.2180048452936942e-05,0.0002204013141598,214.31413186192816,05_QSUN-FS1,525.02,0.0
17081.15166666667,0.0564293051917087,-0.4273321438601323,-3.0424003928737875,815.435520561184,384.3492756891114,0.9999487576598256,1.0000110136332645,-0.0001636582387798,0.000335317697908,210.3409407753502,05_QSUN-FS1,525.02,0.0
17081.641433333334,0.0593108178590729,-0.395088852166496,-3.069225265697247,814.3953921989931,350.2376977544522,0.9999104650171295,1.000020312895998,-0.0001363777003763,0.0002597551115525,126.6894251357748,05_QSUN-FS1,525.02,0.0
17082.13339166667,0.0608939227779695,-0.3710731428396717,-3.0513292424255027,814.070375277324,339.41767424784354,0.999904539780596,1.0000251184766562,-0.0001103019921866,0.0002201153358087,129.67885886768877,05_QSUN-FS1,525.02,0.0
17082.622891666666,0.0624016008877941,-0.4977773557271883,-3.0941485290879864,805.5901887053603,448.3469378741437,0.999952494692098,1.0000399211151911,-9.084713494679664e-05,0.0002312360533503,124.6927632980595,05_QSUN-FS1,525.02,0.0
17083.1194,0.0615382064639128,-0.5256667906966529,-3.0848195042701585,808.3672607572578,466.8605198093361,0.9999104479309678,1.00000526274696,-9.629115581190772e-05,0.000227209397011,132.47263836635324,05_QSUN-FS1,525.02,0.0
17083.613016666663,0.0595859944753996,-0.4568451497575208,-3.0825015545157326,809.5378494858884,420.53194139069006,0.9999578599102698,1.0000321923478253,-9.36132210963735e-05,0.0002794780255815,100.67318465854704,05_QSUN-FS1,525.02,0.0
17084.105675,0.0589876268578054,-0.3709758172862348,-3.0555446547461727,815.0694636301062,306.46382159975354,0.9999156896769787,1.000028518108931,-0.0001082063866122,0.0003108225574231,105.47972334660489,05_QSUN-FS1,525.02,0.0
17084.595529166665,0.0533629767812273,-0.2890754496276324,-3.0384711408274105,818.2341031956538,228.7600166121578,0.9999521017892016,1.0000239823425494,-0.0001810959800223,0.0003834049535925,112.69859553484254,05_QSUN-FS1,525.02,0.0
17085.085645833333,0.0562865856705519,-0.7402383999568909,-3.0774994311867263,806.2485283705308,644.5826863664043,0.9999067696447778,1.0000389682942925,-0.0001464025795379,0.0003536845236372,147.3491456154871,05_QSUN-FS1,525.02,0.0
17085.575324999998,0.0509907472687313,-0.5295358453594636,-3.026242737809895,826.2772852272949,470.4758603377046,0.9999518855648054,1.0000274858804266,-0.0002718249492483,0.0004132151688193,183.06840106923065,05_QSUN-FS1,525.02,0.0
17086.067891666666,-0.6806514858808732,-2.9463558727352788,-2.220294578620837,908.284462096232,1269.4337827005183,1.0091259401220298,1.0076369214229528,0.0076733226597758,-0.0071514908590155,19.116088162433734,05_QSUN-FS1,525.02,0.0
17086.557741666667,-0.0480711720106877,-3.8765060125700495,1.0385888763893871,799.8946143307037,836.8889491457603,1.0085535126017802,1.0008624540551565,-0.0057224023075945,0.0023307781684114,35.86838010085698,05_QSUN-FS1,525.02,0.0
17087.047770833335,-0.6624440857395985,-3.3464850568356392,-3.4311333651797806,1383.7343430794128,1308.7605239548548,1.0095781813769134,1.0010092838574562,0.0025270355007631,0.0024840976555004,14.469153658583616,05_QSUN-FS1,525.02,0.0
17087.541741666668,0.0578155591102445,-0.9336235691084231,-3.022415559296967,800.6483732572285,792.2347714411853,0.9999992926554174,1.0002162832983736,-0.0001314015752361,0.0001859991413713,143.96574899657563,05_QSUN-FS1,525.02,0.0
17088.03098333333,0.0599829516167855,-0.9439804128611043,-2.839597268672234,793.7704780350277,969.5037131553,0.999889472245948,1.0001502341266335,-0.000194885317407,0.0003586797101484,159.5545418562073,05_QSUN-FS1,525.02,0.0
17088.523375,0.0623226999381489,-0.7725024517061357,-3.0736235411490296,801.6541028523484,677.3883377177805,0.9999611983344509,1.000045469712372,-0.0001041786227891,0.0002280795766059,111.32251320453624,05_QSUN-FS1,525.02,0.0
17089.015241666668,0.0580219579216096,-0.232232476739652,-3.0655491530002648,818.02674593069,212.46364871496456,0.9999659138501418,1.0000326817649716,-0.00015544188638,0.0002885542347877,104.3271142775732,05_QSUN-FS1,525.02,0.0
17089.508070833337,0.0545433205919477,-0.4800831977896953,-3.0549380607983223,814.784490322394,421.8981024204619,0.999921422505858,1.000034731690016,-0.0002065000965485,0.0003993624914294,102.49792191057156,05_QSUN-FS1,525.02,0.0
17089.9980125,0.0515730292665337,-0.420328420687159,-3.00281366423038,823.722766977483,371.9051186953568,0.9999127536262964,1.000019758050861,-0.000270553932891,0.0004187384582221,99.50777203920288,05_QSUN-FS1,525.02,0.0
17090.492766666666,0.0516258693009988,-0.6784362492982811,-3.040177771607081,811.3033795994008,573.8991057483044,0.9999579652879912,1.0000360280106937,-0.0002298692141676,0.0004508618564056,98.06770994875262,05_QSUN-FS1,525.02,0.0
17090.984108333334,0.0555672119806226,-0.3539793013086422,-3.0970883344912847,812.3129558982672,315.2461015812539,0.9999679956039568,1.0000321142897963,-0.0001667339504881,0.0003711933305109,95.73602407605044,05_QSUN-FS1,525.02,0.0
17091.473616666666,0.053977171763579,-0.5362265886069889,-3.041236216592188,815.793650705266,445.74054252351993,0.9999615060116714,1.0000842249708486,-0.0002064433770031,0.0003941840980118,102.46475096173768,05_QSUN-FS1,525.02,0.0
17091.966883333334,0.0626009886065151,-0.500792039796321,-3.0524431405759,806.4650564591648,431.9443583962923,0.9999139855842912,1.000031172703279,-5.003566024854567e-05,0.0002164129351941,118.52994950373184,05_QSUN-FS1,525.02,0.0
17092.456383333334,0.0554865970592195,-0.588544892947911,-3.062770094076846,811.5916773999758,507.6636396836805,0.9999097445389568,1.000027803779762,-0.0001967245218941,0.0003454860779364,113.39681814981022,05_QSUN-FS1,525.02,0.0
17092.94615,0.0516564008254073,-0.8322645912623737,-3.067603882930191,803.5594270129025,731.6204843896757,0.9999598287937558,1.0000408365988869,-0.0002462226835641,0.0004101262218162,114.55591915712832,05_QSUN-FS1,525.02,0.0
17093.438983333333,0.0474193285101545,-0.5041852498602791,-3.0270267932878983,820.733421331607,452.7840485614189,0.9999658186921436,1.0000379169907645,-0.0003111110281186,0.0005221066478093,105.11854741451327,05_QSUN-FS1,525.02,0.0
17093.931108333334,0.050649165943487,-0.3140704554225976,-2.9998420425603927,840.5178801725648,249.5823540625624,0.99991350167284,1.0000309625121608,-0.0002813206054468,0.0004634062413825,96.4616750832698,05_QSUN-FS1,525.02,0.0
17094.420616666666,0.0470186343978185,-0.4451532823065059,-3.0040902669008607,839.7162687196605,377.1575770497722,0.999963799791186,1.0000797893565694,-0.0003151635305669,0.0005163362948377,98.01902457798774,05_QSUN-FS1,525.02,0.0
17094.912833333336,0.0430173420647303,-0.4341565678965038,-3.0150190501281613,832.1034526350288,378.85013306623887,0.9999620894810788,1.000023953698245,-0.000379559331479,0.0005525056737593,105.59031743331342,05_QSUN-FS1,525.02,0.0
17095.402770833334,0.0463252411988337,-0.4748081588540402,-3.030308341938978,824.5158503358983,423.0297064455717,0.9999717902018028,1.0000305968683838,-0.0003217520237781,0.0005466283953126,135.41275465099594,05_QSUN-FS1,525.02,0.0
17095.89674166667,0.0465398496954803,-0.5422107417089739,-3.0256988137050893,827.0604651029163,462.3985825899454,0.9999170974257096,1.0000244136757366,-0.000338432240586,0.0005440044603075,101.17457277202573,05_QSUN-FS1,525.02,0.0
17096.392633333333,0.0461677320582389,-0.3985026418896168,-3.0291333435077608,834.3871455753706,346.8099399377061,0.9999185947526557,1.000027415250737,-0.0003352236212656,0.0005294286923765,108.48567325501108,05_QSUN-FS1,525.02,0.0
17096.884066666666,0.0514066385905978,-0.5122090925267708,-3.05367354328912,820.9457950929562,427.655955856171,0.9999551471277492,1.0000296867113136,-0.0002359999761818,0.0004309028888017,104.0862470275859,05_QSUN-FS1,525.02,0.0
17097.375233333332,0.0522189909273648,-0.5145069500050906,-3.0456923518404,821.0388707977377,430.6078908316081,0.9999158074561576,1.0000344169174231,-0.0002449823716487,0.0004178165617598,110.75443249981588,05_QSUN-FS1,525.02,0.0
17097.864733333332,0.0518206019017992,-0.6614612330966765,-3.047014743751116,815.5353799639663,574.3928310520402,0.9999564019283278,1.0000383928918606,-0.0002276004288668,0.0004237680390343,150.59485953368574,05_QSUN-FS1,525.02,0.0
17098.355199999998,0.0557477940438937,-0.5112569350784664,-3.035794617737729,816.88598436254,459.5814150283843,0.9999454821261816,1.000029345664288,-0.0001795177356446,0.0003524696043168,157.04078989351444,05_QSUN-FS1,525.02,0.0
17098.85153333333,0.0577753688957386,-0.4973124072887253,-3.0732007440189464,812.4769912855814,439.8177338888232,0.9999495430696612,1.0000370997435142,-0.0001431687610082,0.0003198654315609,125.93090427039316,05_QSUN-FS1,525.02,0.0
17099.340949999998,0.0528544663428241,-0.4932036563086233,-3.029102294497121,820.8220190853111,419.1771330035467,0.9999608423110256,1.000023713422232,-0.0002189053089327,0.0003915679660871,101.37953046797948,05_QSUN-FS1,525.02,0.0
17099.830625000002,0.0541662445737121,-0.5240123518890818,-3.050915197451123,819.0609257173305,445.6390565950903,0.9999085105386344,1.000027778103421,-0.0002294780057554,0.0003636994297094,106.15744130370204,05_QSUN-FS1,525.02,0.0
17100.322758333336,0.0559018992336051,-0.4909425419943364,-3.06499825984694,811.1754969299741,436.6503892990189,0.9999491553593978,1.000024861478297,-0.000162459803853,0.0003341118131194,133.68573316746742,05_QSUN-FS1,525.02,0.0
17100.812608333334,0.0517934875771717,-0.5052125226561863,-3.0362618795194054,820.8751821323935,432.6778311993773,0.9999158925504832,1.0000255744475024,-0.0002295959500553,0.0004165018233936,118.2464915013381,05_QSUN-FS1,525.02,0.0
17101.306579166667,0.0513273387497757,-0.531002216211523,-3.045805079103413,818.7438287548746,477.2869748083976,0.9999207968151216,1.0000294171481254,-0.0002440703969995,0.0004262303250192,97.5990879487624,05_QSUN-FS1,525.02,0.0
17101.795641666668,0.0518676246555238,-0.4812802986426864,-3.0357240921248505,818.5797300815133,422.5438201983319,0.9999574265422366,1.0000332064296082,-0.00023437814359,0.0004228980994944,98.1369911230251,05_QSUN-FS1,525.02,0.0
17102.287862499998,0.0550882444094746,-0.5548195576526943,-3.044996615174266,815.3657297658795,455.1951086470697,0.9999186982257354,1.0000354711795767,-0.0002045181360185,0.0003690229014964,97.10285878269116,05_QSUN-FS1,525.02,0.0
17102.77745,0.0577047969009634,-0.5348336832363989,-3.0380399035832624,811.5809586127772,474.3612083255541,0.9999200693402928,1.0000295935082009,-0.0001444864459578,0.0003155742953583,97.15966272696356,05_QSUN-FS1,525.02,0.0
17103.269583333335,0.0600868695890218,-0.5868959169155925,-3.054016582966569,807.0632655772841,505.3828730433832,0.9999175147907288,1.0000364103317123,-9.912335351524734e-05,0.0002655628242188,96.2846041495187,05_QSUN-FS1,525.02,0.0
17103.765124999998,0.0625447981659716,-0.5514202719193565,-3.0452416336665813,805.1646719468833,493.3881388977644,0.9999210091302811,1.0000289766815618,-9.114760784067584e-05,0.0002313982114291,113.4015424778934,05_QSUN-FS1,525.02,0.0
17104.255504166664,0.0608008254464488,-0.4940838744889787,-3.047207209360769,809.6391752179039,426.22419147492064,0.9999213079692234,1.0000251812379028,-9.04374704794136e-05,0.0002875350862037,112.4941843914899,05_QSUN-FS1,525.02,0.0
17104.74623333333,0.058344084995667,-0.4811063814669717,-3.0451930910496774,811.9321959792032,418.59503958403417,0.9999567649877472,1.0000212749479007,-0.000133087586612,0.0003107749489741,104.39484752492864,05_QSUN-FS1,525.02,0.0
17105.236,0.0560072904343484,-0.490489259384471,-3.042138913307082,814.2394540049664,432.05693457253807,0.9999634595639204,1.0000353040210543,-0.0001673459794314,0.0003363686660525,98.02511596084682,05_QSUN-FS1,525.02,0.0
17105.72559166667,0.0545860880019984,-0.5095167720059152,-3.0442418759016903,814.3537207422366,449.8358660288187,0.9999131528549552,1.0000254550899794,-0.000212878850403,0.000359187040895,102.92372218384206,05_QSUN-FS1,525.02,0.0
17106.219033333335,0.0607886146563289,-0.4639761582706452,-3.046292359791668,811.9938748398567,405.5933966357047,0.9999566558006576,1.0000240728447565,-9.420617769407076e-05,0.0002512490658069,100.42661785619345,05_QSUN-FS1,525.02,0.0
17106.717029166666,0.0541996627362895,-0.554282342108406,-3.066893108834217,815.383368682044,477.472718327723,0.9999494759976048,1.0000299381634723,-0.0002028305257961,0.0003777553872076,160.8692605238947,05_QSUN-FS1,525.02,0.0
17107.20661666667,0.0553179292127203,-0.6721389896338043,-3.040078409192516,810.3857421282457,583.9021223429908,0.999905770755779,1.0000372609970507,-0.0002096667967505,0.0003478752229889,186.08261332070305,05_QSUN-FS1,525.02,0.0
17107.6972625,0.0535503500595023,-0.4549600590244927,-3.039476112160312,822.2671872024883,395.3048766323236,0.9999503995643682,1.0000325422282168,-0.0002282758095424,0.0003884752732953,142.51223943983814,05_QSUN-FS1,525.02,0.0
17108.187025000003,0.0515468196248046,-0.5047056827196352,-3.0220980207729005,822.2202485905575,441.9351052693311,0.9999498743092272,1.0000428014968594,-0.0002626875557069,0.0004301909473513,151.768645588853,05_QSUN-FS1,525.02,0.0
17108.677408333333,0.0552515747028385,-0.5752421753848902,-3.0257481642957904,817.0489518783811,492.9793283372805,0.99994199367114,1.0000486866952345,-0.0001952676870441,0.000357518513443,181.1861919038253,05_QSUN-FS1,525.02,0.0
17109.171725,0.0551789634872584,-0.7442771236834119,-3.062183514552136,808.3008193968142,648.7276866048566,0.9999513778394126,1.0000203987248406,-0.0002019512896474,0.0003464426228657,161.98620245182516,05_QSUN-FS1,525.02,0.0
17109.66560416667,0.0559257935782293,-0.5714714902897277,-3.0403714080909405,815.7187042520361,499.74181797025466,0.9999597172250037,1.0000228387795058,-0.0001810803427715,0.0003385279926488,131.20881334652958,05_QSUN-FS1,525.02,0.0
17110.156070833338,0.0587602979928409,-0.5539460190446621,-3.055420139601589,812.7106549974383,490.84309136330046,0.9999478391640026,1.0000274382649117,-0.0001519993031794,0.0002884956108931,161.4138479356746,05_QSUN-FS1,525.02,0.0
17110.6489,0.0567713068952399,-0.7724249541777108,-3.050397907308366,805.4334952403811,672.8254170518957,0.9999525441018652,1.000038875758932,-0.0001732311540572,0.0003279290836007,154.8464200632879,05_QSUN-FS1,525.02,0.0
17111.140158333335,0.0592996176392495,-0.6320193550064693,-3.0456791432690333,808.3494692023204,551.5822065804396,0.999951806566702,1.0000353880996595,-0.0001504264115526,0.0002808421962631,139.97282807772976,05_QSUN-FS1,525.02,0.0
17111.63070833333,0.058429360311638,-0.5419257917220113,-3.0350169371827853,811.1175811754654,474.7821160939105,0.999955681873354,1.0000324254463104,-0.000151630057079,0.0002922783632799,154.24990437050803,05_QSUN-FS1,525.02,0.0
17112.120566666665,0.0603207957758844,-0.5096929737656712,-3.042852508909341,810.7802609260644,449.24430569142527,0.9999556105580356,1.0000046452659803,-0.0001005402646467,0.0002662166200618,137.09223335472467,05_QSUN-FS1,525.02,0.0
17112.613041666664,0.0602176263012779,-0.6166556945691006,-3.044967006229094,809.1013047542283,527.6025544467595,0.9999567788166848,1.0000128469475569,-0.0001123174182512,0.0002514892137479,142.47257636984668,05_QSUN-FS1,525.02,0.0
17113.103249999996,0.0573926434819227,-0.5061921035762009,-3.0391544658278686,812.1327615817869,448.6557176173732,0.9999676102707058,1.0000384943014329,-0.0001484767019586,0.0003198939662941,119.63445558414094,05_QSUN-FS1,525.02,0.0
17113.593449999997,0.0567412924961262,-0.6135176556493177,-3.03646253783128,811.9427318147702,529.2578954187156,0.9999509218070064,1.0000302861765251,-0.0001738109436479,0.0003352993676227,146.7094574866123,05_QSUN-FS1,525.02,0.0
17114.08803333333,0.0572987221041841,-0.5153218040883718,-3.0221310997782256,812.8117991395129,452.1026886602952,0.9999613639963116,1.0000259962109994,-0.0001615082760798,0.0003379117469606,209.5633702302436,05_QSUN-FS1,525.02,0.0
17114.578149999998,0.0567226820693781,-0.3799064363126013,-3.014496850943524,816.814006967719,331.3996163060325,0.9999562355795304,1.0000050223646624,-0.0001727893652099,0.0003361331893461,227.7732912664904,05_QSUN-FS1,525.02,0.0
17115.068349999998,0.0571364660166644,-0.5471185672127192,-3.0276079432024905,814.8601427415077,487.9656289677001,0.9999540785757962,1.0000411753108365,-0.0001666415921977,0.0003348680622565,162.11078554346014,05_QSUN-FS1,525.02,0.0
17115.557504166667,0.0553814452536267,-0.5539681142292258,-3.028572654268065,812.4994643508949,474.6880822434473,0.9999576928762316,1.0000482671827622,-0.0001857605282428,0.0003722779517495,154.66460502524433,05_QSUN-FS1,525.02,0.0
17116.047008333335,0.0571401670680384,-0.6427199532635839,-3.050022174219669,809.6035133830912,556.3938198823112,0.999948616051768,0.999996243132628,-0.000169025218604,0.0003169691470925,192.2658683939305,05_QSUN-FS1,525.02,0.0
17116.54185,0.060776804557421,-0.560613798951162,-3.049793087642008,807.4763057869416,483.1077359473848,0.9999637087920296,1.0000347418426123,-0.0001024696155319,0.0002666431543984,179.75512613709657,05_QSUN-FS1,525.02,0.0
17117.03468333333,0.0650765260327477,-0.5745972253454613,-3.050159997351626,805.7401768903691,484.6505414148547,0.9999484016151946,1.0000201429475826,-4.282960410108021e-05,0.0001887387062812,179.67029419171266,05_QSUN-FS1,525.02,0.0
17117.524975,0.0576588033526073,-0.46216542195763,-3.02641259069447,815.1478023571477,399.143559085365,0.999949396576612,1.0000350619289975,-0.000157941226294,0.0003069429032747,190.4775940777253,05_QSUN-FS1,525.02,0.0
17118.018416666666,0.0551010467565519,-0.5541966033774608,-3.008440017858377,816.0243593224702,480.97482792197593,0.9999513917604668,0.9999992501136544,-0.0001912427520182,0.0003496559951269,237.412116984711,05_QSUN-FS1,525.02,0.0
17118.508095833335,0.0532264477804549,-0.5748828321758078,-3.016555451990612,815.8590861048733,517.6402072240849,0.9999615386455842,1.000033596607091,-0.0002316401979546,0.0003858948357563,266.3642011921759,05_QSUN-FS1,525.02,0.0
17118.999175,0.0546492859581722,-1.065204284868651,-3.068849379895761,793.2357638690954,911.7254932654142,0.9999521445649572,1.0000366553102435,-0.0002140329739084,0.0003653005828322,223.98298992084145,05_QSUN-FS1,525.02,0.0
17119.489116666668,0.0576909378980262,-0.941473357349309,-3.055680297967338,798.8500693647592,826.5340569530808,0.9999533477463156,1.000041171784482,-0.0001581698647716,0.0003275220148418,177.66767484598867,05_QSUN-FS1,525.02,0.0
17119.978883333333,0.05586653715284,-0.9629138112594922,-3.0445157693843106,797.2828801781191,839.041427790488,0.9999164328413784,1.0000274193332543,-0.0001931322885052,0.000352802481465,121.343907201804,05_QSUN-FS1,525.02,0.0
17120.468908333336,0.051219803034377,-0.9887794781694738,-3.0524663510164167,795.5407863131561,860.5784664174035,0.9999079915713284,1.000021846303656,-0.0002603185776213,0.0004396550581327,97.48668686053652,05_QSUN-FS1,525.02,0.0
17120.962175,0.0505501613761703,-0.7894801479633505,-3.016377313676471,806.8499684222471,690.7434962774566,0.99995626110378,1.0000221398487217,-0.0002556886398439,0.0004380177832095,96.8249338946942,05_QSUN-FS1,525.02,0.0
17121.451941666666,0.0471504292564328,-0.8052805251606245,-3.027615643204167,808.2026739984843,682.8387718086645,0.9999597505493968,1.0000313786460469,-0.0003310015566259,0.0004973469162311,97.30892877912034,05_QSUN-FS1,525.02,0.0
17121.941883333333,0.0427711396315017,-0.7644418756857084,-2.991281981638202,808.6535887225102,679.2458977320592,0.999914390672598,1.000017905085187,-0.0004203239061888,0.0005575110231721,130.69915347245976,05_QSUN-FS1,525.02,0.0
17122.431825,0.0448773897506905,-0.7136345916636861,-3.034261956216965,811.9607082735846,626.7324326927504,0.999947110088419,1.0000261876921013,-0.0003906466226983,0.0005371777328021,164.89619374226365,05_QSUN-FS1,525.02,0.0
17122.92150416667,0.0526710707679056,-0.6015455542858278,-2.988588259596061,816.3692298204595,521.1645872844427,0.9999513518943638,1.000019836576948,-0.0002411073453831,0.000389030599795,188.22358536013684,05_QSUN-FS1,525.02,0.0
17123.41126666667,0.0573718293701761,-0.5578832524352614,-3.009836967941257,813.9008956867364,499.09480047795233,0.99989896861644,1.000036061686835,-0.0001780764831918,0.0003063855325775,243.92060352855185,05_QSUN-FS1,525.02,0.0
17123.904275,0.056499701336392,-0.6051668270862499,-3.033001051356503,810.2169349854662,523.800616563746,0.999954198708352,1.000022357767931,-0.0001873118097478,0.0003470193868435,241.6348209956799,05_QSUN-FS1,525.02,0.0
17124.39447916667,0.0530819886086443,-0.6666463936610802,-3.0384598298593475,808.5730972739934,584.461685853203,0.99994985978554,1.0000509099936,-0.0002310830650549,0.0004227513486647,303.2267600035576,05_QSUN-FS1,525.02,0.0
17124.887133333334,0.0527045203416616,-1.0402883522141584,-3.015410372309,792.8721727266084,914.278296521308,0.9999426982732642,1.0000496637257392,-0.0002373603777108,0.0004073090377818,299.0657714070606,05_QSUN-FS1,525.02,0.0
17125.377074999997,0.0535672946975053,-0.8653581798073584,-3.025528581105592,799.4326960809319,771.6632189203083,0.9999160479911048,1.0000237166204184,-0.0002312990741833,0.0003858676057195,255.9563799345626,05_QSUN-FS1,525.02,0.0
17125.869816666665,0.0561168989069732,-0.6523820786143787,-2.969719054350624,812.2268749628593,566.4407543363781,0.99993787450996,1.0000343774206326,-0.000186540170514,0.0003291538812282,292.1757951615605,05_QSUN-FS1,525.02,0.0
17126.36063333333,0.0567246735392747,-0.9196527512321528,-2.977163582376349,799.4627641870533,794.4813894754565,0.999950246912208,1.000053485302998,-0.0001832810424226,0.0003355253461961,259.767221309826,05_QSUN-FS1,525.02,0.0
17126.853375,0.0555849787894514,-0.7461101523262542,-3.024573176701097,806.5365795867458,648.619097073115,0.9999400112906124,1.0000415045979878,-0.0001953122984262,0.0003337116516058,276.5465081492821,05_QSUN-FS1,525.02,0.0
17127.345941666666,0.064588821840168,-0.5317480958221315,-3.0244292803163315,804.7756303271626,455.0751792082633,0.9999596208037838,1.0001040089640711,-2.347478864983306e-05,0.0002114846312377,239.7947788890445,05_QSUN-FS1,525.02,0.0
17127.8388625,0.0583714715076315,-0.6257804067441243,-3.001718021042143,810.148855343628,531.8077141624882,0.9999324977634771,1.0000173314920682,-0.0001526991809524,0.0003051866638587,296.366121047869,05_QSUN-FS1,525.02,0.0
17128.328716666663,0.0534450338074768,-0.6428576480923691,-3.024667337246912,814.7084687155643,549.7396111123998,0.9999443654904602,1.000038938102504,-0.0002332243236847,0.0003921086439255,329.16994042384056,05_QSUN-FS1,525.02,0.0
17128.82137083333,0.0598304216027845,-0.8132269639675956,-3.029728215332611,801.6135061320541,726.8586639548964,0.9999648713706756,1.0000619678070917,-0.0001517700162912,0.0002935269110083,345.48742606381,05_QSUN-FS1,525.02,0.0
17129.31595,0.0621387832892239,-0.9018545334249342,-3.0161231187682405,799.492923158266,793.9734492248758,0.9999522996654104,1.000028551068757,-6.694601196362285e-05,0.000231375895306,327.1151199865358,05_QSUN-FS1,525.02,0.0
17129.80528333333,0.060109728766526,-0.6677020835222705,-2.987839596810722,807.2354000210362,599.3399719493443,0.9999321818637132,1.00000838785332,-0.0001337152034972,0.0002446105731337,313.95338667136684,05_QSUN-FS1,525.02,0.0
17130.295658333333,0.062961344698206,-1.0248812753553052,-3.027690154856106,797.6384675909882,905.5019265264516,0.9999655574354918,1.000051052692979,-5.948606312684722e-05,0.000222254410255,305.74285054231547,05_QSUN-FS1,525.02,0.0
17130.788399999998,0.0640574630669574,-0.7348536832226714,-3.035347508429924,802.644608214542,639.732321663139,0.9999481508490612,1.0000501365571195,-5.5402299050537984e-05,0.0002048520502423,271.5458658875029,05_QSUN-FS1,525.02,0.0
17131.277729166664,0.0611015167424303,-0.8821670513919226,-3.001686716179074,799.330501824398,787.6990758852593,0.9999511546858244,1.0000246214342412,-0.0001267268364283,0.0002543037203252,264.2385189734181,05_QSUN-FS1,525.02,0.0
17131.767583333334,0.058108158097504,-0.97677544872704,-3.033359697822662,795.5343767480583,879.7203270536787,0.9999463764792385,1.0000230011636195,-0.0001576485464472,0.0002739056182134,247.51001704874105,05_QSUN-FS1,525.02,0.0
17132.256999999998,0.0552521462276099,-0.8559743852445179,-3.0249226682434425,799.7142675594337,775.2221385421595,0.9999377081441628,1.000039038696476,-0.0002060673363037,0.0003279967923925,237.5754689259755,05_QSUN-FS1,525.02,0.0
17132.74755,0.0564583419614381,-0.9941545294813487,-3.030613199715696,795.6698610209601,878.0472103391381,0.9999472547081176,1.000028049041337,-0.0001798774646578,0.0002968415050183,219.2507982265479,05_QSUN-FS1,525.02,0.0
17133.23679166667,0.0568224506878252,-0.7322214448571647,-3.000429937797908,806.157735866478,637.9613195966639,0.9999044572038296,1.000036480343657,-0.0001854819386328,0.0003166664274888,182.72388050734355,05_QSUN-FS1,525.02,0.0
17133.726908333334,0.061127044071571,-0.7033231357975028,-2.9972599613584703,805.7971423338969,615.1300451917041,0.9999115780425132,1.0000218899694997,-0.0001036227096345,0.0002248025478036,137.88962993316656,05_QSUN-FS1,525.02,0.0
17134.220175000002,0.0575363902589306,-0.9094514665041952,-3.0354964920935426,800.0401130478464,789.6782130165714,0.9999548968687452,1.000022345370713,-0.0001590036554635,0.0002851732097092,101.08311436721829,05_QSUN-FS1,525.02,0.0
17134.710116666665,0.0584707852499717,-1.0871465582778683,-2.9847317507015307,794.5936198021348,926.1766253514302,0.9999128643318193,1.000013918802665,-0.0001690687890066,0.0002703105153091,116.99998510346856,05_QSUN-FS1,525.02,0.0
17135.199883333335,0.0563172077467303,-1.1716597280638037,-2.9792581006719936,790.6745406907266,1003.801539331047,0.9999536963097686,1.0000170690073191,-0.0002024952643824,0.0003154522097064,112.22334763084385,05_QSUN-FS1,525.02,0.0
17135.6935,0.0580989726350477,-0.4102056110637847,-2.983431989133283,820.9382063455259,364.3982113042647,0.9999055798297654,1.000030099862396,-0.0001623474319546,0.0002775644471929,112.76234808770526,05_QSUN-FS1,525.02,0.0
17136.182833333332,0.0528469032882332,-0.6837025250001161,-2.987123382549438,810.6934824642127,619.870342384424,0.9999039596711584,1.000021662838682,-0.0002488400982534,0.0003830922910946,100.4471315466444,05_QSUN-FS1,525.02,0.0
17136.674783333332,0.0546198843746231,-0.8034069041281765,-3.0172723690758683,805.6575625467765,696.4991568840542,0.9999182727521104,1.00002670804014,-0.0002213905862335,0.000348233357122,105.09964833450243,05_QSUN-FS1,525.02,0.0
17137.164816666667,0.0520808911688963,-0.69373026616245,-3.012106099389616,808.5119754887459,616.6834284262708,0.999974140919881,1.000039540125903,-0.0002561971328635,0.0004366176226838,111.84956694687612,05_QSUN-FS1,525.02,0.0
17137.654316666667,0.0574122154478913,-0.8559554310586407,-2.9906578989574024,803.5414170175688,764.0770218775916,0.9999471437263868,1.0000311787181746,-0.0001743422388611,0.0003061962393118,120.93415543398432,05_QSUN-FS1,525.02,0.0
17138.145833333336,0.0580830677138798,-0.8768884280198442,-3.0135819887186144,801.0558124657624,765.1061734657711,0.999913318042356,1.0000279597329005,-0.0001664527570944,0.0002756928882025,108.95065339191216,05_QSUN-FS1,525.02,0.0
17138.6363875,0.0602549614609856,-0.8699409678882601,-3.0573063227495307,799.8238291703417,764.0617638842681,0.9999522224182672,1.000084789299998,-0.0001055903513949,0.0002671981178944,113.14108717301087,05_QSUN-FS1,525.02,0.0
17139.130183333335,0.0524438360773975,-1.214908325801829,-3.050705872625943,786.7725353760682,1047.038708419487,0.999960826488624,1.0000250535741684,-0.0002438767689773,0.0004020097132574,115.71716486850414,05_QSUN-FS1,525.02,0.0
17139.625637499998,0.0458572463481056,-1.0779195880033117,-3.045056001040103,789.5469149852867,946.394343258823,0.9999513650697632,1.000030028222945,-0.0003621125110588,0.0005276442014297,116.46437744435424,05_QSUN-FS1,525.02,0.0
17140.115316666666,0.0571784185711776,-1.0110793256075583,-3.0127194786189886,796.3105251848561,880.8061276793136,0.9999556264408064,1.0000188807213417,-0.0001853793333561,0.0003248549449685,97.2582383761044,05_QSUN-FS1,525.02,0.0
17140.604641666665,0.0546262520215662,-0.7144811157236153,-3.020426515472537,809.7269314444186,621.8182118105763,0.9999224713782858,1.0000426613438833,-0.0002010832908821,0.0003227161050031,107.52680175775431,05_QSUN-FS1,525.02,0.0
17141.098612499998,0.056694852302046,-0.77579411259728,-3.020874542273933,805.4405451202471,664.3752313599555,0.9999038068689248,1.000037740787149,-0.0001561566026539,0.0002868274524829,124.094780853241,05_QSUN-FS1,525.02,0.0
17141.591091666665,0.0518360908209571,-0.7316424511614985,-2.982511149606212,807.8233706490424,630.6127475034575,0.999959024660826,1.000040659572835,-0.000261349686195,0.0004213590656638,159.15124187672268,05_QSUN-FS1,525.02,0.0
17142.084275,0.0530679712037086,-0.680503737566259,-3.0081150910107723,810.3085792290117,591.2900623177816,0.9999558606492877,1.0000437921516991,-0.0002465468094525,0.0003752265964168,176.97150428232672,05_QSUN-FS1,525.02,0.0
17142.577891666664,0.0505574449241014,-0.6540396177475736,-2.9631546918692897,814.7641724461208,567.7770959710858,0.9999586489289216,1.0000344963900358,-0.0002914132869989,0.0004332419848234,185.1949264431076,05_QSUN-FS1,525.02,0.0
17143.068708333332,0.0501021328961533,-0.7022039904421272,-3.000249739568001,814.2410528356066,590.0076294927811,0.9999614515096226,1.0000309755577526,-0.0003084982635963,0.0004478937059954,141.82382770985907,05_QSUN-FS1,525.02,0.0
17143.558558333334,0.05376865732682,-0.7707673830329572,-2.975546204732598,808.0747322676017,656.717270456619,0.9999502489345116,1.0000166916609563,-0.0002450613697138,0.0003869792112855,159.57007230419808,05_QSUN-FS1,525.02,0.0
17144.047974999998,0.0503343387342985,-0.8953437432348745,-2.9851835017117816,802.7301958025354,783.6024413277185,0.99994336538651,1.0000521218558656,-0.0002834842718877,0.0004457369008572,196.6159168840557,05_QSUN-FS1,525.02,0.0
17144.542733333332,0.052005242979184,-0.4451757917451809,-2.9916358149967794,828.8012824866124,388.1429643863578,0.9999557016769586,1.0000470530551988,-0.0002453057541697,0.0003899384695448,254.8413032995849,05_QSUN-FS1,525.02,0.0
17145.035916666668,0.053222176763417,-0.5159318810697489,-2.961323307837855,825.7759121903698,440.3476314296497,0.9999361219427976,1.000017878448234,-0.0002347259880367,0.0003766740590881,312.5285008349789,05_QSUN-FS1,525.02,0.0
17145.52559166667,0.0560165474284095,-0.6797475174966012,-2.9962817388396905,809.1880386144279,588.0076336245357,0.9999595279695612,1.0000425623613756,-0.0002046416267862,0.0003496160217545,270.4603196179844,05_QSUN-FS1,525.02,0.0
17146.017545833332,0.0575763938555199,-0.6350005035414615,-2.9940747070521243,808.9817502534484,561.8589507349094,0.999938120422497,1.0000313455988354,-0.0001803761320542,0.0003209969075874,286.5006334122472,05_QSUN-FS1,525.02,0.0
17146.5069625,0.058668463000422,-0.4822195763632294,-2.9836601590581764,811.945186455133,429.67758101165697,0.9999601749646084,1.0000277954153192,-0.0001489241908232,0.0002976064027884,264.1041928398433,05_QSUN-FS1,525.02,0.0
17147.00128333333,0.0522525784574434,-0.4204441933358299,-2.9671388973588275,819.6870989830052,373.8025743829886,0.999958405729662,1.0000303654022036,-0.0002577300529118,0.0004122693139747,289.5975035530995,05_QSUN-FS1,525.02,0.0
17147.491133333333,0.0485809064309776,-0.7312491200263458,-2.982127723988047,811.2692313497361,632.1171360209067,0.9999483883593352,1.000038913560389,-0.0003326708779534,0.0004801721929401,341.8736122860927,05_QSUN-FS1,525.02,0.0
17147.980900000002,0.0500664733387099,-0.6630504695899343,-2.9815134441915,814.3582776654965,572.5723936789298,0.9999371759522724,1.0000443679989282,-0.0003108286104985,0.0004526886849154,325.6869908092714,05_QSUN-FS1,525.02,0.0
17148.471100000002,0.0546956821871612,-0.5551475385391353,-2.976329937644942,817.8351297521198,475.81135013732575,0.9999543250808872,1.0000358734596206,-0.0002225751256842,0.0003825412440017,253.74701422417485,05_QSUN-FS1,525.02,0.0
17148.965770833336,0.054593083120796,-0.896226974645805,-2.992437948523655,802.6376769340603,756.4037202490049,0.9999567997036,1.0000419472163642,-0.0002226856771387,0.0003791134873792,230.8989057316999,05_QSUN-FS1,525.02,0.0
17149.45799166667,0.0573739260771757,-0.5874050137482502,-2.987485409733056,813.0807171767271,533.455687792195,0.9999625923734254,1.0000397545911008,-0.000190240251451,0.0003259646193879,188.55644209727,05_QSUN-FS1,525.02,0.0
17149.947841666668,0.0579477954975339,-0.7349315294329407,-2.978873200080268,807.7777793718333,629.2448508834532,0.9998974757132408,1.0000129715557746,-0.000180605576331,0.0003036679029405,206.54839352208865,05_QSUN-FS1,525.02,0.0
17150.437345833336,0.0571617497030597,-0.6381518720627006,-2.9911721155413384,810.589823137526,540.7541680977164,0.9999399222240444,1.0000197036593776,-0.0001474408296494,0.0003336136290152,234.4802199915761,05_QSUN-FS1,525.02,0.0
17150.930875000002,0.0568386131923649,-0.7189062327679733,-2.9727613345350727,807.5141500463953,635.8586756780893,0.999966093683252,1.0000130138966787,-0.0001778001418589,0.000329457547692,223.3221846904241,05_QSUN-FS1,525.02,0.0
17151.423533333334,0.0578185044579241,-0.7375126180067211,-2.987896862737585,806.4626120966059,631.3738066703568,0.9999520055564772,1.000014251295005,-0.0001606972601321,0.0003106312285784,222.781454682489,05_QSUN-FS1,525.02,0.0
17151.9172375,0.0576267007131099,-0.7518353124099759,-2.9796396166184183,806.3768381097938,639.8982772199329,0.9999042755348954,1.0000310857415904,-0.0001706480275997,0.0003076483933331,193.38841780632347,05_QSUN-FS1,525.02,0.0
17152.408666666666,0.0568490038731262,-0.735278962768166,-2.983981456443304,807.3782159671196,641.291954916043,0.999902426986618,1.0000314000427168,-0.0001785728145171,0.0003164865077035,176.11976941457428,05_QSUN-FS1,525.02,0.0
17152.898170833334,0.049565460584223,-0.7450093056513178,-2.9674372404858844,810.3154603166421,650.2771845853639,0.9999576988710824,1.0000339259179094,-0.000299248810809,0.0004424192929912,133.11289900911905,05_QSUN-FS1,525.02,0.0
17153.393975000003,0.0490292875267883,-0.7107576881215895,-2.9646598124784167,815.5066048973719,593.0110487400824,0.9999123990658804,1.0000260193506505,-0.0003060914739175,0.0004572711922298,124.458854068514,05_QSUN-FS1,525.02,0.0
17153.887066666666,0.0532630173446463,-0.7678348308361616,-2.978808712105488,810.7434321630848,636.9163972208039,0.9998860295375854,1.000020758519237,-0.0002389703150632,0.0003752654147284,101.27648456167918,05_QSUN-FS1,525.02,0.0
17154.376483333333,0.0529193404305328,-0.6505551639018603,-2.9762061283331933,815.6343898529461,553.1029777491405,0.999956838318397,1.0000318674700706,-0.0002260298102556,0.0004022319609586,98.30240135444164,05_QSUN-FS1,525.02,0.0
17154.866866666667,0.0537426375080701,-0.5906498410049479,-2.978482317498727,815.3162128425449,500.6534508244856,0.9999596631088156,1.000015282059613,-0.0002194236716571,0.00041148485612,95.83195801676224,05_QSUN-FS1,525.02,0.0
17155.356891666666,0.0499673906465892,-0.5716088440026822,-2.974980590223153,817.2537373084466,498.6004958530335,0.9999142718832282,1.0000251526978674,-0.000292850163992,0.0004848419866263,102.73207581696737,05_QSUN-FS1,525.02,0.0
17155.846749999997,0.0498761998556342,-0.5582947624227039,-2.977576876603751,820.546468109542,483.8524945818297,0.9999517148298528,1.000028678255883,-0.0003045453589616,0.0004604542698337,107.9170054352452,05_QSUN-FS1,525.02,0.0
17156.343079166665,0.0437493674284795,-0.8131009056016253,-2.990903723838527,806.3029110860174,704.9027273559059,0.9998943325018638,1.000022910811488,-0.0003918329084524,0.0005797486172453,108.57269380167736,05_QSUN-FS1,525.02,0.0
17156.83223333333,0.0411660103233392,-0.657305063351827,-2.9960598911034846,816.9986822044515,584.6253610639634,0.9999063682938456,1.0000161150473637,-0.0004389063724114,0.0006143033075144,138.61892474111966,05_QSUN-FS1,525.02,0.0
17157.32173333333,0.0473940087488498,-0.7364107206040071,-2.988274457919317,810.430143686235,634.0765784275892,0.99995817075502,1.0000293011071772,-0.0003437512159829,0.0004810656123876,224.68579786443988,05_QSUN-FS1,525.02,0.0
17157.813866666664,0.0494357268508142,-0.693263306890452,-2.96358545781138,810.1454340409499,609.1942107543804,0.9999421925424729,1.0000122835342695,-0.0003122772996053,0.0004738624229136,258.90737112683206,05_QSUN-FS1,525.02,0.0
17158.303716666665,0.0480008379940541,-0.5939448404783926,-2.9670233415594804,818.0135132297496,528.2658459128205,0.999953786844065,1.0000404594649823,-0.0003321288193372,0.0004852382803097,225.9979361068506,05_QSUN-FS1,525.02,0.0
17158.7971625,0.0492793304958214,-0.6137825766449913,-2.9768400778607225,818.6812225290901,521.8069190083958,0.9999488368359136,1.0000419560419416,-0.0003171266372883,0.0004539227210985,230.7085900537739,05_QSUN-FS1,525.02,0.0
17159.286841666668,0.0502071395588273,-0.7087566960921982,-2.9858919546362466,814.2367791980374,594.6065262860411,0.9999464633037048,1.0000344252034696,-0.0002833037392024,0.000445268799463,215.3630931493136,05_QSUN-FS1,525.02,0.0
17159.776433333333,0.0513287760111498,-0.6712270298382161,-2.9946096819116192,812.4882741793399,588.2997090727059,0.99995203669866,1.0000222102194822,-0.0002685581312856,0.0004181213860078,253.5474586855092,05_QSUN-FS1,525.02,0.0
17160.267333333333,0.0552044376709421,-0.6264411744974367,-2.9781105653389783,810.8120185991387,544.762432195975,0.999950522107274,1.0000386362822415,-0.0002118181739438,0.0003535536872918,257.7813780075176,05_QSUN-FS1,525.02,0.0
17160.757975,0.0540023764108129,-0.6165764654455449,-2.992008725051857,811.6445070630699,548.1768899282156,0.9999526447691234,1.0000287273750514,-0.0002387858679226,0.0003972734022217,232.2868576776964,05_QSUN-FS1,525.02,0.0
17161.251416666666,0.0492983359511916,-0.6681143507945684,-2.969634748654965,813.3190081656818,564.1983574630168,0.9999091563200728,1.0000407067053234,-0.0003207967432351,0.0004597264788701,165.66133722490048,05_QSUN-FS1,525.02,0.0
17161.7448625,0.0501417192146768,-0.6118283244616951,-2.9734529586587994,817.0992997565315,517.969506419374,0.9999103246388144,1.000006865367137,-0.0003001408111105,0.0004387022888779,145.1380108634093,05_QSUN-FS1,525.02,0.0
17162.23454166667,0.0442831606713459,-0.793599888197568,-2.961961175289974,808.2746172908028,675.7258664795748,0.9999662515065104,1.000030574966586,-0.0003835639139601,0.0005687681027466,94.43941482381986,05_QSUN-FS1,525.02,0.0
17162.72448333333,0.0459819369699099,-0.7427477975883792,-2.964306194002959,811.3921040335784,634.973682769331,0.9999482134846308,1.0000254707740124,-0.0003452523269669,0.0005410603999735,150.67988668086724,05_QSUN-FS1,525.02,0.0
17163.216783333333,0.045644439556014,-0.7582444322272465,-2.9658707229215664,812.7742500299788,639.428129078309,0.9999541977754932,1.000035166713665,-0.0003540871926284,0.0005455101223161,159.19212759762414,05_QSUN-FS1,525.02,0.0
17163.70655,0.0460050014492132,-0.7162468174121756,-2.9632590637345686,814.5981761380935,630.0270116099921,0.9999744576127596,1.000031896154827,-0.0003487029421856,0.0005432196058882,123.76452700026734,05_QSUN-FS1,525.02,0.0
17164.19631666667,0.0471284411342053,-0.6598302641119427,-2.966746401372455,816.7034415555254,548.7496663973484,0.9999087072278748,1.0000121324552602,-0.0003379810963138,0.0004947744373533,117.01380587847528,05_QSUN-FS1,525.02,0.0
17164.68635,0.0463365848884574,-0.7511601485928335,-2.9700805624192017,813.3835349374897,611.0221915166552,0.9999200559077052,1.0000262426604485,-0.0003602800413594,0.0005348501194945,94.54724440765158,05_QSUN-FS1,525.02,0.0
17165.1757625,0.0451058467052401,-0.721944457702286,-2.9740650184383166,811.7215385903553,623.4031805539142,0.999962910229808,1.00002804940209,-0.0003666872483782,0.0005525550772646,94.06602913652772,05_QSUN-FS1,525.02,0.0
17165.670783333335,0.0444369343969954,-0.7275243760906948,-2.9657438159817304,813.9336953679087,625.5675819747926,0.999954244260547,1.000035686027713,-0.0003701525159296,0.0005743517527843,102.57730148948848,05_QSUN-FS1,525.02,0.0
17166.160458333336,0.0445809573542613,-0.7192854334823474,-2.9529049867741897,816.4494820310563,614.1293750642438,0.9999196037756614,1.0000384328504583,-0.0003875697149926,0.0005456281558659,96.4451436271214,05_QSUN-FS1,525.02,0.0
17166.650400000002,0.0443993139974807,-0.687097240441306,-2.968861396342472,816.7309419170095,577.5067284406356,0.9999179525732184,1.0000249157610064,-0.0003865676479198,0.0005648042178273,95.44493793717602,05_QSUN-FS1,525.02,0.0
17167.13999166667,0.0544302232994959,-0.928018557926463,-2.976799216860764,796.3816236899052,787.3803135031086,0.999929784677912,1.0000425292360728,-0.0002273057332458,0.0003683672592852,108.84308331000145,05_QSUN-FS1,525.02,0.0
17167.629845833333,0.0592375065593488,-0.8503672789002983,-2.978897187417307,801.4044302500129,733.4099018275172,0.99994932149659,1.000027643551088,-0.0001493899224345,0.0002869373714869,158.24644857342446,05_QSUN-FS1,525.02,0.0
17168.122675,0.059815347914809,-0.7124759026313318,-2.954106687525344,805.3793381981578,611.0724458412404,0.9999529311905384,1.0000526446470694,-0.0001204863814672,0.0002621122405671,175.02974807634888,05_QSUN-FS1,525.02,0.0
17168.612616666665,0.0576078757235586,-0.8867855789719848,-2.961609874110586,799.8014643031579,749.4288645021958,0.999902761286679,1.000042182613446,-0.0001667825165816,0.0002945912782564,147.8242652356997,05_QSUN-FS1,525.02,0.0
17169.10588333333,0.0609271355446782,-0.7113007694814765,-2.9539358286258905,805.4815158700904,581.595181625915,0.9999049776481808,1.000046748670962,-0.0001054836871008,0.000238690488509,202.446734231948,05_QSUN-FS1,525.02,0.0
17169.595825,0.0586605068513315,-0.6934223296244619,-2.9571736536387867,806.2711450956596,586.4140437333305,0.9999387541486916,1.0000302165166643,-0.0001379025455183,0.0002928368636363,229.52862812906164,05_QSUN-FS1,525.02,0.0
17170.088741666666,0.0587703121277187,-0.6283067412523134,-2.9648638323819814,809.3968078474968,533.5845982018774,0.9999622204407425,1.0000322572020728,-0.0001382334360406,0.0002963775717845,218.50137483897487,05_QSUN-FS1,525.02,0.0
17170.582625,0.0586845986438873,-0.6607605871882054,-2.959572953105324,806.7111789759225,580.212220003748,0.9999460668007256,1.0000418089365335,-0.0001443499386568,0.000302208623435,219.47255264015828,05_QSUN-FS1,525.02,0.0
17171.072041666666,0.0605156827624142,-0.6998850238036325,-2.970099360522471,805.0037420980714,604.0644138015427,0.9999438570834228,1.0000308662200394,-0.0001241792352827,0.0002681274509359,211.79149869137973,05_QSUN-FS1,525.02,0.0
17171.564866666664,0.0595731680747805,-0.7266232336611361,-2.969866143594792,805.1669940113998,640.9912862429475,0.9999444694596332,1.0000282927224011,-0.0001273617737746,0.0002667790563935,198.45018399033205,05_QSUN-FS1,525.02,0.0
17172.055249999998,0.064410091455987,-0.7536910635087811,-2.954441178887776,801.8806324540144,649.7749885285283,0.9999473492826956,1.0000322955730152,-3.0931519425169386e-05,0.0001737533516981,179.11306663520213,05_QSUN-FS1,525.02,0.0
17172.544575,0.0689033472647297,-0.8076291363628479,-2.948839828289835,799.0165267995063,698.8944237008136,0.9999045597247568,1.0000493743452814,2.6039024217450144e-05,0.0001302621117673,164.79954376471414,05_QSUN-FS1,525.02,0.0
17173.034691666668,0.0675453116758982,-0.7978388026122399,-2.962405387939448,800.093386221994,677.386675586057,0.9999555051052588,1.000032666962713,-2.6197191801993566e-06,0.0001478079531191,213.3421670372008,05_QSUN-FS1,525.02,0.0
17173.528749999998,0.0668882754297808,-0.8018219224769408,-2.9525486558251908,800.9702926048545,672.9985503406302,0.99988476625748,1.0000315525553056,-3.182784513229256e-05,0.0001627439296147,249.37067050050192,05_QSUN-FS1,525.02,0.0
17174.018425000002,0.0658299026378209,-0.8116159603219801,-2.9573519432223474,801.1077071141347,693.800974823641,0.999945508690974,1.0000128544968012,-2.4002997530057778e-05,0.0001629507084222,209.1759633838586,05_QSUN-FS1,525.02,0.0
17174.51108333333,0.0658005335355155,-0.8725934042125281,-2.946567121748483,799.6131852383182,742.8062099880423,0.9999477340066456,1.0000435875279976,-5.039913731381669e-05,0.0001588952842181,158.22029050629345,05_QSUN-FS1,525.02,0.0
17175.001375,0.0644412176026141,-0.7904031941530074,-2.9532287123055765,801.3384808032902,679.1063193158462,0.9999396917573018,1.000019429459564,-3.110065828655361e-05,0.000191895866539,213.09113476885224,05_QSUN-FS1,525.02,0.0
17175.490525,0.0625783108749075,-0.887952349101024,-2.955639637755165,800.2643249348604,748.3266401074882,0.9999594305270588,1.0000385962824745,-9.224992128971668e-05,0.0002073631117347,174.18004067095777,05_QSUN-FS1,525.02,0.0
17175.980733333334,0.0622792983279599,-0.8466030313061378,-2.960242503106865,800.6082067290198,733.4705523371873,0.9999539391413907,1.0000524024443809,-9.202299951420311e-05,0.0002274083303199,157.84759559298033,05_QSUN-FS1,525.02,0.0
17176.474608333334,0.059867094010467,-0.8610180839886218,-2.962472095608645,801.4830313443963,735.4952301267919,0.9999470586234972,1.00005253028055,-0.0001217293785845,0.000258062786662,190.8540331168945,05_QSUN-FS1,525.02,0.0
17176.968754166664,0.0583760879536064,-0.9431772481760706,-2.9604010830463445,800.0082095594231,798.4287605880656,0.999908677033629,1.000025096284015,-0.000157156273543,0.0002954015749625,168.7626456369451,05_QSUN-FS1,525.02,0.0
17177.459483333332,0.056566276364046,-0.7748834448997727,-2.9527826735523344,807.0543009370157,666.2940826834335,0.999958360751072,1.0000312226125163,-0.0001751208495261,0.0003139721007837,149.09220929697096,05_QSUN-FS1,525.02,0.0
17177.9502125,0.0547601017258946,-0.8148357439920579,-2.9474824242267603,806.4820123979804,678.7711247014017,0.9999044189960574,1.0000435348249406,-0.0002086762672143,0.0003582337927828,132.79682627723716,05_QSUN-FS1,525.02,0.0
18037.974191666668,0.0792063320698593,-0.8488718147855226,-3.221726370303874,813.3329584145442,1070.6549375726531,1.000207295264023,1.000239072614918,0.0001865080306381,-3.337316317516352e-05,287.6544380747659,06_SPOT_AR2,517.0,0.0
18039.338425,0.0400155254944247,-1.480221613228421,-3.441018491538656,909.8289794352238,1398.7360141851832,0.9999131473099756,1.0000161203743438,-0.0004436473362877,0.0005906483510754,123.94449699268245,06_SPOT_AR2,517.0,0.0
18040.788375,0.0401363359955815,-1.499439825433369,-3.240250062599244,1065.628784674606,1399.9551837970987,0.99990844432633,1.000026901449156,-0.0004597226811753,0.0006079269421786,126.4345180098728,06_SPOT_AR2,517.0,0.0
18042.1604875,0.0440121653012049,-1.499097921375346,-3.3026784017386146,999.4930065012056,1399.999946472892,0.9999037848655492,1.000039626566923,-0.0003600666271871,0.0005366833337963,126.64326973848272,06_SPOT_AR2,517.0,0.0
18043.5255125,0.041553035206473,-1.4699668082315642,-3.477970380098034,884.9781302504985,1398.5393687230014,0.9999396725909712,1.0000249125121898,-0.0004381517035605,0.0005923263694575,124.85413756292942,06_SPOT_AR2,517.0,0.0
18044.88790833333,0.0381551490633954,-1.484454451197362,-3.2958311264056968,1044.8191665719798,1397.729777953609,0.9999095503308008,0.9999867749659234,-0.0004627782130777,0.000642068470908,125.67310885930245,06_SPOT_AR2,517.0,0.0
18046.250304166664,0.0418532031772249,-1.525268459714228,-3.2312659695777426,1059.0176783022252,1399.999953603706,0.9999010231762646,1.0000162260496426,-0.0004434400823957,0.000617705130866,131.5059794088209,06_SPOT_AR2,517.0,0.0
18047.613141666665,0.0512164924933672,-1.497777971887854,-3.4613766729234,914.4323980532514,1399.3138911645765,0.9999086134675476,0.999985580842345,-0.0002326908375971,0.0004065219688647,124.3605435858502,06_SPOT_AR2,517.0,0.0
18048.98219166667,0.0471254916849386,-1.4737049808165068,-3.476880130340545,898.2730699411086,1399.999941909194,0.99994469483748,1.0000017540771202,-0.0002982162753316,0.0004586261404543,125.92558922791729,06_SPOT_AR2,517.0,0.0
18050.3515,0.0488888152720207,-1.4908262200138278,-3.387626646300998,958.9954692682028,1399.9999418414145,0.9999145157904696,0.999999279095462,-0.0002725821264476,0.0004437452780341,130.02278370276625,06_SPOT_AR2,517.0,0.0
18051.885941666667,0.0429159120228076,-1.4754473135823265,-3.448442082004856,889.2505688637517,1399.9999418466557,0.999912902043777,1.0000271127855431,-0.0003862067251506,0.000547017207576,125.69317473269328,06_SPOT_AR2,517.0,0.0
18053.337466666664,0.0366466517662845,-1.4835235648553855,-3.501138557822408,851.9098860045151,1399.9999418414145,0.9999471307186484,1.0000219486354782,-0.0005109513565927,0.0006689822813134,125.74962689882015,06_SPOT_AR2,517.0,0.0
18054.78715,0.0379533933296738,-1.2422398462680957,-3.624885095848606,775.182576925225,1218.462557316258,0.999912603795172,1.000027040559675,-0.0004681747722636,0.0006569643902659,129.41494852347964,06_SPOT_AR2,517.0,0.0
18056.239725,0.037613754635435,-1.4503471241265786,-3.513335858950921,856.4323461569826,1399.9999418414145,0.999908801712268,1.0000241480215968,-0.0004424748241402,0.0006639456530481,129.38223575125727,06_SPOT_AR2,517.0,0.0
18057.775125,0.0309043086708577,-1.454215698967389,-3.515681045935162,863.1482657368138,1398.0910751649683,0.9999498901465748,1.0000125904919217,-0.0006129160140272,0.000753664396622,131.27712072301446,06_SPOT_AR2,517.0,0.0
18059.2256,0.0381081546387962,-1.5053647422500844,-3.406942470118688,926.141263425175,1399.999999998891,0.9999205934726452,1.0000290659872797,-0.0004510363193449,0.000614189139044,128.79581715402742,06_SPOT_AR2,517.0,0.0
18060.59088333333,0.0433826872666191,-1.3831056184746024,-3.625672757967575,774.6923690491932,1330.3883036570553,0.999922289220962,0.9999701125761296,-0.0003238113160995,0.0005230041643983,129.77631883078843,06_SPOT_AR2,517.0,0.0
18062.03540416667,0.0530348143739386,-1.4275505441464578,-3.597218590593099,789.1569110049477,1385.265858511647,0.9999131475863402,1.0000256887135983,-0.0002073798492265,0.0003322696470897,130.63162024186795,06_SPOT_AR2,517.0,0.0
18063.402791666667,0.0458988429875431,-1.4445649247366277,-3.485925144087875,899.2082641938538,1399.9999892745766,0.999924007574177,0.9999899376889624,-0.0002969404709008,0.000483960043049,129.54261276026006,06_SPOT_AR2,517.0,0.0
18064.767466666664,0.0407330883751907,-1.4346177663729482,-3.500330826825267,882.7698318107991,1389.4239299817525,0.99991410294225,0.9999792306063362,-0.0003917108582189,0.0005877826126038,128.10070068295647,06_SPOT_AR2,517.0,0.0
18066.1288125,0.0418880043508574,-1.4672615112226606,-3.3077857084924416,1028.800967868153,1397.6452486262024,0.9999161638856884,1.0000037081373414,-0.0004042095937492,0.0005764318357271,126.71292681736298,06_SPOT_AR2,517.0,0.0
18067.5836625,0.0380142020697297,-1.4949937689831856,-3.3222978371865293,1039.0078889743877,1399.9999021181768,0.9999193426013496,1.0000060670434905,-0.0004533612205522,0.0005963255461213,131.63608177081647,06_SPOT_AR2,517.0,0.0
18068.945008333336,0.0348366752064892,-1.4711083883535276,-3.3281977235863844,1039.431276668498,1399.9999062071515,0.9998933801106492,1.0000064275026126,-0.0005480218512593,0.000674411928918,129.22969150590615,06_SPOT_AR2,517.0,0.0
18070.30618333333,0.0318996313595325,-1.5126491670707651,-3.3439904231969386,998.9879164483428,1399.9999469426537,0.999908398141614,0.999988100460844,-0.0005949027734442,0.0007225614458383,127.4369850711009,06_SPOT_AR2,517.0,0.0
18071.756479166663,0.0350466369734261,-1.4942315401909774,-3.283379911361676,1042.7238127412982,1399.9998902125983,0.9999096706930244,1.000023363281723,-0.0005366343545449,0.0006781447856261,127.23941667300136,06_SPOT_AR2,517.0,0.0
18073.120275,0.0331060379890799,-1.4818514066728543,-3.3468414624100946,1010.558042903605,1399.9999999996749,0.9999082440479152,1.0000166704551527,-0.0005704210718627,0.0006969291107248,128.48937249019065,06_SPOT_AR2,517.0,0.0
18074.572941666665,0.0435676690450623,-1.4727929440731602,-3.4192931541208096,925.6527196340792,1399.999999998961,0.9999093891293676,1.000026076296925,-0.0003682037779762,0.0005254485777896,124.9096433700538,06_SPOT_AR2,517.0,0.0
18075.93525,0.0438236219601374,-1.448518157019162,-3.4964590540109466,889.9762710256779,1399.9999425883448,0.9999037705713232,0.9999917446476178,-0.0003609558164371,0.0005255786288884,130.06814445545285,06_SPOT_AR2,517.0,0.0
18077.296066666662,0.0484329932327297,-1.4459114831926765,-3.413793156452998,965.8267119677668,1396.367333700251,0.9999030365975852,0.9999791101035608,-0.0002687548398424,0.0004361308312595,132.63746060694518,06_SPOT_AR2,517.0,0.0
18078.74899583333,0.0502177719052496,-1.4670823815067766,-3.434412710078172,943.0488089952296,1397.7188925822331,0.9999101506156948,0.9999753404252518,-0.0002566176376033,0.0004087276482242,131.0316551657598,06_SPOT_AR2,517.0,0.0
18080.110691666665,0.038021197539378,-1.488974326405705,-3.3762359465952265,962.0980971835528,1399.9999999973138,0.9999049044982206,1.0000239671246804,-0.0004642207237148,0.0006306748158785,127.64038091804836,06_SPOT_AR2,517.0,0.0
18081.5585375,0.0381864536732004,-1.454182218846577,-3.522253215938279,865.7616293934515,1385.5403400091925,0.9999153070064806,0.9999854652284258,-0.0004744838480437,0.0006141196788487,131.5332136818637,06_SPOT_AR2,517.0,0.0
18082.9232125,0.03587552041279,-1.467787611300336,-3.4898074872364724,931.0308558888393,1399.9999962450006,0.9999042978658704,0.9999080841411604,-0.0005061372711745,0.0006909868886122,131.3905927099181,06_SPOT_AR2,517.0,0.0
18084.285166666665,0.0372044108281847,-1.4179720926938475,-3.5279721188391746,867.1219226869007,1387.9852891099663,0.9999150431463294,1.0000013564425774,-0.0004589027000025,0.0006466512586858,132.79044287694748,06_SPOT_AR2,517.0,0.0
18085.64669166667,0.0485869449976648,-1.21681846093837,-3.641405606284355,784.2278110411636,1192.2372829836188,0.9999142094488188,0.999973198026344,-0.0002727041437541,0.000427057298455,131.02483118582094,06_SPOT_AR2,517.0,0.0
18087.0097,0.0409740581281129,-1.4907241952293968,-3.459059816792969,891.4938912124952,1399.999940566697,0.9999117604291295,1.000024972570084,-0.0004595809026003,0.0005758077657459,127.00855799832414,06_SPOT_AR2,517.0,0.0
18088.462366666667,0.0449886355230065,-1.4002937868696952,-3.639254036956722,772.8295287023175,1346.4598275286453,0.999913395245963,0.9999837605824914,-0.0003324879581941,0.0005162671514795,137.9452597105972,06_SPOT_AR2,517.0,0.0
18089.91205,0.0281395567224772,-1.6393166520733842,-3.65655645228349,811.4502048328064,706.8220646459238,0.999913043862152,0.9999383781612492,0.0002989751110196,0.001290443831232,164.30996720749576,06_SPOT_AR2,517.0,0.0
18091.444558333333,0.0344481391921967,-1.2610198043320728,-3.1034837551549472,800.9086819454396,969.6681383314012,1.0002764318861896,0.9998524630725832,-0.0009533017238872,0.0009554594889366,156.6040795532844,06_SPOT_AR2,517.0,0.0
18092.805466666665,0.1464161349812502,-1.5194278211664138,-3.8327703768381713,946.5772782331356,1154.276695343948,1.0000449944281395,1.0000662399599685,0.0009143052556897,-0.0006590185160163,154.88171419045128,06_SPOT_AR2,517.0,0.0
18094.257516666665,-0.0126706881714549,-1.6518403963914357,-2.56052112313536,814.4580100671717,529.8308934285833,0.9999281183370295,1.000215137489325,-0.0003645669903469,0.0001700867600739,234.96176104903265,06_SPOT_AR2,517.0,0.0
18095.618516666666,0.092841885079092,-1.1101636371006425,-3.551955825835721,833.4314922040005,1075.2811205295843,0.9999073075380142,1.0000179126791926,0.0005080434771858,-0.0003202474237327,132.04395244618735,06_SPOT_AR2,517.0,0.0
18096.980033333333,0.1653757619585334,-1.7749663714111248,-3.5137205234384927,801.1978474122359,863.2281393160026,0.9999435450836808,0.9997232947348824,0.0026002525976373,-0.0012038617682666,148.9300958598959,06_SPOT_AR2,517.0,0.0
18098.4357625,0.0164042310650925,-0.4517321242585843,-3.79814567409248,719.0887270047338,576.5409778062694,0.999880987666818,0.99982719699996,-0.0013600383656735,0.0008258770771232,211.7212681546975,06_SPOT_AR2,517.0,0.0
18099.8886,0.0189071370312243,-1.4747070312712882,-3.3686277824010573,943.3517199268464,1399.999916230793,0.9999482457287,0.9999985634693864,-0.0008029418364377,0.0009457860766155,312.67053832416514,06_SPOT_AR2,517.0,0.0
18101.3402125,0.0446765400036433,-1.4519767770830665,-3.4877148926224413,901.9110655940068,1398.3052927423987,0.9999049502474964,0.9999780141488974,-0.0003430126432813,0.0005304007189835,131.32331877250863,06_SPOT_AR2,517.0,0.0
18102.7929625,0.0133171749648153,-0.2546228925001501,-3.689974246232105,856.8239153378643,935.3893267236924,1.0000548425711628,0.9999317211921654,0.0001802809461729,0.0009709858431677,153.27675522933595,06_SPOT_AR2,517.0,0.0
18104.236866666663,0.0219140147463265,-1.4761730715007126,-3.2796798800348506,1226.5372646181845,1141.793223301099,0.9999655147800736,0.999589163229154,-0.0013473246812434,0.0011120270372797,159.3183599240493,06_SPOT_AR2,517.0,0.0
18105.681566666663,0.0555117748389403,-1.184980555720599,-3.617334591939556,793.7648528341908,1158.0616898251055,0.999911101514736,0.9999845965321852,-0.0001340033871944,0.0002702627946642,127.50516502239088,06_SPOT_AR2,517.0,0.0
18107.12985,0.055893706875273,-1.2234989721516458,-3.6335305977673418,796.7132889109224,1195.9530452720276,0.9999022067623172,0.9999877591479184,-0.000125492942272,0.0002869734365195,129.5276628468106,06_SPOT_AR2,517.0,0.0
18108.579275,0.0534411037696699,-1.3960970578094194,-3.599329127701683,788.3857818156897,1356.6394896133872,0.999918350646924,1.0000120421201597,-0.0001810946921836,0.0003254490038521,129.72944288314545,06_SPOT_AR2,517.0,0.0
18110.025895833336,0.0546919171977461,-1.2994302873474373,-3.5971995571663022,791.2158126852756,1265.2123970615678,0.9999189406151444,1.0000177900062128,-0.0001647021267096,0.0002980544837756,126.9666480508176,06_SPOT_AR2,517.0,0.0
18111.473304166662,0.044688502816617,-1.4340518855237796,-3.512823025057105,867.2564541804077,1389.0940247992792,0.9999069783592908,1.0000109916353188,-0.0003195265592575,0.0004952222211937,124.89042612701996,06_SPOT_AR2,517.0,0.0
18112.83255,0.0513808689020763,-1.1990980851331328,-3.605500639032194,788.5827421777103,1172.6191422595452,0.999911051665294,1.000005128090478,-0.0002285778781349,0.0003817294305754,124.4363210334191,06_SPOT_AR2,517.0,0.0
18114.27610833333,0.0533672234711729,-0.9928493912021708,-3.593336759104263,795.9387517958427,997.487198314938,0.9999192261458963,1.000030035983696,-0.0001957144911936,0.0003350438564357,123.7203140662002,06_SPOT_AR2,517.0,0.0
18115.72054166667,0.0561227295132086,-1.2562744401230077,-3.6095796996949656,793.6036907761339,1219.868578792387,0.9999554033057608,1.0000040290165286,-0.0001646863004114,0.0002893593491079,126.26160970088718,06_SPOT_AR2,517.0,0.0
18117.258041666668,0.0474698711237899,-0.7728003888478789,-3.59134440812908,799.9775423226364,815.6094460811804,0.9999532056094544,1.0000161672653816,-0.0003145983334223,0.000432496387402,128.57282075716418,06_SPOT_AR2,517.0,0.0
18118.7892375,0.0630323274414991,-1.4640074414480475,-3.4333814772962525,885.0556558976361,1399.9999418414145,0.9999127967217184,1.000077559965458,-2.501974387789788e-05,0.0002077899978148,124.74451232952062,06_SPOT_AR2,517.0,0.0
18120.31798333333,0.0545853076763354,-1.4279087046653272,-3.471539127940446,919.4993283644412,1399.890345849122,0.9999157531728724,0.9999839505470114,-0.0001654822113513,0.0003514377534119,130.53971787743504,06_SPOT_AR2,517.0,0.0
18121.67810416667,0.0274312326898769,-1.5639016267970844,-3.5530214833544136,877.2460024108581,1399.9199746214206,1.0000010662824377,0.999944765681305,-0.0007423871659701,0.0007982088615617,363.0718390169062,06_SPOT_AR2,517.0,0.0
18123.126125,0.0344237277685514,-1.3469562801210682,-3.53426792497369,840.060027380866,1313.6224521741751,0.9999587508115316,1.000026748868296,-0.0005191065135998,0.0006630835314663,128.0870497707841,06_SPOT_AR2,517.0,0.0
18124.488175,0.0399061304674459,-1.4582910823043258,-3.512434637739325,857.8575700694606,1399.740550862825,0.9999529281614457,1.0000101441520346,-0.000428465954275,0.0006254767846383,129.29363362044154,06_SPOT_AR2,517.0,0.0
18125.852495833333,0.0276883858604584,-1.4375392261179096,-3.519729139346758,881.4391051013614,1398.268280208913,0.9999118880697092,0.9999713918607056,-0.0006480815464521,0.0007988788214932,132.61126699763665,06_SPOT_AR2,517.0,0.0
18127.21944583333,0.0390196031995844,-1.4085021221256624,-3.556721194520313,828.0383284828554,1384.8408847463472,0.9999520276393176,0.9999957731857384,-0.0004628625577424,0.0005932248108001,128.28746005755966,06_SPOT_AR2,517.0,0.0
18128.580966666665,0.0302857257687869,-1.3924761008632711,-3.5254606953204566,835.9563986722593,1347.2381790043928,0.999948114315269,1.00002720655655,-0.0006235445861617,0.0007788970014794,123.68504338466518,06_SPOT_AR2,517.0,0.0
18130.0296,0.022626523972549,-1.4309449220974608,-3.438595438563342,954.3496523246016,1399.9999770728607,0.9999059377358256,0.9999620283580548,-0.000715629837352,0.0008886234188353,131.0755503136793,06_SPOT_AR2,517.0,0.0
18131.4729,0.004426726272405,-0.2297021838619966,-3.3133063400899805,1020.524842957099,343.1648812346306,0.9999556555821004,0.9999690344937052,-0.0010814663667709,0.0012134249538485,133.98503982333455,06_SPOT_AR2,517.0,0.0
18132.83643333333,0.0247537906924058,-1.4449192580704198,-3.5418192640182022,838.0449071736329,1395.6520646092274,0.9999549790374485,1.0000191135315308,-0.0007078217696131,0.0008568313471957,128.45346413784029,06_SPOT_AR2,517.0,0.0
18134.284191666666,0.0234007800590931,-1.4380781594655263,-3.512088495740846,874.4843154744865,1394.210867377656,0.9999466512976024,0.9999910438955028,-0.0007423788163199,0.0008899903554271,137.42298730973354,06_SPOT_AR2,517.0,0.0
18135.733966666667,0.0093986213380387,-0.1314294173250338,-3.233438645619519,1076.0857272897758,232.5921592764901,0.9999037454239078,1.0000178857883242,-0.0009854592497316,0.0011154047429369,135.38914030934907,06_SPOT_AR2,517.0,0.0
18137.186800000003,0.0050864230749419,-1.4364383377079222,-3.4547271123446763,911.7325750238028,1388.3596753918407,0.9999117405238884,1.0000013651331867,-0.0010521711182817,0.001182539025886,133.7263508661542,06_SPOT_AR2,517.0,0.0
18138.6371875,0.0142217757545767,-1.4545820652360215,-3.540999773241888,852.9280964957305,1396.3448361494163,0.999951872504436,0.9999933970520312,-0.000927296408614,0.0010374900999498,127.5267837968937,06_SPOT_AR2,517.0,0.0
18140.17145,0.0170728644422851,-1.3511405734923252,-3.4655270169711123,888.1520401733071,1318.2627208290278,0.9999456685853192,1.0000177337607272,-0.0008546159610348,0.0009922559853682,128.91890940491143,06_SPOT_AR2,517.0,0.0
18141.7037,0.037496703123997,-1.4350557903154777,-3.5387167636428107,848.4797462440362,1397.8462795270807,0.9999482628013164,0.999981774579612,-0.0004774830702679,0.0006457409140142,124.20377481657384,06_SPOT_AR2,517.0,0.0
18143.15093333333,0.0323502892910755,-1.4815907277471174,-3.3975015895379777,988.6254110093148,1399.093452149643,0.9999045616971486,1.0000011439927787,-0.0006203208339439,0.0007403495477175,135.28278707025757,06_SPOT_AR2,517.0,0.0
18143.15093333333,0.0323502892910755,-1.4815907277471174,-3.3975015895379777,988.6254110093148,1399.093452149643,0.9999045616971486,1.0000011439927787,-0.0006203208339439,0.0007403495477175,135.28278707025757,06_SPOT_AR2,517.0,0.0
18144.682566666663,0.0069007070034294,-1.459390415801545,-3.504729258894001,922.2319130317252,1391.3179539014293,0.9999484487690996,0.9999181027268322,-0.0010494303727361,0.0011608563470733,136.19837387744778,06_SPOT_AR2,517.0,0.0
18144.682566666663,0.0069007070034294,-1.459390415801545,-3.504729258894001,922.2319130317252,1391.3179539014293,0.9999484487690996,0.9999181027268322,-0.0010494303727361,0.0011608563470733,136.19837387744778,06_SPOT_AR2,517.0,0.0
18146.041983333333,0.1625834128805787,-1.6293418737245704,-4.607839045758265,803.2573921130671,1205.8142025785864,0.9999818033165369,1.0002994808693748,0.0011447654799432,-0.0001927100417023,231.0203465338752,06_SPOT_AR2,517.0,0.0
18146.041983333333,0.1625834128805787,-1.6293418737245704,-4.607839045758265,803.2573921130671,1205.8142025785864,0.9999818033165369,1.0002994808693748,0.0011447654799432,-0.0001927100417023,231.0203465338752,06_SPOT_AR2,517.0,0.0
18147.40552083333,0.0331367429598829,-1.6108641647408426,-3.377868783138981,979.2874900870388,1383.752680892939,1.000046694503839,1.0000828175176673,-0.00085796278529,0.0006839699545044,222.13832352038207,06_SPOT_AR2,517.0,0.0
18147.40552083333,0.0331367429598829,-1.6108641647408426,-3.377868783138981,979.2874900870388,1383.752680892939,1.000046694503839,1.0000828175176673,-0.00085796278529,0.0006839699545044,222.13832352038207,06_SPOT_AR2,517.0,0.0
18148.85415833333,0.1048977846608419,-1.1266759963143185,-3.5319211120438028,859.0592582684727,1123.6869871861188,0.9999117037121524,1.0000104894746802,0.0007071401911355,-0.0005286827345627,131.11610812009587,06_SPOT_AR2,517.0,0.0
18148.85415833333,0.1048977846608419,-1.1266759963143185,-3.5319211120438028,859.0592582684727,1123.6869871861188,0.9999117037121524,1.0000104894746802,0.0007071401911355,-0.0005286827345627,131.11610812009587,06_SPOT_AR2,517.0,0.0
18150.214716666665,0.112268331494774,-1.2390275858784443,-3.474661732276291,911.9286145631228,1219.6138912617482,0.9999059650387532,1.000006759591828,0.0008137885000294,-0.0006531010196422,135.56803424458974,06_SPOT_AR2,517.0,0.0
18150.214716666665,0.112268331494774,-1.2390275858784443,-3.474661732276291,911.9286145631228,1219.6138912617482,0.9999059650387532,1.000006759591828,0.0008137885000294,-0.0006531010196422,135.56803424458974,06_SPOT_AR2,517.0,0.0
18151.574225,0.1148351727821769,-1.0049692389975602,-3.5448070224231563,845.8258470318101,1016.873401859295,0.999907076131341,0.9999971710141644,0.0008761031069198,-0.0007080658671079,131.86615904007533,06_SPOT_AR2,517.0,0.0
18151.574225,0.1148351727821769,-1.0049692389975602,-3.5448070224231563,845.8258470318101,1016.873401859295,0.999907076131341,0.9999971710141644,0.0008761031069198,-0.0007080658671079,131.86615904007533,06_SPOT_AR2,517.0,0.0
18152.93478333333,0.1073745126420464,-1.0486202959876585,-3.5569947584679644,841.1236104125642,1053.334764500258,0.9999038746279204,0.9999649315336508,0.0007510647936734,-0.0005797321227375,128.98265684425618,06_SPOT_AR2,517.0,0.0
18152.93478333333,0.1073745126420464,-1.0486202959876585,-3.5569947584679644,841.1236104125642,1053.334764500258,0.9999038746279204,0.9999649315336508,0.0007510647936734,-0.0005797321227375,128.98265684425618,06_SPOT_AR2,517.0,0.0
18154.376587499995,0.0602676902661896,-1.103500392096275,-3.598539610264278,796.6025268738241,1119.9161818732107,0.999959489454084,1.0000155284734005,-8.544034269918817e-05,0.0002295504625842,117.45309055021944,06_SPOT_AR2,517.0,0.0
18154.376587499995,0.0602676902661896,-1.103500392096275,-3.598539610264278,796.6025268738241,1119.9161818732107,0.999959489454084,1.0000155284734005,-8.544034269918817e-05,0.0002295504625842,117.45309055021944,06_SPOT_AR2,517.0,0.0
18155.9112,-0.0174321812057353,-0.2127090423690154,-2.4622472261337864,800.0013331391663,677.057644748023,1.0000241702292527,1.0000773795807936,-0.0002780047303425,-0.0011923567734522,212.0182412017364,06_SPOT_AR2,517.0,0.0
18155.9112,-0.0174321812057353,-0.2127090423690154,-2.4622472261337864,800.0013331391663,677.057644748023,1.0000241702292527,1.0000773795807936,-0.0002780047303425,-0.0011923567734522,212.0182412017364,06_SPOT_AR2,517.0,0.0
18038.66383333333,0.0351524562493612,-1.4754810761754769,-3.50915866769092,849.8888155434897,1383.79225729952,0.999969417195916,1.0000906139346173,-0.0005449741716734,0.0006765316027264,132.85144387088857,06_SPOT_AR2,525.02,0.0
18040.02719583333,0.0358591888125825,-1.4865848958630414,-3.5269129148969096,854.4728984677483,1399.9698819520895,0.999974681168539,1.0000322396805903,-0.0005019664246118,0.0006590145341922,135.3351137865008,06_SPOT_AR2,525.02,0.0
18041.48388333333,0.0410639303244423,-1.478368357913094,-3.229551321076074,1057.2128433223525,1399.075248576786,0.9999733807038176,1.0000777289413378,-0.0004194513112345,0.0005834254815795,129.77952404206954,06_SPOT_AR2,525.02,0.0
18042.853375,0.0369858740677549,-1.1889295724588906,-3.618314239536088,773.0364852768173,1129.3543296933165,0.9999697936041696,1.0000913189155902,-0.000493284152069,0.000666250516188,129.57171814962814,06_SPOT_AR2,525.02,0.0
18044.215600000003,0.0361132725722645,-1.3064081870143696,-3.6375903002639673,761.4637541086433,1234.864355172362,0.9999727666972495,1.000091161896892,-0.000524264417751,0.0007018384676335,129.48638583496597,06_SPOT_AR2,525.02,0.0
18045.578341666667,0.0163684258094206,-1.5104938892994086,-3.385813419447416,933.5316008296406,1394.4280808332107,1.0000035072250533,1.00009619258189,-0.0008751375439288,0.0010151362224505,130.5882596104172,06_SPOT_AR2,525.02,0.0
18046.94074166667,0.0193027226180881,-1.5147800171236143,-3.171341197325502,1059.4414690962144,1399.999783541064,0.9999856249105388,1.0001312262952282,-0.0008588177228554,0.0009780583722805,123.2233414716779,06_SPOT_AR2,525.02,0.0
18048.30585,0.0370063540041299,-1.3586649884357378,-3.616365148551858,749.2449177865657,1291.9760759482608,0.9999663471205924,1.0000884595537307,-0.0004637662958259,0.0006427685049699,131.99064268628032,06_SPOT_AR2,525.02,0.0
18049.6784,0.0366267286552912,-1.4210925213156202,-3.534651948419922,839.6844634685062,1344.6041596426485,0.9999617974286962,1.000040420353369,-0.0004777357129212,0.0006638679508076,137.6099526685582,06_SPOT_AR2,525.02,0.0
18051.1252875,0.0227060505601053,-1.455020312807776,-3.4285836770674862,935.2561816595752,1397.71903316764,0.9999731022251837,1.0000270497540649,-0.0007411593853126,0.0008785798585072,126.11065227641448,06_SPOT_AR2,525.02,0.0
18052.6627875,0.0384216615770931,-1.2830896305018942,-3.625968553099255,768.8212601861089,1233.4740375835934,0.9999683146685686,1.0000863678967808,-0.0004645538085018,0.0006580374192045,134.48931319863598,06_SPOT_AR2,525.02,0.0
18054.02658333333,0.0295452826413711,-1.503998814987803,-3.4222327775956134,905.7414154070052,1392.0386961448503,0.9999696647479216,1.000113989029626,-0.0006368972718116,0.0007836738006824,131.7879161693661,06_SPOT_AR2,525.02,0.0
18055.47618333333,0.0419278068694454,-1.3279869866213794,-3.6531420084445294,766.870217541785,1257.4246626854451,0.999973205106937,1.000027181374011,-0.0004105264402861,0.0005874383450514,128.3469840841408,06_SPOT_AR2,525.02,0.0
18057.011670833333,0.0430291457140807,-1.4052143885850608,-3.647569329397944,769.4176446698882,1335.6821667707131,0.9999998708530584,1.0000415644322622,-0.0004177787791327,0.0005412259099908,125.70315458744584,06_SPOT_AR2,525.02,0.0
18058.464858333333,0.0333888777709796,-1.4775446154409553,-3.538828375748256,852.4151492941176,1397.751229085513,0.9999570548321484,1.0000306953467146,-0.0005599010254767,0.0007049534612028,130.55802680153363,06_SPOT_AR2,525.02,0.0
18059.918575000003,0.0394364232477919,-1.2397773178753584,-3.662576909359729,764.6078702843336,1198.0469694891824,0.9999692027631594,1.0000344544598414,-0.0004117527107656,0.0005951946967303,125.94810953744803,06_SPOT_AR2,525.02,0.0
18061.363441666665,0.0409262814868834,-0.8305013488267808,-3.6401095707084026,794.5690317666988,847.6645540739722,0.9999703838773626,1.000041119730375,-0.0004065730938993,0.0005928135370713,128.08069327046042,06_SPOT_AR2,525.02,0.0
18062.72715,0.037026731545617,-1.3551406661616094,-3.632335989172481,759.0650443605748,1320.2474306551308,0.999972420423362,1.0001004177152095,-0.0004681432213224,0.000686378924291,130.40883643344534,06_SPOT_AR2,525.02,0.0
18064.09305,0.0444557953719312,-1.4158287633644944,-3.643865539968445,756.2918664082631,1365.1289969559516,0.9999631364194812,1.000059072693034,-0.0003316666277568,0.0005193459640457,131.801894768883,06_SPOT_AR2,525.02,0.0
18065.4565,0.033100081688204,-1.4789868576404632,-3.435634974212295,917.436599372854,1397.9865463003412,0.9999891275675922,1.0000305616170315,-0.0005552653812542,0.0006880914646431,129.59659915848871,06_SPOT_AR2,525.02,0.0
18066.81863333333,0.0287120606770401,-1.4405034536358077,-3.484113790274073,890.7195877456727,1394.581388572566,0.9999635933853788,1.0000516479313055,-0.0006161532213359,0.0007724397012751,131.69985154765678,06_SPOT_AR2,525.02,0.0
18068.27313333333,0.0295326774065041,-1.448607661949992,-3.492913984000335,905.0002737575198,1395.7838168160035,0.9999629164111012,1.000027782304365,-0.000601095360194,0.0007632658443583,136.70471879764,06_SPOT_AR2,525.02,0.0
18069.634133333333,0.0353481788395085,-1.4444740801259532,-3.4825395512723767,903.2701888233904,1397.0670617449143,0.9999714847601374,1.0000371213373829,-0.0004899013823836,0.000661021796894,136.3159695913366,06_SPOT_AR2,525.02,0.0
18070.996091666668,0.027566652507883,-1.4582948442462464,-3.532279840855744,880.3018936182506,1396.5315892601434,0.9999705132941464,1.0000222279632094,-0.0006608786366808,0.0008186439136262,129.44729004342395,06_SPOT_AR2,525.02,0.0
18072.446916666668,0.0288122278150113,-1.4696011777010485,-3.432422899727489,951.2824984079654,1398.4201141933413,0.9999694002822092,1.0000260912231724,-0.0006448442029604,0.0007901964686996,131.7095381050132,06_SPOT_AR2,525.02,0.0
18073.8122875,0.0344332517361199,-1.495216494307035,-3.348881107967297,977.222649009453,1398.1080451337043,0.9999711503502317,1.0000863251299623,-0.0005730329696683,0.0006969275128255,131.86262370130677,06_SPOT_AR2,525.02,0.0
18075.26355,0.0399636965486771,-1.4363418555031586,-3.5265966424187707,860.5464639852651,1380.514301662634,0.999955572370784,1.0000351535147305,-0.0004310766171402,0.0006030982820124,133.64185744349257,06_SPOT_AR2,525.02,0.0
18076.624366666667,0.0350994048108404,-1.476762226944543,-3.342116012744992,977.4578987144406,1399.5501629435544,0.9999604671246748,1.000081470794166,-0.000524959373059,0.0006600192384243,136.63227248458244,06_SPOT_AR2,525.02,0.0
18077.988866666667,0.0326101255747778,-1.4626352850685151,-3.4509275998557323,927.287658119792,1398.160127077674,0.9999685708567134,1.0000210912713972,-0.0005713464080175,0.0007182578477354,128.29858353019023,06_SPOT_AR2,525.02,0.0
18079.43890416667,0.0359428087223512,-1.505368807578232,-3.433971840917494,963.0748769381452,1399.9999363380198,0.9999688802880916,1.000018775009702,-0.0005467447732983,0.0006499906541691,122.254586089955,06_SPOT_AR2,525.02,0.0
18080.8027,0.0364358222747526,-1.450515601772007,-3.478389051689072,902.3298355620656,1397.5611498787614,0.9999649756934822,1.0000328545746893,-0.0004911486969231,0.0006631981462438,133.05922687159534,06_SPOT_AR2,525.02,0.0
18082.247925000003,0.0347566534710013,-1.4035290279810673,-3.557067390743135,837.5581568504163,1347.8854594150937,0.999967471589305,1.00003735984695,-0.000519893281381,0.0006538724710878,130.71760224336197,06_SPOT_AR2,525.02,0.0
18083.61285833333,0.0404226027146067,-1.484601390317568,-3.4215604850874293,894.0863782643452,1393.4602441000654,0.9999715485734698,1.000101382026943,-0.0004506154939557,0.0005962870035371,132.68072466803866,06_SPOT_AR2,525.02,0.0
18084.974466666667,0.0419467498778036,-1.1669119785558015,-3.660922764629893,779.4184293468219,1152.479895681032,0.9999740214115916,1.000039015249658,-0.000419819688276,0.0005720285635346,129.8820288703737,06_SPOT_AR2,525.02,0.0
18086.33835,0.037590574033414,-1.451397881974683,-3.5445811363343296,862.8491128813814,1399.444766800964,0.9999692616053948,1.0000233933977805,-0.0004541680469435,0.0006426947305853,128.03555243587755,06_SPOT_AR2,525.02,0.0
18087.6983,0.0359277739604922,-1.4063009225405787,-3.548756381753347,845.8890016534336,1350.12682767475,0.9999656811271814,1.0000315770910049,-0.000484565581173,0.0006665324012136,133.54831984308822,06_SPOT_AR2,525.02,0.0
18089.150875,0.0502516155406286,-1.1797357205753032,-3.647298947640334,780.1376110211903,1161.074950998555,0.9999614225181884,1.000028427104908,-0.0002582313143025,0.000412701012295,121.79934787820986,06_SPOT_AR2,525.02,0.0
18090.683383333333,0.0123411056427947,-1.4926940215109188,-2.94300722039749,1399.997739796639,1398.777569288057,0.9998948475176448,1.0005281692088477,-0.0011029814601198,-7.79250620215558e-05,211.40243936866483,06_SPOT_AR2,525.02,0.0
18092.133683333333,0.0054013601400445,-1.1707938032966076,-3.294434871601032,1155.0389753801464,903.7603160317514,1.000071562944596,0.999720224915029,-0.0016304718035273,0.0021140765672618,184.7554894424598,06_SPOT_AR2,525.02,0.0
18093.497391666668,0.0196446042453676,-1.3230692098165695,-2.884596219125311,768.9389481186397,979.3817873602724,1.000232985024627,1.0007278666043349,-0.0013958221585098,-0.000339395649347,189.3070951508948,06_SPOT_AR2,525.02,0.0
18094.94725,0.035570321785107,-0.9919091643005428,-3.3711777387548607,999.6334386767736,785.7910637491736,1.000448033009118,0.999943957692228,-0.0010009687516956,0.0008998922075149,172.20332368349258,06_SPOT_AR2,525.02,0.0
18096.30685,0.0224876885604776,-1.8119795691035927,-2.853591694642499,687.9668185246089,1313.9793057409536,1.0003464572353211,1.0005783981799443,-0.0012025204286441,0.0001510831697843,158.1107342575067,06_SPOT_AR2,525.02,0.0
18097.67528333333,0.0136562925915484,-2.0193490835482377,-3.192865179075976,419.5412345088547,1383.7687210622682,1.0002804613775504,1.0004156913599442,-0.0013668443455775,0.0003200014957381,185.43862204555936,06_SPOT_AR2,525.02,0.0
18099.124795833333,0.0240266865181487,-1.4770647768611236,-3.4991968069386803,853.2764682617818,1389.168745702138,0.9999778802548672,1.000036036756779,-0.0007325690314086,0.0008628145117407,175.5549180907623,06_SPOT_AR2,525.02,0.0
18100.579825,0.0236399595298321,-1.460351230092321,-3.5734635305998044,840.3520400112938,1399.8467776656826,0.9999606297655196,1.0000303949259035,-0.0007281639163586,0.000884218636125,135.96497240114616,06_SPOT_AR2,525.02,0.0
18102.02854583333,0.0165001562532604,-0.1035592999228825,-2.5859928442802187,807.3112380756456,582.9290126728669,0.99983172694565,0.9999722688916328,6.520430468003929e-05,-0.0002159931784605,183.22284973892965,06_SPOT_AR2,525.02,0.0
18103.565520833334,0.0141537959601907,-0.3291372050849706,-3.459822013814835,801.4363699258504,840.1944799422849,0.9999074859325916,1.0002601592030829,0.0001431697012501,0.0010875888154552,197.65974685327564,06_SPOT_AR2,525.02,0.0
18104.92572916667,0.0273449940120164,-1.441632640442308,-3.5114695050266373,850.21329334238,1384.113825969551,0.9999575605116778,1.0000947683765211,-0.0006513939608756,0.0008129452385084,147.77910086420775,06_SPOT_AR2,525.02,0.0
18106.458325,0.0289009398417107,-1.4290405403941946,-3.5262032802255345,856.1458500567137,1378.6650348960986,0.9999566339017972,1.0000554825737136,-0.0006409386101571,0.0007824209195303,134.88791664746,06_SPOT_AR2,525.02,0.0
18107.81905833333,0.029438638273201,-1.454487766594229,-3.537580618502389,854.9190301175263,1397.9827321655555,0.9999605102428668,1.0000314739478189,-0.0006093250654324,0.0007618765394626,133.76236205885118,06_SPOT_AR2,525.02,0.0
18109.35069583333,0.0310475182499179,-1.2997676830777545,-3.656297441858671,753.5059135373615,1284.7746700525597,0.9999712761338868,1.0000925022014546,-0.0005917400069575,0.0007539423758944,133.516256760552,06_SPOT_AR2,525.02,0.0
18110.798454166663,0.0165171210462937,-1.4451944711168894,-3.5340125860636853,861.0303807355482,1398.5903715222917,0.9999719939910998,1.000027328970229,-0.000848602255035,0.0010171325294616,137.79765952628972,06_SPOT_AR2,525.02,0.0
18112.16085,0.0090958344655624,-1.4355783598159682,-3.4220420034669097,888.2265725205972,1388.7074823305854,0.9999683387004592,1.0001102408890392,-0.0009585119801679,0.0011221894777265,144.3894008951995,06_SPOT_AR2,525.02,0.0
18113.60362083333,0.018165772985403,-0.5105785221175555,-3.590612275336525,820.9060244247661,570.6825405096218,0.999974700530788,1.0001036736157782,-0.0008373505202134,0.0009694092949153,149.16076960017813,06_SPOT_AR2,525.02,0.0
18115.048666666666,0.0172450916189582,-0.6065442760969016,-3.657648448287144,804.6845390905446,682.2163052489643,0.9999746416514154,1.000036453118173,-0.0008330665651442,0.0010014620682806,130.9763745251512,06_SPOT_AR2,525.02,0.0
18116.496075000003,0.0087530415702802,-0.0826110290496246,-3.538488330113904,919.5102199557392,205.87488627626087,0.9999565413150024,1.0000813111797129,-0.0009934464757647,0.0011435928692649,136.44724805023452,06_SPOT_AR2,525.02,0.0
18118.02893333333,0.0035916236344596,-1.2805548717364343,-3.4794987522418626,934.3313293939962,1242.5962705648135,0.9999756643201252,1.000023881115838,-0.0011099003059883,0.0012214951467287,132.86372402688886,06_SPOT_AR2,525.02,0.0
18119.56039583333,-0.0132846961599157,-0.4881261212292276,-3.5035738865322563,920.4175396200816,570.0712998899312,0.9999689424385791,1.000094942081466,-0.0014436455154668,0.0015549740778705,133.4819181654954,06_SPOT_AR2,525.02,0.0
18121.006141666665,0.0173303893669472,-2.006338812431304,-2.611384579476917,1351.3006850217637,1399.9962676914404,1.000100182878732,0.9999313244738368,-0.0014282518993898,0.0005302669057296,220.9193791319404,06_SPOT_AR2,525.02,0.0
18122.365825,0.004834050576561,-1.4588700845794789,-3.55003593305595,872.2656638021965,1399.9999418414145,1.0000070563284662,1.0000212484874096,-0.0010540172518818,0.0012001325899758,132.88050311582302,06_SPOT_AR2,525.02,0.0
18123.81393333333,0.0333123240369636,-0.8781576668909654,-2.7160162604278018,1399.9999997108737,850.0946174924801,1.0001621327140475,1.0004765684654102,-0.0011535860617981,0.0006579953914825,193.39532255015288,06_SPOT_AR2,525.02,0.0
18125.180008333336,0.0128270508473778,-1.4016464808212057,-3.550001455938796,856.1984560752849,1378.1958263445226,0.9999762081561366,1.0000738289941409,-0.0009154872539829,0.0010624309227574,130.73117027071817,06_SPOT_AR2,525.02,0.0
18126.545116666668,0.0196199332188341,-1.4417044976840236,-3.590451445644132,865.0155344757987,1396.417514057427,0.9999661197246268,1.000021895242956,-0.0008045061833314,0.0009450029741847,135.8626774572774,06_SPOT_AR2,525.02,0.0
18127.908916666667,0.0287898581461372,-1.275408796401495,-3.632077054607005,771.6221326937462,1267.6021142980733,0.99999845703331,1.0000929890017023,-0.0006392765905868,0.0007793325729814,140.66247091817343,06_SPOT_AR2,525.02,0.0
18129.2688625,0.0176761760744754,-1.497963072845157,-3.5639713212401563,830.4486762911831,1399.9999418414268,0.9999677891674598,1.0000316505647937,-0.0008634880574604,0.0009872172741553,134.58438208382594,06_SPOT_AR2,525.02,0.0
18130.80145833333,0.0119423888367634,-1.4325394493697114,-3.521319339868193,899.5456451503132,1394.4915627843222,0.9999749353886416,1.0000220412264254,-0.0009215629955973,0.0010603986779532,132.08452772009667,06_SPOT_AR2,525.02,0.0
18132.16228333333,0.0220293812246612,-1.423240339953877,-3.5973337515644865,850.2268234554568,1395.3966234511563,0.9999951156901568,1.0000212723936786,-0.0007637598890291,0.000901871292832,135.06095188688045,06_SPOT_AR2,525.02,0.0
18133.608291666664,0.0154935549800998,-1.414249633420445,-3.562926491200075,834.6712019039958,1399.9890517820545,1.0000110187825704,1.000033195248124,-0.0008654497545075,0.0010325334448389,135.560703349275,06_SPOT_AR2,525.02,0.0
18134.972787500003,0.0183375569987728,-1.4258555622192877,-3.432585183608764,898.0963938486458,1391.388698126528,0.999989230115104,1.0000934760772606,-0.0008267470879289,0.000937477171472,143.7264600195462,06_SPOT_AR2,525.02,0.0
18136.422825,0.0219905489067584,-1.4489079770586413,-3.4069807911631527,940.9760360299728,1399.8628009810488,0.9999749059647696,1.0000289020631674,-0.0007476042265621,0.0009026324234161,136.11918157501646,06_SPOT_AR2,525.02,0.0
18137.8768875,0.0232383200905631,-1.4583782759229629,-3.4733191193270576,907.3779620898358,1398.4733827503442,0.9999912873655245,1.0000189950621663,-0.000751859450473,0.0008628586429783,132.1510794539675,06_SPOT_AR2,525.02,0.0
18139.40835,0.01654801147666,-1.393711083232955,-3.450649601713486,908.4981011139872,1394.0309590401168,0.99998060770047,1.0000439344840837,-0.0008440822204472,0.0010055547899697,137.20057966097693,06_SPOT_AR2,525.02,0.0
18140.94375,0.0106843725863819,-1.456619666182514,-3.444260591181448,875.2821898535967,1390.4972091257562,1.000013773234269,1.0001118293288738,-0.0009746409452452,0.0010918066617256,153.7825261065984,06_SPOT_AR2,525.02,0.0
18142.47450416667,0.0144631220596104,-1.4541473297379757,-3.4336353749486124,946.1256516731931,1399.999939235263,0.9999871572268004,1.000011871319253,-0.0008982316012047,0.0010280160258008,127.91663194670195,06_SPOT_AR2,525.02,0.0
18143.922529166663,0.0087274861156727,-1.4088962008503785,-3.4186375856411653,913.5484014322446,1389.1921100057857,1.0000065704146872,1.0001125162336588,-0.0010199162397042,0.0011393075992883,140.44120727972756,06_SPOT_AR2,525.02,0.0
18145.370375,0.0148244682855425,-1.2520691770349168,-3.21874032908406,791.3649081585211,1074.4480043479575,1.0000836556757176,1.0001441484744125,-0.0012682739207808,0.0001494220435174,213.12944842853167,06_SPOT_AR2,525.02,0.0
18146.73058333333,0.0354918975957206,-0.339415628439411,-4.032010291146646,820.8103529516693,586.2800303627855,0.9999688308147008,0.9998769753783714,-0.000773388403937,0.0017048559329898,159.598127668522,06_SPOT_AR2,525.02,0.0
18148.093854166666,-0.020727220420015,-1.5724190523525985,-3.27307412655196,798.8822851867426,533.3673942688433,1.000026523791185,0.9994910048429358,-0.0004809612821773,0.0011372264583919,290.1542330691809,06_SPOT_AR2,525.02,0.0
18149.542579166664,0.0360215707942703,-1.4332635054851044,-3.481069364814162,873.8732604341537,1393.8316105977708,0.9999651170488938,1.00010070660579,-0.0004921400057984,0.0006231708170179,150.75652181369657,06_SPOT_AR2,525.02,0.0
18150.902962500004,0.0285423947555062,-1.4289710178167825,-3.4910478437601267,891.8914955304206,1397.0228259019073,0.9999716652714528,1.0000318161038904,-0.000614617385231,0.000755855629494,136.8091751165623,06_SPOT_AR2,525.02,0.0
21181.622325,0.0500650194237652,0.0267876105534739,-3.6160620404378574,875.1201601224284,202.05299056442945,1.0002253885499344,1.0001274873784605,-0.0003001612209159,0.0004908668366,474.3503274511181,21_SPOT_FS1,525.02,0.0
21182.11165,0.0483773324671613,-0.2020685084245687,-3.663589446593389,827.3605191422018,341.68289971960576,1.0001859510328004,1.0000922261130818,-0.0003224801106972,0.0004925445163576,473.7338345673291,21_SPOT_FS1,525.02,0.0
21183.583925,0.0474896849107655,-0.7796786067571921,-3.589326519411531,804.5410455558477,842.2809346404799,1.000165663232948,1.0000847733036564,-0.0003417255925249,0.0004964975483411,473.3411864768343,21_SPOT_FS1,525.02,0.0
21184.079995833334,0.0466119739689698,-0.7085539888313086,-3.62385878784078,806.6411083013154,798.5534053182113,1.0001855952881598,1.0001358684626798,-0.0003661078992335,0.00053456799333,472.315745877712,21_SPOT_FS1,525.02,0.0
21184.56993333333,0.0481097916542829,-0.7119160641837236,-3.6333484542092553,808.4982409270486,796.4993045391393,1.0001919214716983,1.0001782405381636,-0.0003287635577253,0.000509162228056,471.1641635381749,21_SPOT_FS1,525.02,0.0
21185.059875,0.0448152704345969,-0.1617929382329009,-3.65848158293886,826.2883487738922,341.653029428087,1.000254893865289,1.0001853426189136,-0.0003874033583736,0.0005714416968408,471.4220689226644,21_SPOT_FS1,525.02,0.0
21185.55323333333,0.0471956272927204,-0.6120989321911792,-3.6174066411503625,814.6296129724807,747.0785185850934,1.0002814800454032,1.000145789805651,-0.0004004577397722,0.0005116776673673,471.9465485881374,21_SPOT_FS1,525.02,0.0
21186.04325833333,0.0469610927191318,-0.9435990071163616,-3.613787115488889,794.8686558985872,988.3397317686296,1.00018032990136,1.0001495403214986,-0.0003666989030197,0.0004859993019499,471.6283626411052,21_SPOT_FS1,525.02,0.0
21186.5332,0.0489563915436578,-1.0448402233811689,-3.5911015538902613,791.8286827143542,1077.4537440405163,1.0001765676496166,1.0001615476417614,-0.0003478628070976,0.000459500442026,471.0443096604514,21_SPOT_FS1,525.02,0.0
21187.026995833334,0.0476357740820617,-0.7937799899090134,-3.608961491921033,805.1677684506255,862.1155563074009,1.0001985586877251,1.0001310609143128,-0.0003385779751355,0.0004768597664915,468.9894943885584,21_SPOT_FS1,525.02,0.0
21187.519825,0.0471629011220484,-0.8409688119396067,-3.560849742217333,802.9748650192681,915.6706082262756,1.0002177414041058,1.0001334762969356,-0.0003751817548141,0.0004845765058173,468.6095989622088,21_SPOT_FS1,525.02,0.0
21188.014841666667,0.0490536699309517,-0.7631326079796706,-3.6199657351019647,805.2546415338329,845.6573896585289,1.000176692922923,1.0001511147640176,-0.000355130717651,0.0004621078952378,470.13068961374273,21_SPOT_FS1,525.02,0.0
21188.504875,0.0508196177067014,-0.7641912987993097,-3.6404198551598426,803.636331374306,844.1757519057054,1.0001653033721487,1.000157023675314,-0.0003132901968729,0.0004142187239804,471.6377328920549,21_SPOT_FS1,525.02,0.0
21188.99534166667,0.0544203774000322,-0.8111773227393828,-3.626300779621661,803.7411444324165,901.2300744144528,1.0001944445479811,1.0001515091216353,-0.000273735693567,0.0003755220816718,472.0548804564024,21_SPOT_FS1,525.02,0.0
21189.487816666668,0.0921921091071229,-0.6679121859894884,-3.686909225493837,798.1633140967299,780.5452289335284,1.0002154923743842,1.0001537254002788,0.0003478450561473,-0.0002601730292595,471.6567792404518,21_SPOT_FS1,525.02,0.0
21189.97723333333,0.0501268744272698,-0.578255333649546,-3.618981776734805,813.2326545721431,677.8860346317052,1.000189445766613,1.0001344146606437,-0.0003187507884536,0.0004416977046082,471.5630292142248,21_SPOT_FS1,525.02,0.0
21190.46665,0.052513422882638,-0.7600442286280884,-3.632699518470862,806.6536086967394,845.1334586525052,1.000204162883044,1.000148527425197,-0.0002948936810715,0.0004133625947598,471.9324281614833,21_SPOT_FS1,525.02,0.0
21190.956679166666,0.052192535307142,-0.7996022916285519,-3.60886387119356,803.95129282383,868.188078617134,1.000165089492448,1.0001454945733628,-0.0002848937948853,0.000418514252582,471.9934632540069,21_SPOT_FS1,525.02,0.0
21191.45065,0.0504305485325368,-0.512514376731479,-3.643119695405898,815.4609433399623,647.3173352372507,1.000195093254061,1.0001367676947923,-0.0003214391478279,0.0004547037963348,469.9491027564581,21_SPOT_FS1,525.02,0.0
21191.939975,0.0454593408658526,-0.0135951658285954,-3.6533429501973465,826.1663592819406,220.5852432829313,1.0001896005452655,1.000070287844946,-0.0004251180525114,0.0005804766511074,472.1931497179533,21_SPOT_FS1,525.02,0.0
21192.430966666667,0.0449846291147871,-0.1752138351064324,-3.691945905650664,828.186950131525,345.45113497529275,1.0001376878556714,1.0001656291993803,-0.0003917456511162,0.000584301888,470.3896542804586,21_SPOT_FS1,525.02,0.0
21192.921958333336,0.0489409340926166,-0.351125048515685,-3.655321493384935,822.2890388257068,513.5206713335626,1.000167952627407,1.0001292605874397,-0.0003700566579987,0.0004942533118053,471.3438975349083,21_SPOT_FS1,525.02,0.0
21193.4130375,0.0513390730818425,-0.5046785544035189,-3.659582288129789,815.7288920029705,629.2498639034259,1.0001736991197816,1.0001245523180111,-0.0003134416673142,0.0004644565875405,473.1353148316299,21_SPOT_FS1,525.02,0.0
21193.907091666668,0.0481106254752046,-0.6372368709650253,-3.645001990462536,810.3454368529066,744.0976713619257,1.0001543533975177,1.0001362625114671,-0.0003770576506113,0.0005173188293288,473.8135019365937,21_SPOT_FS1,525.02,0.0
21194.397825,0.0486627424043449,-0.0762410930171628,-3.681013994184471,831.2112795806116,286.3284618049605,1.0001783548627872,1.0001322940157924,-0.0003640810998789,0.0005248338133302,473.4771312914333,21_SPOT_FS1,525.02,0.0
21194.8917,0.0485148939078981,-0.3279112367763179,-3.685976991758752,825.8924693217784,461.3979279724699,1.0001641518091084,1.0001819632427114,-0.0003248026072403,0.0005207234963731,471.9107338313031,21_SPOT_FS1,525.02,0.0
21195.381116666667,0.0481631037563927,-0.4614916480057839,-3.668317679019364,818.7724450134967,581.7223891534987,1.0001366812002197,1.0001720533125076,-0.0003489281834108,0.0005129443065847,472.94767443364304,21_SPOT_FS1,525.02,0.0
21195.8736,0.0464178383223074,-0.548199531016967,-3.641534294925928,814.6002158356697,658.1929272168683,1.0001227813686722,1.0001411229172246,-0.0003667627159269,0.0005469536720425,472.6656168739503,21_SPOT_FS1,525.02,0.0
21196.363541666666,0.0471447281399505,-0.2385187246681826,-3.698425578706973,829.3052285320078,358.0405327941608,1.000161543750382,1.000165982118108,-0.0003423279426843,0.0005697427829356,474.1043482178865,21_SPOT_FS1,525.02,0.0
21196.856108333333,0.045803423774254,-0.5784292747130003,-3.648240988463945,813.027398451474,658.2936656353463,1.00014163778215,1.0001343000653904,-0.0003681854325317,0.0005641988503668,472.49094288991273,21_SPOT_FS1,525.02,0.0
21197.346133333333,0.0493819765138546,-0.8596001428754667,-3.647024078468401,800.0894829532175,924.5362927669912,1.0001351040095674,1.0001609370991529,-0.0003737421110466,0.0005016702909754,474.22472667175686,21_SPOT_FS1,525.02,0.0
21197.8359,0.0478423167914488,-0.9160919496403837,-3.641763190261498,796.4517821537893,966.3204293605122,1.0001352801207912,1.000177638739491,-0.0003784417277973,0.0005117627607216,472.53543854573337,21_SPOT_FS1,525.02,0.0
21198.32943333333,0.0503171563440833,-0.8428474621235166,-3.645214840610412,802.7026727318888,909.596746209249,1.00015486241109,1.000170319063588,-0.0003496952570693,0.0004878908520888,471.59210808952366,21_SPOT_FS1,525.02,0.0
21198.82025,0.0551896255300591,-0.7869969949051131,-3.624508271696828,807.0937132309065,852.3950381362062,1.0002096274912562,1.0002216638598354,-0.0002264746046505,0.0003965478556526,468.6203247512725,21_SPOT_FS1,525.02,0.0
21199.314041666665,0.0453774799079504,-0.3216275997484722,-3.680659648012704,822.6155090922913,463.5281943565898,1.0001617283210296,1.000161814408829,-0.0003854289456591,0.0005865653842279,470.740003833726,21_SPOT_FS1,525.02,0.0
21199.80389583333,0.048027654967539,-0.08812881713395,-3.714472550387307,825.5695097415073,292.24201244001114,1.0002029702530684,1.0001783024769906,-0.0003391563814057,0.0005528384111988,471.1528487469483,21_SPOT_FS1,525.02,0.0
21200.2945375,0.0519652576053077,-0.7092672550166905,-3.617899565042235,808.6209903754086,797.9895918364822,1.0001838855465517,1.000195550226049,-0.0002743970108875,0.0004568425831892,472.9191602876775,21_SPOT_FS1,525.02,0.0
21200.787366666664,0.0492779751403575,-0.604949527234973,-3.6462263622004008,811.0742003844414,695.182136708306,1.0001612221166165,1.000188620376267,-0.0002913861384763,0.0005093780512517,472.6195884223552,21_SPOT_FS1,525.02,0.0
21201.278270833336,0.0457030111804378,-0.2878183031272427,-3.6624913258402567,825.2700910831892,425.85501214482633,1.0001642667385282,1.00016111961217,-0.0003821233463923,0.0005658839179397,474.18054060477294,21_SPOT_FS1,525.02,0.0
21201.7711,0.0507749070987788,-0.7355843619610356,-3.652493965050581,807.2577648401092,832.4618750115364,1.0001888015110552,1.0001979158970866,-0.0003214982120608,0.0004884330159845,474.11022123210967,21_SPOT_FS1,525.02,0.0
21202.260433333333,0.0458231014776918,-0.7743934461578913,-3.635308761621124,803.5171266879637,867.87024527437,1.0001822344118034,1.0001898303230778,-0.0004124103785898,0.0005526704229127,476.0167594164004,21_SPOT_FS1,525.02,0.0
21202.750020833333,0.0461712839062416,-0.0847633136370558,-3.670198721019346,836.149941926098,278.65713557664253,1.0002141500744666,1.0001890392164186,-0.0003887757109577,0.0005532158552443,475.9498846943134,21_SPOT_FS1,525.02,0.0
21203.2401375,0.0459564505779033,-0.930847758099608,-3.592758273212868,799.9232217253309,979.1607394186544,1.0002244162450058,1.0001943834475344,-0.0004179563292643,0.0005238870279417,477.9925029938236,21_SPOT_FS1,525.02,0.0
21203.72964166667,0.0513080016743118,-0.8186132637126822,-3.614216516358632,804.7183492329068,888.9143271929349,1.0001693493035866,1.0001630256954537,-0.0002994227156822,0.0004202021843885,477.0860659774813,21_SPOT_FS1,525.02,0.0
21204.219491666667,0.0508188379762855,-0.7376534121332623,-3.617809722352861,807.7146610653054,817.9578963816735,1.00016067955054,1.0001620099609825,-0.0003118443883952,0.0004372398448472,478.8024580885392,21_SPOT_FS1,525.02,0.0
21204.71355,0.0516244205970304,-0.8270995872663462,-3.6003386700658058,805.0684474502802,896.5685977394184,1.000177976743411,1.0001525115049146,-0.0003195641097155,0.000432537053317,476.5743045909143,21_SPOT_FS1,525.02,0.0
21205.203579166668,0.0473712662373603,-0.6353429437060817,-3.629083380252484,811.3784953476883,749.7266725179686,1.0001828616098107,1.0001348958070897,-0.0004262525399785,0.0005059209346842,478.393770420171,21_SPOT_FS1,525.02,0.0
21205.696845833336,0.0533593979323012,-0.4997309385151628,-3.633354407477776,818.9727060049456,640.5797627266967,1.000260475453004,1.0001911842091562,-0.0003393764029265,0.0004101831506705,475.3108313127215,21_SPOT_FS1,525.02,0.0
21448.778966666665,0.0394385785039876,-0.1865642321695457,-3.3597723468951566,943.0114451777832,204.7182233025952,1.0000961289783885,1.000054319326228,-0.0004129016617035,0.0005795122351871,349.2932738833405,23_SPOT_FE1,525.02,0.0
21450.20983333333,0.0383663397190037,-0.2043887803145562,-3.349029238540932,949.2181300288204,205.65978446334088,1.000095423190714,1.0000518487113128,-0.0004217406072262,0.0005958255601874,349.20130378228447,23_SPOT_FE1,525.02,0.0
21451.55865833333,0.0404820185323267,-0.1926160001104528,-3.3378858347099505,944.2089732070727,203.13811874768248,1.0000980434319802,1.000052241711928,-0.0003764965875783,0.0005502335475134,342.82147997371266,23_SPOT_FE1,525.02,0.0
21452.9999375,0.0379581894013424,-0.2022559416506462,-3.321265140139756,947.7163782959068,201.88945334190413,1.000097668038389,1.0000584535667456,-0.0004062176421497,0.0006147867846641,351.0545800207086,23_SPOT_FE1,525.02,0.0
21454.443933333336,0.0374672832327352,-0.204334345321388,-3.319489678187743,954.7161870226348,204.44148965117896,1.000103698276681,1.0000574683793542,-0.0004114874732078,0.0006131799923917,346.9047131065618,23_SPOT_FE1,525.02,0.0
21455.79573333333,0.0397395935118011,-0.2001906950407503,-3.333588097147002,953.1504676405176,201.68236764358545,1.0000788625893144,1.0000867875741777,-0.00036916627225,0.0005718134523485,342.52777369851174,23_SPOT_FE1,525.02,0.0
21457.1463125,0.0394466926246898,-0.2759242623245525,-3.4376524078451305,880.3138819696237,274.3223295501272,1.000097720727524,1.00010437090728,-0.0003717304129419,0.0006199676553169,338.15517926928254,23_SPOT_FE1,525.02,0.0
21458.4937375,0.0395571561433825,-0.3084593746568728,-3.431528779521067,876.1632038028195,285.06588676153814,1.000107964169236,1.0000711988995432,-0.0003747641560685,0.0006054029146426,340.3726879642549,23_SPOT_FE1,525.02,0.0
21459.844929166666,0.0408324607586065,-0.2890706337654958,-3.4370225219545887,870.0902778216332,272.0011372735751,1.000077451979699,1.0000631484658378,-0.0003497101557346,0.0005852246021581,341.76978832644704,23_SPOT_FE1,525.02,0.0
21461.191479166668,0.0372840732021373,-0.3402592504576658,-3.429420636378398,879.3913044538513,331.5150139749495,1.0000587759788593,1.0000836200302947,-0.0004148924985648,0.0006392079753783,335.78800661146096,23_SPOT_FE1,525.02,0.0
21462.54634583333,0.0334574394385656,-0.2193486747317352,-3.325013455571927,955.9856481452188,202.8373879171415,1.00006523585552,1.0000893218532927,-0.0004511299664192,0.0006869583095055,337.36635800337865,23_SPOT_FE1,525.02,0.0
21463.983775,0.0354382913100389,-0.2241077444991273,-3.3106003092058285,951.941547765548,207.3074906706437,1.0000787884949522,1.0000413791863243,-0.0004503545629773,0.0006470039381219,339.67755607690816,23_SPOT_FE1,525.02,0.0
21465.3333875,0.039065487893528,-0.3091175837340804,-3.396716574323232,880.1363131576553,294.95728160159507,1.0000918892680053,1.000066211494684,-0.0004028448038938,0.0005771485527187,345.01407210483234,23_SPOT_FE1,525.02,0.0
21466.769329166666,0.0354462264842012,-0.2519350710866088,-3.321185039823021,954.74802692228,226.8099135605744,1.0000914948602528,1.0000605233401811,-0.0004580062240394,0.0006788134235657,357.861765180628,23_SPOT_FE1,525.02,0.0
21468.1298,0.030885060452758,-0.2312039923277796,-3.3169780452318283,953.6528395221158,201.4237966644411,1.000073147781192,1.0000748540347109,-0.0004798408657934,0.000730345406592,352.10980975198765,23_SPOT_FE1,525.02,0.0
21469.56188333333,0.0332060061226558,-0.2684027511583525,-3.3203243709691943,950.0683644821844,224.3311951138872,1.0000607980495206,1.0000604104467936,-0.0004212210068237,0.0007035250964579,366.0970841461012,23_SPOT_FE1,525.02,0.0
21470.910450000003,0.0336277815902999,-0.3496326480702664,-3.3793090226769453,886.0977439144141,329.7483555446666,1.0000555806711846,1.0000676690342976,-0.0004734395353616,0.0006795481065181,346.81236309895473,23_SPOT_FE1,525.02,0.0
21472.3428875,0.0342366426357416,-0.2033846753731,-3.28693236135892,970.039019550112,211.3173663558857,1.00003225710534,1.000081052880292,-0.0004740013796388,0.0006894764642687,344.9210320388801,23_SPOT_FE1,525.02,0.0
21473.777866666667,0.0331191762062786,-0.2385657330615097,-3.2833434861915545,956.7056311948696,207.4410918724392,1.0000369682604366,1.000043318500138,-0.0004520647181776,0.00069961775632,355.5072517590743,23_SPOT_FE1,525.02,0.0
21475.127129166667,0.0325175306500202,-0.2772953615634164,-3.3719060545052577,892.765366910818,262.19918369856526,1.0000380938949296,1.000072882376414,-0.0004706350041514,0.0007037906386405,348.4902203408814,23_SPOT_FE1,525.02,0.0
21476.56745,0.0267212899330858,-0.2200261974984706,-3.28070006827877,950.771106462422,202.3945232992705,1.0000624732940533,1.0000708369582318,-0.0005793402042704,0.0007809502231347,349.82478429246095,23_SPOT_FE1,525.02,0.0
21477.91688333333,0.0338102793893484,-0.2104753540887175,-3.307872225334727,954.3062176924556,202.1780418959683,1.000047898450685,1.000061061598223,-0.000456242340009,0.0006879094644963,353.1601530984323,23_SPOT_FE1,525.02,0.0
21479.34985,0.0315318037947412,-0.2056270441070524,-3.2958751909255266,963.256338783734,211.7904437250348,1.000067762660002,1.0000544616529308,-0.0005272666979722,0.0007121928107494,353.308319033356,23_SPOT_FE1,525.02,0.0
21480.698587500003,0.0327796820724361,-0.2850411560678979,-3.3801721271765364,879.0410777453785,263.01131034276494,1.0000865285709035,1.000078248419856,-0.0004721556657055,0.0006855300212196,352.951815208745,23_SPOT_FE1,525.02,0.0
21482.136716666668,0.0371123364177589,-0.3335749533589039,-3.388400784627497,878.6394625493028,320.94524006327504,1.0000898676549734,1.000093764137803,-0.0004327318980389,0.0006339768018022,347.95587521062566,23_SPOT_FE1,525.02,0.0
21483.48834583333,0.0338200496401413,-0.2204574981036915,-3.2854945669042146,949.8770530453504,209.2862845444062,1.0001225002157164,1.0000565460234407,-0.0004468206774077,0.0006930065335883,344.1583612620481,23_SPOT_FE1,525.02,0.0
21484.923583333333,0.0341691487348845,-0.2488735909495641,-3.309124440581019,951.7892580882738,237.0880572787904,1.0001213411701446,1.0000970065074786,-0.0004569098814853,0.0006726778615592,332.2507396151987,23_SPOT_FE1,525.02,0.0
21486.35935,0.0394650274461468,-0.1833462903475307,-3.3280814662606684,938.3542005341016,209.37400461550823,1.0000660263675527,1.0000816884875223,-0.0004117516348387,0.0005821346203748,329.9129406986362,23_SPOT_FE1,525.02,0.0
21487.71194166667,0.0361862657349493,-0.1833204730023044,-3.34460660519169,923.07032789133,205.05005007505395,1.000022679011629,1.0000994313948213,-0.0004419588170043,0.0006494687007002,334.0289531307791,23_SPOT_FE1,525.02,0.0
21489.06470833333,0.0388975651519316,-0.2002142398717992,-3.3277096185646657,949.0814098964312,200.00005244840165,1.000032482601202,1.0001024773151872,-0.0003701361035631,0.0005777968390162,335.0200648224391,23_SPOT_FE1,525.02,0.0
21490.496183333333,0.0378473017792892,-0.2738230402230784,-3.396323240489659,882.1777532907565,273.17932355695456,1.0000421021776922,1.0001017962806409,-0.0004255778768036,0.0006110683844192,332.78370810722555,23_SPOT_FE1,525.02,0.0
21491.851225,0.0370272820564932,-0.3024157152837867,-3.383893743016529,873.8757398124588,308.9372115356528,1.00002017903827,1.0000436923843576,-0.0004151840643293,0.00064891258482,331.6678645234373,23_SPOT_FE1,525.02,0.0
21493.202941666663,0.0372272030587838,-0.2991905451147925,-3.3492476153928807,897.5059163181686,300.2491632922556,1.0000162745178969,1.000073094561148,-0.0004524467058265,0.0006449722386798,339.8037242730507,23_SPOT_FE1,525.02,0.0
21494.558066666665,0.0361073593148145,-0.2065318734429466,-3.290307174693376,950.20864196991,208.5581130036968,1.0000460285509738,1.000086683345756,-0.0004355646518455,0.0006213484149215,337.71460216670687,23_SPOT_FE1,525.02,0.0
21495.9124125,0.0366326344074445,-0.3007567872315332,-3.3774170862045856,874.7840087790614,287.7010005868339,1.000017119356983,1.0000819150995324,-0.0004407567088658,0.0006279502247432,346.70687370858934,23_SPOT_FE1,525.02,0.0
21497.350191666665,0.0379838562056853,-0.2776496160279587,-3.359463459509344,888.1114941063314,276.8520390075921,1.0000296044797683,1.000092067875414,-0.00044050843526,0.0006273658497324,344.23244183472247,23_SPOT_FE1,525.02,0.0
21498.70488333333,0.0357192406131084,-0.2222709184763815,-3.277059075901068,947.7075124330964,203.17136024022832,1.0000452178964565,1.00007000820053,-0.0004489314745255,0.0006467334376574,341.80578354582264,23_SPOT_FE1,525.02,0.0
21500.139775000003,0.035345640205435,-0.3095821076246384,-3.36192339496676,882.4811085524907,279.8476630238025,1.000036840250419,1.0000526580607187,-0.0004537553106589,0.0006497708430493,343.90110504395983,23_SPOT_FE1,525.02,0.0
21501.580441666665,0.0359577371921368,-0.240782259197849,-3.276313664516319,946.083244389837,231.70895442633497,1.00001855265653,1.0000719894935877,-0.0004297443547435,0.0006550977788145,351.2994028395854,23_SPOT_FE1,525.02,0.0
21502.935220833333,0.0316570245618308,-0.2291609325149874,-3.2780120461420275,953.1650249028067,211.0323366139997,1.0000388682090915,1.000071886235563,-0.0005157055502898,0.0007243246921295,355.59957964718166,23_SPOT_FE1,525.02,0.0
21504.285708333333,0.0360803331593122,-0.2225848312807475,-3.299057659054041,946.921899406,211.98627571065435,1.000004729044592,1.000057756988425,-0.0004529622438237,0.0006351919335837,339.5274771706672,23_SPOT_FE1,525.02,0.0
21505.633833333333,0.0339164894140375,-0.2745636780283805,-3.350706959527606,887.3145075756986,270.05598512653575,1.0000128225389897,1.0000737215444104,-0.0004640805853345,0.0006869583268945,339.11767222840666,23_SPOT_FE1,525.02,0.0
21506.984416666663,0.0394849489309755,-0.2849756253911406,-3.3559927310953293,871.4816643534524,271.5107839843076,0.9999913432784864,1.000043947723432,-0.0003976687824757,0.0005651674480665,347.9392719843866,23_SPOT_FE1,525.02,0.0
21508.415716666663,0.040403937237877,-0.3112663957063085,-3.3165313516108395,901.3285241369398,288.77609129574955,1.0000310382994306,1.0000703026268651,-0.000378795326256,0.0005562882283134,337.4568349127676,23_SPOT_FE1,525.02,0.0
21509.870825,0.0387665855586763,-0.3372282133483512,-3.3659873666915594,873.6115807939426,322.53892276691323,1.0000339730710894,1.0000725240033534,-0.0004229943573302,0.0005983293747559,332.9606230344848,23_SPOT_FE1,525.02,0.0
21511.310616666666,0.0378675301979102,-0.2794828093401797,-3.360826311073952,878.3910450976441,266.56261274467823,1.0000514378842476,1.0000490785078289,-0.0004234368275919,0.000627307719394,339.39053436572533,23_SPOT_FE1,525.02,0.0
21512.74507083333,0.0397282565462898,-0.2272137373532786,-3.2712547936399883,944.6971687308892,208.2427895061013,1.0000298609068945,1.0000623541593137,-0.000377914065157,0.0005765878579606,349.5676643164915,23_SPOT_FE1,525.02,0.0
21514.1785625,0.0403289313709761,-0.2623075884543134,-3.3566433750882965,875.5208649011166,263.3177036103207,1.000024555926753,1.0000509838603475,-0.0003879438611897,0.0005544168085239,342.8695396095036,23_SPOT_FE1,525.02,0.0
21515.52905,0.040440154801027,-0.2920093810943841,-3.3618694172717736,864.2549894683343,273.6487921758024,1.000057408444292,1.000073947546137,-0.0003721135477621,0.0005594942271511,343.7762024454964,23_SPOT_FE1,525.02,0.0
21516.8791,0.0431716477163164,-0.4361462059852373,-3.3566600932329584,848.358214300409,404.9055122776708,1.0000598704385917,1.0000404467967243,-0.000343224756778,0.0004805188051087,355.707328684456,23_SPOT_FE1,525.02,0.0
21518.309441666664,0.0402065829899412,-0.3586777093339536,-3.3498288414722723,867.0705783724773,330.6280294439846,1.0000499689752638,1.000059280850451,-0.0003921690295877,0.0005599225166149,353.49625153467633,23_SPOT_FE1,525.02,0.0
21519.66045416667,0.0396705397909461,-0.335284272677636,-3.335110995087559,870.621170929511,317.90334803897366,1.0000239941374536,1.0000406564800974,-0.0004080533440572,0.0005475547638439,347.6992445363055,23_SPOT_FE1,525.02,0.0
21521.1013,0.0360156885259648,-0.2959789442281949,-3.350464372977676,889.7076342446744,278.99060169788606,1.0000487038008394,1.0000984636789017,-0.0004462309435748,0.0006375195631185,350.3552016006573,23_SPOT_FE1,525.02,0.0
21522.543629166667,0.0423039823130449,-0.3595574597084541,-3.3552640470875943,863.039562297736,336.71115936052377,1.000034533729041,1.000056117436842,-0.0003578373946303,0.0004970282901367,342.55780978904806,23_SPOT_FE1,525.02,0.0
21523.895783333333,0.0421010712407055,-0.3985427110542756,-3.374086546411795,861.0297061093967,388.04387514848935,1.0000412658303492,1.0001093867426458,-0.0003562195462673,0.0005341298130625,336.3163664857858,23_SPOT_FE1,525.02,0.0
21525.2524,0.0414237022703082,-0.3697796666213668,-3.375698646915973,859.0529573785407,363.8483588015811,1.000038294696062,1.000112564913462,-0.000391501296661,0.0005445106704937,336.1963392793579,23_SPOT_FE1,525.02,0.0
21526.697183333334,0.0383190180655596,-0.2889592897098088,-3.348978034403741,875.4493526235708,279.3152727651561,1.000023544202877,1.0000758353970365,-0.0004256157242561,0.0005970995336158,333.8467335957124,23_SPOT_FE1,525.02,0.0
21528.135666666665,0.0400532283343123,-0.2786653003217559,-3.358305590479949,876.2217254488316,275.89680551425903,1.0000180468817497,1.000088132735979,-0.0003965983312087,0.0005642969457341,332.71299140060773,23_SPOT_FE1,525.02,0.0
21529.57650833333,0.0399960738468282,-0.2842111408775705,-3.35398459819282,870.8482423293149,289.6476245864564,1.000006768162202,1.0000733130618331,-0.0004230045063987,0.0005749946630565,333.6260059739936,23_SPOT_FE1,525.02,0.0
21530.932075000004,0.0383812661387727,-0.3687956986974751,-3.32910183315682,869.9589123669851,344.61710738973164,1.0000251452487925,1.000033734857672,-0.0004242645702185,0.0005656989341971,346.187737965025,23_SPOT_FE1,525.02,0.0
21532.37309166667,0.0374435871291406,-0.2813487115931551,-3.315403022573905,880.2335679352117,284.9899714072141,0.9999961394763882,1.000019384185818,-0.0004577175604311,0.0005481808482023,346.658797119781,23_SPOT_FE1,525.02,0.0
21533.729008333336,0.0408644438006832,-0.3381300627973491,-3.312962781666844,869.075017728762,327.1509030118504,1.000008679445215,1.0000329868108642,-0.0004097691038523,0.0005351585261276,347.06755525726464,23_SPOT_FE1,525.02,0.0
21535.16959166667,0.0379784528331225,-0.3310366405351081,-3.317584201153027,878.0578553201059,317.8291817491596,1.0000315771155122,1.0000518216444367,-0.0004424785880578,0.0005817574718912,352.65483112334454,23_SPOT_FE1,525.02,0.0
21536.60719583333,0.0350837819057669,-0.2120494703294125,-3.2449070167580376,940.5450780952638,203.3590748052108,1.0000187457477911,1.00005081788415,-0.0004925753661908,0.0006259498662632,352.9626244006615,23_SPOT_FE1,525.02,0.0
21538.042520833333,0.0360026143127375,-0.2756277034334971,-3.29707200968246,885.914368212082,259.34642640305924,1.0000676361937524,1.0000720471238025,-0.0004777336259467,0.0006404803635065,352.47024027532274,23_SPOT_FE1,525.02,0.0
21539.490016666667,0.035502010521582,-0.3835828555144805,-3.2973449932165626,876.7408674282115,360.30138722680806,1.000061764525758,1.0000314088939313,-0.0005004809786345,0.0006491100256029,352.960657067885,23_SPOT_FE1,525.02,0.0
21540.84655,0.0321191999578666,-0.3743246304608315,-3.305519866833562,875.7441544330939,347.4186707686442,1.0000677989260365,1.000053349373564,-0.0004949817027257,0.0007008230321404,346.6821921760581,23_SPOT_FE1,525.02,0.0
21542.198966666667,0.0358839258060181,-0.5395479619002541,-3.336670298960235,852.5308285030853,509.0865130702851,1.0000654659837802,1.0000867582726896,-0.0004548259676946,0.0006483472380496,342.0985749296452,23_SPOT_FE1,525.02,0.0
21543.552958333334,0.0371458492079657,-0.3249557405570194,-3.3233156755700466,876.2631265847192,302.7965832047548,1.000031216474948,1.000064020763831,-0.0004453701072228,0.0006315211986665,346.3951585577836,23_SPOT_FE1,525.02,0.0
21544.990475,0.0366337595943707,-0.3540499157839422,-3.312454575808408,877.2161662577406,323.15784640270465,1.000048070166655,1.000046828946598,-0.0004474711207811,0.0006343788550945,353.5125489856326,23_SPOT_FE1,525.02,0.0
21546.340616666665,0.035576628240009,-0.3140639882781282,-3.3147493356259083,873.9940075716609,284.157172903565,1.0000735834129624,1.0000753162940057,-0.0004454809676378,0.0006491936446584,353.34552144353535,23_SPOT_FE1,525.02,0.0
21547.77567916667,0.0394362608616952,-0.5261412654068566,-3.3146600393245587,850.5420668437268,476.3069807688849,1.0000677345956284,1.0000212897281573,-0.0003876211931375,0.0005816393264396,353.18715810665753,23_SPOT_FE1,525.02,0.0
21549.125991666664,0.0351373155690234,-0.326480736233364,-3.3016417074336,876.4465115361678,300.33333813876544,1.000016245159008,1.0000424169371007,-0.0004681336114972,0.0006779561165269,346.3001884462921,23_SPOT_FE1,525.02,0.0
21550.472891666668,0.0324066806335297,-0.2659435577620762,-3.1713843829704875,988.9551483816246,241.4964540415952,1.0000241900585536,1.0000547624799725,-0.0004932589680747,0.0007133489280248,347.93138836346714,23_SPOT_FE1,525.02,0.0
21551.914,0.0325532727242189,-0.2234673057781503,-3.250406992987936,938.0251127559033,212.65790209417528,1.0000239553564083,1.0000917267195475,-0.0005094724364451,0.000684919787111,345.5849099919932,23_SPOT_FE1,525.02,0.0
21553.26168333333,0.0349981575343558,-0.3670220630153273,-3.312466676017316,868.3028559133373,358.36760448752494,0.9999846567881728,1.0000635461456102,-0.0004790441831748,0.000651300549407,347.6044758185459,23_SPOT_FE1,525.02,0.0
21554.6935125,0.0397200818520365,-0.4329829040398676,-3.310355375681176,857.0729892519539,411.604987851537,0.9999922184843424,1.0000638748876416,-0.0003928853501786,0.0005682811015332,352.70631612407647,23_SPOT_FE1,525.02,0.0
21556.045141666666,0.0413191829327278,-0.3780623947809849,-3.297360437951637,863.6759524539655,359.2087891833536,0.999970005453791,1.000026584985302,-0.0003714485244911,0.0005661543789857,354.90193929191,23_SPOT_FE1,525.02,0.0
21557.483616666665,0.0405905417664365,-0.3243409322931809,-3.324178004867836,865.1113817613902,304.9279433572135,1.0000311742279306,1.0000941449177838,-0.0003710665841067,0.0005741782009193,350.3244454583847,23_SPOT_FE1,525.02,0.0
21558.919733333336,0.0357777417098938,-0.287959766704735,-3.318319931240629,869.7336476854279,270.0380584087104,1.0000538945386586,1.0000819313535263,-0.0004370961171427,0.000640318086111,349.22348356347004,23_SPOT_FE1,525.02,0.0
21560.2715375,0.0369464112567749,-0.4959912768305917,-3.2810726138791795,853.8346064449872,453.8023618203272,1.0000521851787658,1.0000354357865728,-0.0004332627016541,0.0006364166075667,351.7462617118072,23_SPOT_FE1,525.02,0.0
21561.62973333333,0.0358743544832098,-0.3384601568479788,-3.281366615795027,875.2487961923201,316.2153670643605,1.0000030136683449,1.000051123981213,-0.0004735611039651,0.0006493647218896,363.7603786862278,23_SPOT_FE1,525.02,0.0
21563.069,0.0336112085855113,-0.2186923397849244,-3.192317825443152,949.5704729488896,209.6436673965192,0.9999995672384506,1.0000736115066584,-0.0004768741752349,0.0006877426019815,360.2446993652376,23_SPOT_FE1,525.02,0.0
21564.422375,0.0308424165034371,-0.2447505491363622,-3.221408503869129,943.6892112701776,208.06458630661487,1.0000583872730928,1.00006666685552,-0.0004939292268261,0.0006941969298913,357.0860751191159,23_SPOT_FE1,525.02,0.0
21565.77540833333,0.0333247992816601,-0.2328400693442904,-3.193815798440292,954.04713685516,208.8002953836981,1.0000312705943806,1.0000838103626537,-0.000468047511289,0.0006679813225414,353.08071959056537,23_SPOT_FE1,525.02,0.0
21567.122566666665,0.0312319894682464,-0.2825473221798512,-3.169738992657876,948.6422511979158,240.2766523975868,1.000012843718648,1.0000667843721884,-0.0004899841938941,0.0007172100879215,351.47522624665606,23_SPOT_FE1,525.02,0.0
21568.474108333336,0.0321055384394425,-0.231904900339894,-3.1917379416692584,954.5259682295832,205.24738996771663,1.000018478402949,1.0000554701346809,-0.0005042193071895,0.000706282443964,358.17585601556067,23_SPOT_FE1,525.02,0.0
21569.82608333333,0.030135198836708,-0.2976395248712872,-3.270798366497898,893.9656664419814,260.0166238849295,1.0000268081165264,1.0000785482213748,-0.0005089349055286,0.0007264743234391,363.8794902168349,23_SPOT_FE1,525.02,0.0
21571.177366666667,0.0336760580993934,-0.2615778158245239,-3.1942550331244206,953.3471578581484,210.8872571624418,1.0000495177911155,1.0000869959550192,-0.0004336669385313,0.0006530649522254,364.5172933701063,23_SPOT_FE1,525.02,0.0
21572.61383333333,0.037819180630807,-0.4130691482580899,-3.2724714510382773,865.5021300121645,355.02299963999275,1.0000257538251751,1.0000416424214504,-0.0004159467548465,0.0005901010286766,356.0505089265708,23_SPOT_FE1,525.02,0.0
21573.965720833334,0.0389077370884881,-0.3317905579018814,-3.236252644866468,873.2738126936066,288.5429403265597,0.999997862669894,1.000038600831364,-0.0004048190473026,0.0005679282999173,364.5703070609085,23_SPOT_FE1,525.02,0.0
21575.31515833333,0.0380771252727648,-0.3473337049627203,-3.243772804494624,880.1236243590155,303.7961886160461,0.9999952572080776,1.0000337432541662,-0.0004113394961426,0.0006043717598904,357.9078401027934,23_SPOT_FE1,525.02,0.0
21576.66285,0.0388708438814497,-0.244664371945263,-3.1839266148682754,937.8641335076544,203.74924504190489,1.0000077013232709,1.0000628449498807,-0.0003735167927008,0.0005618003292169,357.7819387344234,23_SPOT_FE1,525.02,0.0
21578.010275,0.0400116460236832,-0.5764006061219302,-3.2824861253357964,842.4702565481991,523.392063894488,1.0000070306506832,1.0001035672815688,-0.0003676490099491,0.0005286469751936,353.40318086153104,23_SPOT_FE1,525.02,0.0
21579.37643333333,0.0438407925064198,-0.5640978997164526,-3.2906392455921782,835.3214013763657,505.33363090733445,1.000042946733933,1.0000956384584423,-0.0003244454824726,0.0004606429747655,350.87280840417543,23_SPOT_FE1,525.02,0.0
21580.724120833333,0.0440935181517189,-0.2878300204127368,-3.293891016413448,859.7703503125828,260.4872169605705,1.0000529669808549,1.0000638535307165,-0.0003329910677246,0.0004924490667269,349.11004118748224,23_SPOT_FE1,525.02,0.0
21582.16662916667,0.04022249328055,-0.3332725908707589,-3.288752489119347,859.7465026231193,305.36766030569095,1.0000162984524237,1.000050913108114,-0.0003870763276113,0.0005570644873762,349.8293633514218,23_SPOT_FE1,525.02,0.0
21583.516416666665,0.0408900716417577,-0.2287063200591501,-3.208032981018595,930.0761245571184,201.61152236165023,1.0000380444388184,1.0000823071107616,-0.0003706625906944,0.0005448488003048,353.0173690702341,23_SPOT_FE1,525.02,0.0
21584.95472083333,0.0424094519057698,-0.4437173778956502,-3.293947298599784,843.0410481521523,417.2994999505073,1.0000262202754986,1.0000679389102431,-0.0003706552852934,0.0005194338528904,351.4393327154472,23_SPOT_FE1,525.02,0.0
21586.314754166666,0.0392036456312142,-0.4659676679134136,-3.2517942851015755,855.7208587666944,414.14817253231246,1.0000455825440944,1.0000565838488318,-0.0004068500880073,0.0005533197552756,362.37079081285407,23_SPOT_FE1,525.02,0.0
21587.758925,0.0376421766892253,-0.5182468786456655,-3.2539375582983263,853.4195557531642,457.890714985281,1.0000407358999084,1.0000380369921051,-0.0004139659528299,0.0006120245787475,358.037548177182,23_SPOT_FE1,525.02,0.0
21589.106,0.037828086053469,-0.4153492257260732,-3.262824344594252,862.3432219546352,374.8318962581423,1.0000315441594188,1.000035990802522,-0.0004437608842899,0.0005988667162945,356.5522554308752,23_SPOT_FE1,525.02,0.0
21590.550258333333,0.0393832779225244,-0.4942896995820539,-3.268618979034002,856.7454042545609,449.29319536327847,1.0000307961374542,1.0000513944990497,-0.0004127649189601,0.0005685767000664,363.9956449980086,23_SPOT_FE1,525.02,0.0
21591.90223333333,0.0381837389248943,-0.5422019835520363,-3.267895512724964,852.5203249904292,462.3610052630496,1.000051740763416,1.0000683087630775,-0.000403484245223,0.0005747541694377,365.7881192944135,23_SPOT_FE1,525.02,0.0
21593.340891666667,0.0408869504741919,-0.5060112277131341,-3.263201179150572,850.4301974015474,446.7423383874749,1.0000507884092829,1.0000400408213608,-0.0003839091084862,0.0005479255441634,357.0760466562353,23_SPOT_FE1,525.02,0.0
21594.686125,0.0391266997240214,-0.5881383931423162,-3.252742491805044,845.2719695483258,513.5135024715762,1.000057251077124,1.0000574679388612,-0.000411716931201,0.0005671629361841,361.22599231048616,23_SPOT_FE1,525.02,0.0
21596.0332,0.0379893793633146,-0.494313327452225,-3.2645290395417184,857.2423842320729,430.1181955050374,1.0000528410813634,1.000064079469939,-0.0004128181517762,0.0005914197030113,352.13591665534085,23_SPOT_FE1,525.02,0.0
21597.470983333333,0.033461745877372,-0.4076846849867777,-3.246536775030226,868.5414982502793,368.465095679376,1.0000151731367737,1.000077009815062,-0.0005229998554633,0.0006758757824088,346.87653520788564,23_SPOT_FE1,525.02,0.0
21598.911125,0.034158958545941,-0.3801057091499379,-3.271861072964561,858.2861453393556,357.7920478055347,1.000051170591303,1.0001060893212617,-0.0005027034590379,0.0006884773935711,349.76915302292514,23_SPOT_FE1,525.02,0.0
21448.098599999998,0.08572774982638859,-0.6685342584460924,-3.5375425076996247,797.8497995270503,661.5980739751546,0.9999326714339788,1.0001543210862351,0.00032842116252565875,-9.629256228290853e-05,247.37396143193882,23_SPOT_FE1,525.06,0.0
21448.0986,0.0855998018683456,-0.6626573169362515,-3.535396040724987,796.2825059675116,658.6611373734976,0.9999283371334132,1.0001593554519776,0.0003273522463996,-8.031909866025729e-05,258.94672953578305,23_SPOT_FE1,525.06,0.0
21448.0986,0.0857278211715367,-0.6685342396110123,-3.5375425150290662,797.8498413631199,661.5981249483159,0.9999326720596248,1.000154321547761,0.0003284226093552,-9.629392066675268e-05,247.37497315579503,23_SPOT_FE1,525.06,0.0
21448.0986,0.0894914357003289,-0.667176089660883,-3.5429013958556097,800.7363956398978,665.1158583722074,0.9999328423481456,1.0001451939792605,0.0003941918640574,-0.000177649871535,288.064691484926,23_SPOT_FE1,525.06,0.0
21448.0986,0.0300311423652422,-0.1310121292901343,-1.85161480738102,981.6016019248098,322.5640910994783,0.9999324849732948,0.9984266980097484,-0.0006657175152431,-0.0021958538529306,707.9504423481831,23_SPOT_FE1,525.06,0.0
21448.0986,0.0300311423652422,-0.1310121292901343,-1.85161480738102,981.6016019248098,322.5640910994783,0.9999324849732948,0.9984266980097484,-0.0006657175152431,-0.0021958538529306,707.9504423481831,23_SPOT_FE1,525.06,0.0
21448.0986,0.0300311423652422,-0.1310121292901343,-1.85161480738102,981.6016019248098,322.5640910994783,0.9999324849732948,0.9984266980097484,-0.0006657175152431,-0.0021958538529306,707.9504423481831,23_SPOT_FE1,525.06,0.0
21448.0986,0.0300311912528076,-0.1310125088390283,-1.851615067481924,981.6018160603512,322.5640928771721,0.9999324843115842,0.998426697730819,-0.0006657161056002,-0.0021958543815089,707.9510388188111,23_SPOT_FE1,525.06,0.0
21449.52885,0.0360677545941748,-0.1396449963783742,-1.815281712372948,968.21900966496,327.43839512076545,0.9999395130431912,0.9984481851140982,-0.0005744238154657,-0.0023074892721349,690.1059129285347,23_SPOT_FE1,525.06,0.0
21450.877416666663,0.0393625418228989,-0.1376222049247972,-1.802639633212472,956.0799274954808,327.98017417543,0.9999328204096936,0.9984552038549412,-0.0005468444737182,-0.0023921882437735,711.5729362329265,23_SPOT_FE1,525.06,0.0
21452.317645833333,0.038646018551763,-0.123689107836126,-1.808262706316827,973.999675668893,325.2436333170646,0.9999371687300868,0.9984112272806128,-0.0005561111745496,-0.0023264717214859,703.2454528016463,23_SPOT_FE1,525.06,0.0
21453.761466666667,0.0828164939996119,-0.6888523270386628,-3.523183610603426,793.0203434227255,657.9628971043113,0.9998734087299582,1.000164041396812,0.0002677117016393,-4.040673004220058e-05,87.91552395591197,23_SPOT_FE1,525.06,0.0
21455.114666666665,0.0821266058300673,-0.6929728373361849,-3.536588827606387,791.3432629535774,659.5422021241616,0.999881198404238,1.000155204065127,0.0002566615901584,1.419994921603013e-05,95.59942293810714,23_SPOT_FE1,525.06,0.0
21456.464545833333,0.0877485341164325,-0.7782907140947801,-3.513831375005742,794.7694349981482,726.2831156752499,0.9998837037718226,1.00016798547945,0.0003684462910629,-0.0001361609099143,103.70998512366832,23_SPOT_FE1,525.06,0.0
21457.81258333333,0.0904535785248605,-0.7445326336898781,-3.5234582612285243,790.3133726156536,707.4788383050563,0.9998895843595558,1.0001599908752952,0.0004193009010248,-0.0001656573699241,103.95376440652686,23_SPOT_FE1,525.06,0.0
21459.1622,0.0919026400494686,-0.7286588385096526,-3.528536186362061,791.2696116342329,692.4948002462897,0.999872939584047,1.0001455162889878,0.0004392322837446,-0.0001967160490717,86.16643718077684,23_SPOT_FE1,525.06,0.0
21587.071116666662,0.0855555060646757,-0.9110548324019154,-3.3226439804385586,793.8257966950497,801.1486697223073,0.9998873584015766,1.0001500379174617,0.0002976260891213,-3.560049794568986e-05,90.92066567122735,23_SPOT_FE1,525.06,0.0
21588.424408333336,0.0855438643222972,-0.8669230617350944,-3.3525315794088653,792.7942383005699,753.6102610432237,0.9998900892496886,1.0001302434397843,0.0002913235567487,-4.775133642298822e-05,84.77226756942291,23_SPOT_FE1,525.06,0.0
21589.86385,0.0827178289231676,-0.8307908385384551,-3.33746155753678,791.8135859286753,720.532134772033,0.9998780269345066,1.0001248430559724,0.0002697027794536,-3.080662230387103e-05,84.77803506663764,23_SPOT_FE1,525.06,0.0
21591.219241666666,0.087575937602171,-0.949441456057938,-3.3165484295639813,796.1489185929407,811.3684443478302,0.9998795532540578,1.0001273376629405,0.0003323366798087,-0.0001201411513414,88.4469087955796,23_SPOT_FE1,525.06,0.0
21592.656583333337,0.0844024344386602,-0.9316221849021106,-3.3273528704900293,796.4239730935869,799.866878799412,0.9998818013397236,1.0001385258286055,0.000280787425084,-6.276613528280769e-05,91.74349698472456,23_SPOT_FE1,525.06,0.0
21594.005933333334,0.0833361760549133,-0.9248820935943982,-3.333462294807469,795.0838254048576,794.9664734009076,0.9998766974010516,1.0001331770886104,0.0002646510377684,-3.867793633594959e-05,88.68805595985775,23_SPOT_FE1,525.06,0.0
21595.35248333333,0.0871604931654423,-1.035347976014564,-3.296459611732862,800.4555556455622,883.1719342196232,0.9998727773140172,1.000149756745213,0.0003202896725062,-0.000104457686203,84.62503367970243,23_SPOT_FE1,525.06,0.0
21596.787025,0.0829648180180383,-0.7923399536986832,-3.333669090673222,790.15242964019,687.9619101870949,0.9999000162637608,1.000136352819715,0.000278606046557,-1.803858742864288e-05,94.92518409564428,23_SPOT_FE1,525.06,0.0
21598.22926666667,0.0848422781875597,-0.9535423152815966,-3.32071067671676,795.1344916709345,808.7560644680007,0.9998887399208212,1.0001387992978323,0.0002818890711818,-4.789583506876893e-05,92.28497148321954,23_SPOT_FE1,525.06,0.0
