timestamp,angle_deg,t_y,t_x,center_y,center_x,scale_x,scale_y,shear_x,shear_y,fun,obs_ID,line,wave
16415.8327375,0.0346253330661343,-0.7610794652912118,-3.488811954544288,798.0634579512395,775.6722522503128,0.9999508710060168,1.000018542888282,-0.0004950139749426,0.0007078756839975,195.1772190095761,04_QSUN_QS8,525.02,0.0
16417.376891666667,0.0304644365461384,-0.7961807336857056,-3.5033027328698174,798.3953989369647,792.5029529325153,0.9999651849091108,1.000095909674158,-0.0005907228199531,0.0007637546129396,101.69770714690632,04_QSUN_QS8,525.02,0.0
16418.834195833333,0.0329336837155202,-0.6019379749679836,-3.485074561444087,809.0814232059377,628.8978976025118,0.9999074291960264,1.0000949959245653,-0.0005561481898239,0.0007393967221059,165.96586320246058,04_QSUN_QS8,525.02,0.0
16420.288083333333,0.0410670670146899,-0.6394992824888787,-3.497120389487796,802.7481737671075,662.4932286970984,0.999903331913011,1.000056687457727,-0.0003940155706729,0.0005720285712072,212.5424421853391,04_QSUN_QS8,525.02,0.0
16421.748366666667,0.0282083513357818,-1.0115283046573604,-3.492402643472327,775.9428676816722,997.3743272228712,0.9999084344702954,1.0000857169638853,-0.0006198126572046,0.0008063494265404,138.14632710972177,04_QSUN_QS8,525.02,0.0
16423.203566666667,0.0318718942532935,-0.588431856558419,-3.477285408034763,811.7432325297619,624.1457548587446,0.999966103994038,1.0000311273637947,-0.0005685683039951,0.0007455695580456,102.24771703580063,04_QSUN_QS8,525.02,0.0
16424.656750000002,0.0382325428266539,-0.2220598309648461,-3.4885481221203176,829.6986481937707,279.3977686984127,0.999970186300439,1.0000901027394535,-0.0004489711255026,0.0006285875619016,104.74156335423956,04_QSUN_QS8,525.02,0.0
16426.112916666665,0.028842988762899,-0.8930489054326963,-3.517015284899678,789.4158442361144,899.3287642156437,0.999959131382924,1.0000227959171508,-0.0005801187262708,0.0007877171008341,97.40175595027836,04_QSUN_QS8,525.02,0.0
16427.485470833333,0.0277308020209543,-0.4017122707788194,-3.4732777222548625,824.4277295110343,444.72277159914535,0.999964181138712,1.000035151802228,-0.0006150344852794,0.0008153396071253,97.31848736709664,04_QSUN_QS8,525.02,0.0
16428.94575,0.0225752040296593,-0.3517817023490461,-3.4887220298116564,832.9831095358336,414.15752677867255,0.9999218903100104,1.00008384888083,-0.0007007293793525,0.0008896336771446,111.53334677461456,04_QSUN_QS8,525.02,0.0
16430.316291666666,0.0247603406280396,-0.470538249642679,-3.4803367179719635,826.1299976190624,514.192254279158,0.9999123436414104,1.0000376618784534,-0.0006772901205256,0.0008608332018841,118.06183996111852,04_QSUN_QS8,525.02,0.0
16431.856941666665,0.0206701102167398,-0.6076475870013032,-3.464882766451627,832.919917910655,637.805951266942,0.9999658870937358,1.0000873378193949,-0.0007278483192078,0.0009262062374963,115.88583713051162,04_QSUN_QS8,525.02,0.0
16433.224941666667,0.033338022289024,-0.4803992045902507,-3.462968680528251,838.8220363508588,508.8573099915292,0.9999589538506444,1.000096939557066,-0.0005219121093276,0.0007110735431673,123.67268493331672,04_QSUN_QS8,525.02,0.0
16434.593816666667,0.0379156445885226,-0.5488472465860683,-3.501802553148821,811.7669413622075,585.4473741867653,0.9999581432817544,1.000022795540935,-0.0004566670002615,0.0006272570919393,110.8267344983394,04_QSUN_QS8,525.02,0.0
16436.140775,0.0375160467826052,-0.8600230227658401,-3.515419100711245,791.1951251006332,868.4247842085747,0.9999548392095132,1.0000397118195383,-0.0004645148623545,0.0006349005872988,226.8490374892505,04_QSUN_QS8,525.02,0.0
16437.591858333333,0.0393698208439643,-0.700419815653457,-3.496450526569584,799.0453553198911,721.7773132074498,0.9999031118310412,1.0000419401587686,-0.0004163473512421,0.0006177394612402,202.6995409302804,04_QSUN_QS8,525.02,0.0
16438.959508333333,0.042663513388124,-0.4086352441971652,-3.4983713581933764,810.445281767461,464.9659850977757,0.999915385235154,1.0000466363307974,-0.0003599924627028,0.0005579755309376,219.93517619857005,04_QSUN_QS8,525.02,0.0
16440.327158333334,0.0434319908916019,-0.6326963210391943,-3.508850463638944,804.033627100775,663.8375408186619,0.9999528600362232,1.0000450403936638,-0.0003651636651573,0.0005384236432745,262.3300173003738,04_QSUN_QS8,525.02,0.0
16441.781483333332,0.0435885642062595,-0.6706533259167596,-3.503332312885428,801.2975788601857,702.9220689722898,0.9999502738922428,1.0000656158330254,-0.000351821321482,0.0005335961227971,270.41073965873795,04_QSUN_QS8,525.02,0.0
16443.1564,0.0344412932128075,-0.5366268965455463,-3.486544045730376,811.9141864450257,563.1188219996449,0.9998902437324914,1.0000420522843465,-0.0005192156812143,0.0006874848687885,130.47096576686135,04_QSUN_QS8,525.02,0.0
16444.696533333332,0.0325633468722622,-0.6380001156428332,-3.517026565207155,804.5859568465668,669.2306539067474,0.9999044726137516,1.0000840550488452,-0.000572453889481,0.0007219780541026,130.59453220066325,04_QSUN_QS8,525.02,0.0
16446.063916666666,0.0331167076153878,-0.5413208113893323,-3.499870299946828,811.5974413638453,580.0236975361432,0.999898704543278,1.0000210661583169,-0.0005341907967145,0.0007408788107483,163.84718865379807,04_QSUN_QS8,525.02,0.0
16447.520695833333,0.0251745369183037,-0.4357971105464122,-3.476692232496665,836.7183411834783,478.696181000794,0.999969990748388,1.0000403827111335,-0.000649832318786,0.0008640104330354,110.36859082820878,04_QSUN_QS8,525.02,0.0
16448.978875,0.0265528385806069,-0.2236723268549919,-3.467743108210304,848.8244603862264,286.03498921250144,0.9999716988697585,1.0000325769466216,-0.0006317707466988,0.0008362320495408,107.132469536048,04_QSUN_QS8,525.02,0.0
16450.4311,0.0259903450827965,-0.6065302871231555,-3.508669876942293,814.0526777084284,632.8032399958934,0.9999664678209214,1.0000290844479758,-0.0006555014792145,0.0008385735625858,94.16698230466076,04_QSUN_QS8,525.02,0.0
16451.887791666668,0.0234912793728853,-0.616649304347317,-3.499672921024247,815.60110692008,649.6751284362333,0.9999619835363004,1.000025876822828,-0.0006965588738454,0.0008955456993963,87.87935595404066,04_QSUN_QS8,525.02,0.0
16453.426691666667,0.0326393842838438,-0.6572263986733512,-3.512545794287264,806.9426188317234,684.6338006366019,0.9999186381484236,1.0000360708769709,-0.0005118813079381,0.0007132947741226,113.20036644684384,04_QSUN_QS8,525.02,0.0
16454.795916666666,0.0319566761961149,-0.9407214575357852,-3.5384699188092945,782.5386612371392,934.3499003405808,0.9998943079997226,1.000025959605222,-0.0005762287407581,0.0007429182367011,183.2659243883616,04_QSUN_QS8,525.02,0.0
16456.250766666664,0.0355830161012614,-0.4573705876404495,-3.5172589852470684,814.1149769568203,514.6369176447629,0.999914102636393,1.0000374550967466,-0.0004996533029573,0.0006852845699973,203.91364557948827,04_QSUN_QS8,525.02,0.0
16457.700104166666,0.0350473659425722,-0.6087636736963987,-3.519821871783413,806.5229783430751,642.3664056786276,0.9999207383507508,1.0001037779486937,-0.0005058440907184,0.0006668976594744,166.24654846977035,04_QSUN_QS8,525.02,0.0
16459.070291666667,0.0305974160952512,-0.684187524896438,-3.5245976983710903,803.106601545208,721.3714380209116,0.9998949405579776,1.0000342604895274,-0.000565823248494,0.0007566833216435,120.09606006806617,04_QSUN_QS8,525.02,0.0
16460.609191666666,0.0419986927599969,-0.2988898119034981,-3.5169324993594087,815.1946216424923,371.2658987813122,0.999922882132705,1.0000268435955475,-0.0003657500115743,0.0005641766879771,224.2699532545149,04_QSUN_QS8,525.02,0.0
16461.978245833332,0.0360336802606582,-0.3142064993223433,-3.514710824402547,819.7596764809257,382.2979584836588,0.9999184985655656,1.00003604647051,-0.0004860860782281,0.0006658803094399,193.728823468866,04_QSUN_QS8,525.02,0.0
16463.4382625,0.0342149449724322,-0.8146714439383687,-3.532411227142701,793.5815362041368,832.239096726197,0.999957443339904,1.000039974068747,-0.0005213220700346,0.0007097895978062,223.4431015386733,04_QSUN_QS8,525.02,0.0
16464.8936375,0.0379754511566413,-0.8471752921364243,-3.539992127198734,793.0085370494853,871.861733483352,0.9999513769045308,1.0000168746957911,-0.000426084625484,0.0006369270772948,255.75699186358057,04_QSUN_QS8,525.02,0.0
16466.43525416667,0.033609119248715,-1.1336451360344992,-3.5314925730343334,767.1232248075471,1120.6158840926842,0.9999131318946904,1.0000860220427352,-0.0005330877037516,0.0006917211996162,128.70449620923574,04_QSUN_QS8,525.02,0.0
16467.801766666664,0.0297471923949701,-0.8966947128028029,-3.54368196371372,788.0168328677206,913.2022847612634,0.999957639836689,1.00004107127274,-0.000594520059954,0.0007781730638741,115.636095766174,04_QSUN_QS8,525.02,0.0
16469.260116666665,0.0378217105680351,-1.435235578923341,-3.486670928789083,835.9562032922325,1391.8033001459753,0.999899602855601,1.0000186227619978,-0.0004370763597835,0.0006405983445393,226.1509660782506,04_QSUN_QS8,525.02,0.0
16470.630220833333,0.0510918326837058,-0.7930767429561235,-3.5249622618954746,795.5859309446284,813.075237645835,0.9999181283807144,1.0000398180982668,-0.0002261574489618,0.0004092992960231,246.5447399984506,04_QSUN_QS8,525.02,0.0
16472.08270833333,0.0420609499515789,-1.1934946577901642,-3.536768583096144,773.7575435095536,1192.5880308109222,0.9999337499862414,1.0000348812365198,-0.0003520510755326,0.0005642031179779,228.2760471953524,04_QSUN_QS8,525.02,0.0
16473.532133333334,0.0429345847974538,-1.0215479004538417,-3.5333358967503656,784.6620044382829,1021.5005469500744,0.9999218929592926,1.0000334050193995,-0.0003441279331696,0.0005455528684874,234.478939772722,04_QSUN_QS8,525.02,0.0
16475.071645833334,0.0271319874133609,-0.6074733606221256,-3.52377954428553,806.3403447532244,659.4314364923446,0.9999513643948932,1.0000197779056723,-0.0006333076490508,0.0008009681261067,151.98961217870203,04_QSUN_QS8,525.02,0.0
16476.523083333333,0.0250656845836697,-0.923912192051626,-3.5366902933048685,781.7741202080499,928.3763618105194,0.999936023493667,1.000097619026509,-0.000681451393846,0.0008314892550915,144.26920766341192,04_QSUN_QS8,525.02,0.0
16477.972766666666,0.0154651956834856,-1.2832147412547528,-3.5272017178590898,794.7037007176561,1280.2882082117733,0.9999166119921248,1.000038420032653,-0.000835674175104,0.0010289744253651,206.03552873702225,04_QSUN_QS8,525.02,0.0
16479.340158333333,0.0239590600575507,-0.7616093300971047,-3.52548437365927,795.6254910428777,797.66723094669,0.9999274831877056,1.000039916153488,-0.0007049393896994,0.0008772762540677,194.4870886098485,04_QSUN_QS8,525.02,0.0
16480.878795833334,0.0277762478804751,-1.2539499424997034,-3.597056160826008,758.452026800032,1268.6003027316424,0.9999276225376488,1.000015509701598,-0.0006226056779871,0.0007977166116181,225.6407056826368,04_QSUN_QS8,525.02,0.0
16482.248633333333,0.0377399979976507,-0.6740866511037394,-3.5407198117685006,800.7459770744007,711.2319218466357,0.9999214003242716,1.0000387689794084,-0.0004544377584978,0.0006517208010711,218.35227862850329,04_QSUN_QS8,525.02,0.0
16483.61785833333,0.0334910249940821,-0.7971713933534841,-3.551528480441522,790.5066333270771,830.311108318024,0.9999346227098416,1.0000236146486186,-0.0005274982940095,0.0007180789864219,154.3336053756304,04_QSUN_QS8,525.02,0.0
16485.071308333332,0.0421392319622287,-0.6106313644738537,-3.54766203193702,802.5596917442351,657.5414253507562,0.9999526875490264,1.0000313464126336,-0.0003553931408849,0.0005460815248577,265.9204430238115,04_QSUN_QS8,525.02,0.0
16486.610299999997,0.0395301747338249,-0.8640353733810195,-3.529972244893803,787.8977842511019,887.6250912155363,0.9999452882185832,1.0000529402715632,-0.0004089850188903,0.0005998460655198,228.18145647829584,04_QSUN_QS8,525.02,0.0
16488.060075,0.0441578258002323,-0.7376074561873417,-3.518929317507577,792.6144877727571,766.6487353581534,0.9999327827856888,1.0000321950660886,-0.0003370625949131,0.0005293879542476,168.71824879193548,04_QSUN_QS8,525.02,0.0
16489.51475,0.0367232614220105,-0.9613752256091852,-3.567608388327125,780.5928438692272,993.2053400987506,0.9999324331029872,1.000017636836305,-0.0004540436136929,0.0006639426720409,139.92612529836748,04_QSUN_QS8,525.02,0.0
16491.056891666667,0.0312844681673436,-0.975152247391342,-3.5681871845975848,779.132100958496,993.2843041544504,0.9999420029183624,1.000042085989844,-0.000578811648446,0.0007423825262326,112.49570457746796,04_QSUN_QS8,525.02,0.0
,0.0354369340595178,-0.6622296372597247,-3.462404855597605,805.7407197477703,679.0061545053118,0.9999467246823036,1.0000299351254078,-0.0005163942615604,0.0006868433385112,179.45673826690933,04_QSUN_QS8,525.02,0.0
16758.46590416667,-0.004303737391565,-0.9410042330030962,-3.457498273098462,782.534207603882,958.8721853382866,0.9999624397164598,1.0000748121271503,-0.0011780102759054,0.0013589629340568,244.79815804674817,05_QSUN-FS1,525.02,0.0
16758.955845833334,-0.0145608404701064,-1.250782123305634,-3.309463078642858,911.24851649398,1269.839937538825,0.9999645125696686,1.000068548053195,-0.0013685390345563,0.0015420157515992,384.6849370194656,05_QSUN-FS1,525.02,0.0
16759.445525000003,0.0291455345690317,-0.2323024092319113,-3.4980518033378902,833.8685510730322,339.37562968535195,0.9999704981724392,1.000034645304507,-0.0006104013412424,0.000802104286634,155.07096178176738,05_QSUN-FS1,525.02,0.0
16759.939404166667,0.0326903911159755,-0.4842179530979738,-3.4885637200558337,816.1807534239408,566.5256165344019,0.99996925869918,1.0000475429310725,-0.0005643445445182,0.0007490161269225,246.27760975039348,05_QSUN-FS1,525.02,0.0
16760.429345833334,0.0397111940913096,-0.300919999751463,-3.4992009204498133,821.3542371811843,399.0176694172041,1.0000022764763448,1.0000353289323174,-0.0004196067813006,0.0006127196384478,282.669068544859,05_QSUN-FS1,525.02,0.0
16760.919462500002,0.0435265902305328,-0.0870619198813519,-3.3847874120356467,896.2038871658093,200.30897163698268,0.9999849531440868,1.0000395902148962,-0.000351123880288,0.0005844302351645,251.4751084151046,05_QSUN-FS1,525.02,0.0
16761.41132916667,0.0393776796446259,-0.0970969619775503,-3.41845797260532,883.3783064057257,200.00005815858577,0.999992947796396,1.0000437189593536,-0.000425992362879,0.0006248340873491,314.4202271584355,05_QSUN-FS1,525.02,0.0
16761.902583333336,0.0430342697378978,-0.1129992657309916,-3.351255548846801,912.3597541963832,200.33410694100428,0.9999976030417814,1.0000342383806715,-0.0003645421583575,0.0005884437132232,263.74579695799054,05_QSUN-FS1,525.02,0.0
16762.3926125,0.0392367836544191,-0.1296057888926653,-3.3167133770541803,946.826064217037,200.00010948105708,0.9999758998245432,1.000033293199027,-0.000437244706853,0.0006131826311675,175.14216250700133,05_QSUN-FS1,525.02,0.0
16762.883429166668,0.042540642063081,-0.2651257288530229,-3.505069258732714,827.7289020346765,301.1891093021177,0.9999590125791832,1.0000856487149723,-0.0003562737220272,0.0005492367365927,124.23345247997555,05_QSUN-FS1,525.02,0.0
16763.37345833333,0.0374270557501899,-0.5000536781179887,-3.4889757807281727,814.5279263215192,543.725321794892,0.9999652764266792,1.0000397987333096,-0.0004496834389331,0.0006272107899598,115.15539638831818,05_QSUN-FS1,525.02,0.0
16763.86445,0.0478271128753759,-0.2291937231123345,-3.4908645074481,818.470332850954,275.7788037397092,0.9999520351651672,1.0000322505832209,-0.0002504959287644,0.0005004858845147,103.15784951714905,05_QSUN-FS1,525.02,0.0
16764.3543,0.0466832346488702,-0.1081284308146895,-3.374936025749762,874.1732396329307,200.77118898760435,0.999963755501236,1.0000200897857,-0.0002990593941244,0.0005206697501082,119.21710271781326,05_QSUN-FS1,525.02,0.0
16764.844154166665,0.0402151537100813,-0.5376091803016512,-3.4620171824811643,812.2753261425369,584.8436014306766,0.99995971296268,1.000040896389523,-0.0004045699167202,0.0006065567983259,114.74627985621795,05_QSUN-FS1,525.02,0.0
16765.33655,0.042960114218582,-0.7005564067429418,-3.4566659089888425,807.1809501459801,709.4864949391222,0.9999714520269544,1.000024952294612,-0.0003455607187725,0.0005132118940325,105.9144488379736,05_QSUN-FS1,525.02,0.0
16765.8261375,0.0450693572555201,-0.4100085427235306,-3.500338624469871,815.1367168412413,449.30870058790913,0.9999819716873036,1.000028160709514,-0.0002765125249762,0.0005038889681727,107.2042045951113,05_QSUN-FS1,525.02,0.0
16766.315466666663,0.0467628495750075,-0.4360886803116323,-3.4981417710038256,807.3116913855026,542.7810183759607,0.9999764778009868,1.000087095651396,-0.0002632115763317,0.0005298245833266,129.28941874309805,05_QSUN-FS1,525.02,0.0
16766.80488333333,0.0633740390513528,-0.5045253648225649,-3.50561252089198,803.7202796963132,545.6240929443148,0.999963035142516,1.0000499006956094,1.4754685891597584e-05,0.0002070380098812,120.9266024200186,05_QSUN-FS1,525.02,0.0
16767.295524999998,0.0547347156300341,-0.5142920972598264,-3.473525552741735,804.302042757826,571.1607020269213,0.9999823334298448,1.000037776124303,-0.0001453510047059,0.000335016551751,105.5545013499924,05_QSUN-FS1,525.02,0.0
16767.784675000003,0.0590629545517629,-0.5567823426845212,-3.529509064058308,803.7749339843572,590.683718647831,0.9999631267451524,1.000079631899378,-7.883653759304571e-05,0.0002601417505412,116.24667508885688,05_QSUN-FS1,525.02,0.0
16768.27444166667,0.0522711634178813,-0.5311416908690142,-3.4970542998437177,807.518350180793,557.1406934824925,0.9999641798772576,1.0000437472448198,-0.0001783273212134,0.0003845008841339,113.50760440916324,05_QSUN-FS1,525.02,0.0
16768.76605,0.0519353547361338,-0.6597121854306502,-3.4969722800151093,803.1081725025185,684.543202027805,0.9999690904313449,1.0000344310917044,-0.0001748439255097,0.0003942278609045,106.22355417395796,05_QSUN-FS1,525.02,0.0
16769.256866666667,0.0538592676940161,-0.3324849609929737,-3.4856117110793616,806.4530391368233,376.2338999083368,0.9999756125363096,1.0000329698840995,-0.0001327754505224,0.0003635704493417,105.82706924367449,05_QSUN-FS1,525.02,0.0
16769.74689166667,0.0450982979030546,-0.6440122019319299,-3.48428988435972,802.4270695083917,699.7006303405209,0.9999747232928649,1.00002434028958,-0.0003262195127459,0.0005026285169634,106.62316588515152,05_QSUN-FS1,525.02,0.0
16770.236658333335,0.0414889508116389,-1.3589564622367056,-3.505585776287077,769.4389048231048,1340.119265594736,0.9999756811668312,1.0000193512754512,-0.000395641227267,0.000550902977876,101.26434025207548,05_QSUN-FS1,525.02,0.0
16770.726775000003,0.0374751576712077,-1.081795652325878,-3.531442376322279,782.389057485327,1063.9150977250908,0.999963246326141,1.0000330490721532,-0.000458935897473,0.0006416782199962,115.65624663569707,05_QSUN-FS1,525.02,0.0
16771.215925,0.0398506845337944,-0.3971902292339274,-3.4976976195241893,812.1629261661923,462.8841649143536,0.9999748288241508,1.0000341634127303,-0.0004043083535932,0.0005637720696372,110.41847248744946,05_QSUN-FS1,525.02,0.0
16771.705604166666,0.0402328653642252,-0.0873738761929993,-3.3081069409018133,954.9566870978882,216.5393472201414,1.0000025258636496,1.0000193155994486,-0.0004038799956014,0.0005805198417456,107.83439296811706,05_QSUN-FS1,525.02,0.0
16772.199833333332,0.042353282863691,-0.6378472535993555,-3.507978232598357,810.2410812979984,633.8097229064011,0.9999722016112612,1.0000790616824229,-0.0003569735794416,0.0005680589637999,106.85150108156353,05_QSUN-FS1,525.02,0.0
16772.69135,0.0409978911834082,-0.4575960028321917,-3.534588442608985,810.6225733328554,546.8412388590136,0.9999715876725324,1.0000327841571646,-0.0003776526456539,0.0005450865702554,109.37037112292272,05_QSUN-FS1,525.02,0.0
16773.181816666667,0.0375461945541886,-1.122987411734509,-3.4712747757135745,775.2640561557037,1088.9308773590087,0.9999664456544328,1.000080899297062,-0.0004563167386824,0.0006116648419119,117.50154925798752,05_QSUN-FS1,525.02,0.0
16774.163191666667,0.0373796834780121,-1.2302025605779434,-3.4919681697954537,767.4648362906465,1192.092746436079,0.9999488735968398,1.0000310153944008,-0.0004731358052831,0.000644956371143,229.4492913184082,05_QSUN-FS1,525.02,0.0
16774.65636666667,0.0410189830134996,-0.8966797891716571,-3.505541497208217,790.8825644978119,906.4764359101314,0.9999625768540684,1.0000318234250885,-0.0003951873644868,0.000576422751147,219.5309907988309,05_QSUN-FS1,525.02,0.0
16775.146662500003,0.0134459732263747,-1.4392450169303108,-3.3701550665109483,875.2907972531816,1397.365325028997,0.9999644911814788,1.0000166293592725,-0.000880224727967,0.001024832497352,191.751478895238,05_QSUN-FS1,525.02,0.0
16775.64010416667,0.0071023986201417,-1.422793237027122,-3.401915599953264,881.1140221817246,1383.7368937079718,0.9999403545447508,1.00000902841739,-0.0010007196754619,0.0011279578014497,191.89127260731595,05_QSUN-FS1,525.02,0.0
16776.130133333332,0.006227633147852,-1.3727810759075425,-3.268850391322675,892.6659779669162,1385.7424289588678,1.000010528547927,1.0000603581629,-0.0010141075540813,0.0011960341453152,210.1148846118403,05_QSUN-FS1,525.02,0.0
16776.620333333332,0.0349859375127247,-1.0416479930861136,-3.525603426012259,764.2879775938378,1054.030922547904,0.9999617340314496,1.0000402875042582,-0.0005301870485297,0.000649868479286,173.3022307312521,05_QSUN-FS1,525.02,0.0
16777.109841666665,0.0327264920183899,-1.066566302522894,-3.5118762876955296,765.3045344549943,1081.564579710348,0.9999668055727174,1.0000795092949386,-0.0005549499226937,0.0007309956636699,184.10339671971727,05_QSUN-FS1,525.02,0.0
16777.59978333333,0.0116558177313762,-0.9699631181872084,-3.523356687281012,778.9833922671414,989.159192431886,1.0000035274588788,1.0000445652360892,-0.0009344989608826,0.0010569181755669,166.65523039306495,05_QSUN-FS1,525.02,0.0
16778.089458333332,0.0421106060573885,-0.7598147866575148,-3.389406251344929,800.480423168284,760.4897623114789,0.9999495068439784,1.000046075418466,-0.0003729908725102,0.0005494643127603,152.0447326037972,05_QSUN-FS1,525.02,0.0
16778.5794,0.0440126632136991,-0.5227170335227458,-3.455986306280688,815.1689937915253,519.8453122509928,0.9999619930004384,1.000041318800439,-0.0003512068316656,0.0005096058728418,199.68115575024925,05_QSUN-FS1,525.02,0.0
16779.072141666667,0.0450356616010657,-0.4785523650709096,-3.453973459852483,816.5435947311058,500.04048091292304,0.9999739647106032,1.0000367621087307,-0.0003024194297375,0.0004724771082405,230.5616768908338,05_QSUN-FS1,525.02,0.0
16779.5657625,0.0484429889865473,-0.4138608549485888,-3.463834432107451,816.9115413347308,478.9349781532576,0.999970279884254,1.0000421637501131,-0.0002622043935314,0.0004331417678525,203.83393941506588,05_QSUN-FS1,525.02,0.0
16780.057279166664,0.0427867251449138,-0.1790799505567551,-3.4875134575303086,817.880993145149,247.1848727998755,0.9999674976209708,1.0000361650458998,-0.0003468379654848,0.0005332602790005,243.9636303906849,05_QSUN-FS1,525.02,0.0
16780.546608333334,0.0419231233500678,-0.5822809316294839,-3.484545539156222,806.3241168427543,630.5779551917799,0.9999410906325232,1.0000425235277115,-0.0003876609884826,0.0005631996476296,184.7114729047071,05_QSUN-FS1,525.02,0.0
16781.035933333333,0.0420532942523522,-0.7776146418666684,-3.4657782442051297,799.6602030640099,801.5847840722936,0.9999640131067709,1.000034785097816,-0.0003572315851629,0.0005390730922531,105.67898020888316,05_QSUN-FS1,525.02,0.0
16781.5285,0.0427588245476845,-0.8030327353215038,-3.46157063026182,797.2415101436035,820.5882320342287,0.9999622024678452,1.0000296092307088,-0.0003563897780562,0.0005238369565875,106.7703527924034,05_QSUN-FS1,525.02,0.0
16782.018183333334,0.0318852581483557,-1.221918217601091,-3.432957155829045,815.4077340056532,1223.724696415445,0.9999495661030636,1.0000570346647673,-0.0005540627189834,0.0007220055695456,136.52836172436977,05_QSUN-FS1,525.02,0.0
16782.507858333334,0.0489845569469655,-0.3134449601422561,-3.477396638465152,810.6122341901531,392.4715808945611,0.9999369407281083,1.0000398771924175,-0.0002596275989379,0.0004378802007814,209.72282352619047,05_QSUN-FS1,525.02,0.0
16782.9984125,0.0506369697037761,-0.4902324632436725,-3.462037517071124,809.8209847123264,533.801096066806,0.9999473537661784,1.000045380336094,-0.0002283068941168,0.0004013845908716,156.8869437741986,05_QSUN-FS1,525.02,0.0
16783.492908333334,0.0390913128441503,-0.7253495261340727,-3.466695420601748,802.2175337038726,766.9427016116873,0.9999618657181664,1.0000542908848586,-0.0004504377895764,0.0006301030707955,161.87978650915676,05_QSUN-FS1,525.02,0.0
16783.985825,0.0370502095679238,-0.7634542780751676,-3.481941490869674,798.267267726625,788.2785340189696,0.9999394982679716,1.0000451349277455,-0.0004787603344157,0.0006533748797174,223.506881698111,05_QSUN-FS1,525.02,0.0
16784.478479166668,0.0309263550447278,-0.3131690070350573,-3.447156988613838,827.0781231960261,382.6777759283685,0.9999601259853056,1.000044601449334,-0.0005879785603062,0.0007796601194621,243.3020750976854,05_QSUN-FS1,525.02,0.0
16784.969820833336,0.0331009242955586,-0.7785553682281239,-3.473818926181772,796.5036831379794,812.0898518131854,0.9999495349594808,1.0000482787326763,-0.0005469536450383,0.0007295456787763,226.78515092691407,05_QSUN-FS1,525.02,0.0
16785.459062500002,0.0357575229616845,-0.124584931864845,-3.4585851517221573,825.3796025621499,213.58058216523847,0.9999468620809204,1.000033885304508,-0.0004918389059581,0.0006819961713819,208.62262836376112,05_QSUN-FS1,525.02,0.0
16785.948825,0.045036800058994,-0.3397030334862742,-3.462187200934522,813.6052297241994,407.813191984836,0.999971739440746,1.000035599653958,-0.0003107838772346,0.0005207170671802,192.60815578503505,05_QSUN-FS1,525.02,0.0
16786.44078333333,0.0466125686052011,-0.5198828225750598,-3.505215812160151,805.0821047423702,613.1648398495417,0.999952644803032,1.000104756338945,-0.0003017437997598,0.0005006346325102,207.51116324977545,05_QSUN-FS1,525.02,0.0
16786.931333333334,0.0569755290197225,-0.585946178229421,-3.465723665768656,801.5990276533955,628.6820294682409,0.999963001983609,1.000058630005503,-0.0001163985167544,0.0003113272216629,256.1676818198536,05_QSUN-FS1,525.02,0.0
16787.421191666668,0.0612057786993698,-0.394770420449371,-3.453572666196988,806.5050444428579,452.9423709484579,0.9999613871772408,1.0000586522186043,-3.323711409874109e-05,0.0002308557667157,311.8555015136129,05_QSUN-FS1,525.02,0.0
16787.912883333334,0.0510898987225229,-0.415386654511765,-3.465127751316042,809.5811405367092,462.9362681934761,0.999956900932506,1.0000488977207516,-0.0002229328827488,0.0003991465473641,334.236477400859,05_QSUN-FS1,525.02,0.0
16788.405712500004,0.0484198265947898,-0.4009139604686935,-3.4801082140123,809.5566233873293,442.4060506063621,0.9999546656399596,1.000061513367747,-0.0002383922155888,0.0004546073737004,286.73050614491626,05_QSUN-FS1,525.02,0.0
16788.895825000003,0.0519341359920518,-0.3554211408807873,-3.465972194021441,810.1187192458971,407.9995909138684,0.9999556355701792,1.0001084939089329,-0.0002072105985335,0.0003965460167952,228.1303221031721,05_QSUN-FS1,525.02,0.0
16789.386733333333,0.0495412396584381,-0.100081914620644,-3.359195667437431,902.1043794021516,201.2526147261267,0.9999746794336448,1.0000382387304152,-0.0002272509248904,0.0004299200274688,176.83678893313908,05_QSUN-FS1,525.02,0.0
16789.876675,0.0476310735586218,-0.1350645858576417,-3.381161514067325,923.9494354909872,200.3669094196686,0.9999396705904072,1.0000976858502162,-0.0002554232401649,0.000479962001882,112.1605633089194,05_QSUN-FS1,525.02,0.0
16790.370029166665,0.0500745967076617,-0.6987146589461678,-3.5502377675591226,799.3575202290186,747.1989054988571,0.9999555291684598,1.0000365957941122,-0.0002359663926248,0.0003930184996657,153.05810730432526,05_QSUN-FS1,525.02,0.0
16790.85988333333,0.0251131659852428,-1.3920330122169366,-3.4179897485766424,817.431286712375,1296.5269478103487,0.9999484816104236,1.000027764049281,-0.0006879738858979,0.0008327263851328,192.9221393051297,05_QSUN-FS1,525.02,0.0
16791.35078333333,0.0522915952295757,-0.2606465563788389,-3.4410888242658326,811.5802769619116,308.9870226398618,0.99997313776215,1.000034296720062,-0.0001951999650797,0.0003881924578198,139.438180390987,05_QSUN-FS1,525.02,0.0
16791.844579166667,0.0557703663948989,-0.6908800305906789,-3.423738398043494,801.7335079623427,706.6516672058325,0.9999704743799168,1.0000265065684388,-0.0001017321911166,0.0002708899517692,123.33347318043532,05_QSUN-FS1,525.02,0.0
16792.33443333333,0.0524864166462148,-0.3818161084069192,-3.45319694796945,810.6396377081037,431.256769486244,0.9999581879813144,1.0000348534867465,-0.000193564288913,0.0003797392582665,114.3437746516016,05_QSUN-FS1,525.02,0.0
16792.827787500002,0.0550900522405237,-0.4432138546193703,-3.4772253597491587,807.2672488084011,502.5744820835555,0.9999812090913524,1.000046187643666,-0.0001539244747974,0.000339436658853,142.907216037704,05_QSUN-FS1,525.02,0.0
16793.318691666667,0.0539829398933698,-0.1021192042768439,-3.43425389642166,836.5407033547542,200.0000469140066,0.9999524580884844,1.000039445222616,-0.0001809512423227,0.0003544514958296,185.81416289659927,05_QSUN-FS1,525.02,0.0
16793.811608333333,0.0540032866663701,-0.1217682046509563,-3.3342349135136127,940.067192345324,201.86535799182784,0.9999602681094774,1.0000903138905686,-0.0001593673750837,0.0003649748240952,145.57128071239867,05_QSUN-FS1,525.02,0.0
16794.305316666665,0.0431726427512023,-0.7527431102428188,-3.4610901450301177,801.538202550294,757.0583143232202,0.9999630449310898,1.000039811146865,-0.0003433601582995,0.0005583565787582,159.78648149877867,05_QSUN-FS1,525.02,0.0
16794.795166666667,0.0497276480760909,-0.6387303646483294,-3.454681143435191,804.6078083682711,665.0740786151315,0.999971804050436,1.000048326390666,-0.0002378389494157,0.0004181998392799,138.01357054640954,05_QSUN-FS1,525.02,0.0
16795.286075,0.0424920033803908,-0.1209197367174265,-3.376511450880286,890.3154176075718,202.39252356942723,0.9999477371491656,1.0000371305933309,-0.0003729633920563,0.0005786074572576,122.31401300373038,05_QSUN-FS1,525.02,0.0
16795.775837499998,0.0397126997498887,-0.122833559654639,-3.308632339079333,955.5220081553662,200.3131436276752,0.9999667917252956,1.000088175594024,-0.0004229504810925,0.000616602435622,128.57667824232794,05_QSUN-FS1,525.02,0.0
16796.265866666665,0.0451288175668185,-0.3424644496712422,-3.459058033156649,819.7908306209314,401.9892952277157,0.9999809882782053,1.0000402912399928,-0.0003203667983486,0.0005319535591409,118.74472298449908,05_QSUN-FS1,525.02,0.0
16796.759308333334,0.0418262406555198,-0.3008901355935015,-3.4694534824000973,824.0060593625861,355.4598486542294,0.9999689522468268,1.000082865216827,-0.0003754270038362,0.0005757740002204,110.50135114296832,05_QSUN-FS1,525.02,0.0
16797.2489,0.0431954856203499,-0.205786954511504,-3.44751879781028,820.7254787862296,277.7315625958932,0.9999700963600652,1.000032243799449,-0.0003587896187267,0.0005736072678212,125.98969012797374,05_QSUN-FS1,525.02,0.0
16797.739891666668,0.0348908958112885,-0.233525700320927,-3.4733561294540265,825.0370509197575,248.8714531566894,0.9999732933391348,1.0000322489117903,-0.000463492515274,0.0006762544769758,116.00074718142268,05_QSUN-FS1,525.02,0.0
16798.229308333335,0.0463015776276637,-0.5421652751758878,-3.451550034347922,815.8774618448931,559.4619906732077,0.9999710060761544,1.0000831747386798,-0.0002724522008733,0.0005353836091944,104.79964384403732,05_QSUN-FS1,525.02,0.0
16798.7196,0.0408978163657373,-0.2534614826025403,-3.409876851223111,826.7482191874641,313.0541334954382,0.9999666113576968,1.0000343432958374,-0.0004044732908083,0.0006159068799351,106.25844662401164,05_QSUN-FS1,525.02,0.0
16799.213133333335,0.0416853827921746,-0.1987756865456229,-3.451472749841584,838.1092972806364,237.6689189488392,0.9999609985796256,1.0000916549908678,-0.0003683274093032,0.0006154178799896,132.13995460167354,05_QSUN-FS1,525.02,0.0
16799.70272083333,0.0392953533216668,-0.1416986435801228,-3.3351161642015312,914.2255140513143,200.00000274796727,0.9999697037305364,1.0000708073707345,-0.0004278207293952,0.0006417111648609,149.84924769726828,05_QSUN-FS1,525.02,0.0
16800.1931,0.0369905935968923,-0.1561345587861233,-3.377077042218244,869.3075493730705,200.9143550851136,0.9999766592165584,1.0000286632575437,-0.0004519254393992,0.0006580490016337,104.97312412244412,05_QSUN-FS1,525.02,0.0
16800.683216666668,0.0410462371905183,-0.1304845120825876,-3.399297885323835,885.8372806563902,200.68701374817937,0.9999682442308564,1.0000330418704837,-0.000387700228492,0.0005921469344552,132.61271435124735,05_QSUN-FS1,525.02,0.0
16801.176570833337,0.0478349836837309,-0.7031390132734981,-3.44653922682461,803.3804675309069,716.5959723144632,0.9999710434664372,1.0000521216911438,-0.0002647458890522,0.0004672247262998,176.12643600155292,05_QSUN-FS1,525.02,0.0
16801.666425000003,0.0251000154102361,-0.4966350286922524,-3.4719622213336665,811.0878224363018,600.0603974823453,0.9999819788218032,1.0000555080192954,-0.0006926318735248,0.0008861420204408,214.8252813930135,05_QSUN-FS1,525.02,0.0
16802.159691666668,0.046046368764554,-0.2616778097629377,-3.4316214365773487,831.5429462840909,292.39443572781755,0.9999615380196338,1.0000321953648303,-0.0003007529872679,0.0005089326192799,198.88961889607813,05_QSUN-FS1,525.02,0.0
16802.649195833335,0.0389377765505606,-0.1993280106143616,-3.4484874258171265,862.6226347472957,252.6900297450134,0.999940854682164,1.0000941538445538,-0.0004381523140872,0.0006095651246144,199.3019027700556,05_QSUN-FS1,525.02,0.0
16803.144125,0.0422478981624357,-0.1099565914887659,-3.375013965405042,874.7355348274452,200.00005815858577,0.9999654400356164,1.000037875371362,-0.0003870088041481,0.0005821656392651,242.98632692783747,05_QSUN-FS1,525.02,0.0
16803.634241666667,0.0442461542022093,-0.1272034501060221,-3.3708035713995588,872.1835368159312,200.0000010372304,0.9999397407328038,1.000030745161613,-0.0003240355734927,0.0005307759023417,282.0130644401528,05_QSUN-FS1,525.02,0.0
16804.12375,0.0416991255819257,-0.1108655833381352,-3.350609299829907,885.9596293251558,200.1203107124849,0.9999582607920529,1.0000186156221271,-0.0003867568991931,0.0005764085158697,243.4170355728661,05_QSUN-FS1,525.02,0.0
16804.613774999998,0.0411210876683143,-0.1263628400749521,-3.336803904287108,901.7321329471436,202.56877912481323,0.9999464953586288,1.000034276454386,-0.0003921274944749,0.0005792769510814,200.5418113713644,05_QSUN-FS1,525.02,0.0
16805.105291666667,0.0396078991826981,-0.1164404721953407,-3.345947297217743,885.0854486687649,200.0867944451061,0.9999437990950698,1.0000288481060158,-0.0004333451256359,0.0006333538180323,183.5230216624955,05_QSUN-FS1,525.02,0.0
16805.595145833333,0.0462604320051935,-0.3675612189524448,-3.427373961631837,823.4260698110498,407.309459694688,0.9999630236124444,1.000048129842511,-0.0002955073102681,0.0005117985678869,216.08120947874903,05_QSUN-FS1,525.02,0.0
16806.085175,0.0476179908782629,-0.360048466923442,-3.4593478023778217,825.4248701029311,399.2698936861363,0.9999546779667872,1.0000961679117393,-0.0002776426860877,0.0004782117802131,248.78725797510555,05_QSUN-FS1,525.02,0.0
16806.573716666666,0.0462262351618514,-0.7727342904388362,-3.455064522798884,799.0091626100841,782.9099868968264,0.9999474828468368,1.000047521389367,-0.0002842876957785,0.0004904133944098,244.4023605129697,05_QSUN-FS1,525.02,0.0
16807.063654166668,0.0449813894065162,-0.5621803604467065,-3.4672245656229475,805.7164025852964,626.9589206708305,0.9999507913591796,1.00004528422614,-0.0003374606889631,0.000521776165962,219.47342932476755,05_QSUN-FS1,525.02,0.0
16807.554558333333,0.0408101702518045,-0.4940802477873866,-3.4678614038987,808.4402859822104,561.3178046814285,0.9999484320302416,1.0000599240736554,-0.0004028820411151,0.0005981859245419,232.18173209908505,05_QSUN-FS1,525.02,0.0
16808.047825,0.0479347419489134,-0.2269867733616198,-3.4490967408751696,830.3967261870264,269.40976716169774,0.9999400903259004,1.0001018074270616,-0.0002620036405254,0.0004706723060406,292.0708841165278,05_QSUN-FS1,525.02,0.0
16808.538816666663,0.046193878485511,-0.1660896929417558,-3.4404801618219167,837.7871558358277,244.15376407361285,0.9999626258904774,1.0000333407697346,-0.0002931878562214,0.0004760010400104,261.7774095913286,05_QSUN-FS1,525.02,0.0
16809.028675,0.0461945755488415,-0.4279055305033831,-3.438241643698849,814.3647139908592,465.9284511746256,0.999960199751522,1.0000459619813489,-0.0003077738494962,0.0004791162160354,215.8127776424272,05_QSUN-FS1,525.02,0.0
16809.521679166668,0.0436810126550204,-0.4853711562699074,-3.4217162918361432,811.5790810545863,529.6718243259995,0.9999369367102942,1.0000475097200263,-0.0003601889649603,0.0005171074488744,248.4833421529713,05_QSUN-FS1,525.02,0.0
16810.012058333334,0.0415339545109673,-0.8387197210107521,-3.452299444068783,794.5811977207613,842.0587629477258,0.9999606103710812,1.0000409929685594,-0.0003898660757251,0.0005650899380459,197.3150018299013,05_QSUN-FS1,525.02,0.0
16810.502958333334,0.0527097366422036,-0.7402293204265062,-3.4560990522573705,800.0613411834745,758.3825937588804,0.9999676659532254,1.000036024382061,-0.0001872289551184,0.0003752029494562,159.42968269612356,05_QSUN-FS1,525.02,0.0
16810.993599999998,0.060177614737747,-1.081134220632563,-3.6374115382741614,784.8502592159276,1009.7786091165516,0.9999351499532732,1.0000503367711242,-0.0001284250634729,0.000207589342247,189.80227092970176,05_QSUN-FS1,525.02,0.0
16811.48328333333,0.090914713480144,-0.7778644208876667,-3.377852929243564,794.2878308988519,651.6768214030144,0.9999523664247978,1.0001730835414355,0.0003949145532416,-0.0002139960108416,214.4564572127645,05_QSUN-FS1,525.02,0.0
16811.97725,0.0582757318424011,-1.2475857042547216,-3.2861956361775246,795.6839612145407,1300.4241774106663,0.9999668202636558,1.000154444675215,-0.0002366889640661,0.0003040606765688,170.83994779879416,05_QSUN-FS1,525.02,0.0
16812.467275000003,0.0614708017078116,-0.5253893681803025,-3.4779134066676,813.4930104110846,586.1919737152997,0.999944864695874,1.000170819926289,-0.0001206878879453,0.0003359715698319,145.46876235055095,05_QSUN-FS1,525.02,0.0
16812.956954166668,0.0632037043405725,-0.2677824926228599,-3.4834578963975784,801.4203548725764,228.25812814514487,0.9999147330033552,1.0000736931177314,-1.4640947317142669e-05,0.0003264616371469,157.74969147721404,05_QSUN-FS1,525.02,0.0
16813.44655,0.0592105037837156,-1.4932409530719903,-3.326416091168886,819.6832009925179,1210.3962210352963,0.9999919475540514,1.0000965699841775,-9.240923656572585e-05,0.0003144717770989,192.2308758400657,05_QSUN-FS1,525.02,0.0
16813.9373625,0.0619802064401413,-0.7039077830375854,-3.444708871305373,801.992723331329,735.9390728390387,0.9999606007980923,0.999987533173138,-5.713614266799462e-05,0.0002715825233432,171.8244786415213,05_QSUN-FS1,525.02,0.0
16814.4266,0.0612224919434096,-0.8052273963240084,-3.777292701107356,1009.8637785455018,1383.1030054006674,0.99997357175973,1.0000755281091671,-9.541809522620184e-06,4.767400633154614e-05,220.58309880586023,05_QSUN-FS1,525.02,0.0
16814.92075,0.0314878441914874,-1.6827419485413664,-2.750105387171878,1361.08715273109,1395.2379182703755,0.9998949842877244,1.0000478736090286,-0.0005701626408462,0.0009307595630481,177.77694266442563,05_QSUN-FS1,525.02,0.0
16815.41025,0.0602506650562248,-0.3644885790630575,-3.438208155156683,802.5095867624292,427.4966469819144,0.9999713322823294,1.0000353464119125,-8.702583849743944e-05,0.0002453449883928,144.60939504807436,05_QSUN-FS1,525.02,0.0
16815.901241666666,0.0572630618661185,-0.6654515918229239,-3.442805090811333,800.6815343516072,695.6661326810136,0.9999659855193828,1.0000443820129412,-0.0001052774473204,0.0002975477800058,110.11893683481156,05_QSUN-FS1,525.02,0.0
16816.394858333333,0.0551406665540143,-0.4555680655042905,-3.432274951720933,805.9939321935243,475.2101066102821,0.9999622141786514,1.0000376547712266,-0.0001183351689214,0.0003134451847934,109.1067106264198,05_QSUN-FS1,525.02,0.0
16816.884016666667,0.0545011778535191,-0.614337220396653,-3.430651434839364,802.9587334300102,632.5360209041469,0.9999616715982812,1.0000867019887003,-0.0001223494091423,0.0003603277258507,113.45528897457314,05_QSUN-FS1,525.02,0.0
16817.378066666664,0.056285534484217,-0.7256977335564744,-3.4218585466860296,802.9308647558394,717.0812417857697,0.9999731300010142,1.000092718242534,-0.0001028233612661,0.0003462526859733,124.4597641784889,05_QSUN-FS1,525.02,0.0
16817.86730833333,0.0594472597637644,-0.2688519097836347,-3.413385053033337,804.5058112474075,316.26176409771887,0.9999735992612392,1.000037289403764,-7.92732448377256e-05,0.0002489935831749,114.41437803023454,05_QSUN-FS1,525.02,0.0
16818.357249999997,0.0525477537395818,-0.709337593016353,-3.375551790938464,801.8257146586137,713.3719986159309,0.9999570677535982,1.000097774102879,-0.0001682516331095,0.0003935938608687,120.36097304988256,05_QSUN-FS1,525.02,0.0
16818.847716666663,0.047780072496159,-0.4302014933160553,-3.414155689474186,813.2700618604512,436.2263222850884,0.9999192009660264,1.0000282177547035,-0.0002737761447987,0.0004782567337656,109.85418247104748,05_QSUN-FS1,525.02,0.0
16819.337566666665,0.0522372775331326,-0.6448555505531668,-3.432975991963367,803.2331733596543,665.1548269342288,0.9999564588681225,1.0000376522011778,-0.0001915614128408,0.0003834143355745,110.33424765741502,05_QSUN-FS1,525.02,0.0
16819.826983333332,0.0568167528996798,-0.5812128570932993,-3.415052468986457,803.107850174835,628.6505319367717,0.9999605289164882,1.0000306659832727,-0.0001477644303981,0.0003166326295051,112.10077464762531,05_QSUN-FS1,525.02,0.0
16820.3164,0.0508053119812773,-0.4013167348406066,-3.4339470124222453,810.2306992009599,446.87139428932073,0.9999643373151704,1.000079246842579,-0.0002113420048201,0.0004203623193705,115.35461414352396,05_QSUN-FS1,525.02,0.0
16820.805991666668,0.0513872974372038,-0.5332723770984521,-3.4224598044792343,808.5959828041977,568.6287669150078,0.9999625340354916,1.000039638780049,-0.0002182071898056,0.0004146725557998,108.7230234483064,05_QSUN-FS1,525.02,0.0
16821.299433333334,0.0497290027904683,-0.5760680130345561,-3.433887647702068,807.0182900377761,607.5814765458498,0.999969461346063,1.0000412671504346,-0.0002397071227367,0.000451670739389,107.1193532802156,05_QSUN-FS1,525.02,0.0
16821.79305416667,0.0500887718890244,-0.4814964773159922,-3.446355767096201,810.7634004450215,514.7245300382306,0.9999680681720094,1.0000829093117594,-0.0002137729790261,0.0004486791345969,105.9806565864003,05_QSUN-FS1,525.02,0.0
16822.28755,0.052073670113132,-0.899715416322397,-3.4344853080883744,797.0087903772089,885.3311586582306,0.9999566495834924,1.0000819370759548,-0.000194571078214,0.0003897160532896,103.982536711543,05_QSUN-FS1,525.02,0.0
16822.7778375,0.0524204931066208,-0.6078395108059603,-3.4225902131249817,806.7766378259731,617.2550429489755,0.999964529785254,1.00004374780043,-0.0001942203652998,0.0003608535929482,118.86997888579556,05_QSUN-FS1,525.02,0.0
16823.266904166667,0.0512681757757868,-0.7235682239499425,-3.4131032511876023,803.3270064455434,715.0227328480828,0.9999720466263522,1.0000822244008287,-0.000220945200191,0.0004237413623786,103.64351761698867,05_QSUN-FS1,525.02,0.0
16823.757016666666,0.0424000308723317,-0.5622750749934542,-3.4038771802514587,812.237356552442,580.0834456799217,0.9999727904571308,1.000034853377813,-0.0003641742347895,0.0005201437824431,110.2246430241602,05_QSUN-FS1,525.02,0.0
16824.250112499998,0.0480602331506446,-0.3422662026460802,-3.3923211759015706,816.0771835820376,408.7344738984097,0.9999528552552844,1.0000349957976666,-0.0002963555051405,0.0004843651225495,130.1683512291034,05_QSUN-FS1,525.02,0.0
16824.739266666667,0.0441326498589021,-0.4068744444700266,-3.43021123125228,817.4507519946308,441.9239923145628,0.999949148330595,1.0000916728763964,-0.0003470553465579,0.0005436039910199,202.2829865094148,05_QSUN-FS1,525.02,0.0
16825.229466666668,0.0516828930360018,-0.5586776273705427,-3.4433820424441657,806.2502277706519,596.457975572685,0.9999635914655748,1.00005423392739,-0.0002093011482767,0.0003804579279192,217.9649165804662,05_QSUN-FS1,525.02,0.0
16825.72265,0.051621216154111,-0.4553021530638991,-3.435768595185691,812.1133135762958,483.3935036226716,0.9999685989396588,1.000093909675274,-0.0002111881886263,0.000377988792112,196.01988300855805,05_QSUN-FS1,525.02,0.0
16826.212241666668,0.0504633490726273,-0.446688645119316,-3.4435448967719258,811.1874298153513,488.8724646521516,0.9999723879085022,1.000046917293874,-0.000248542475656,0.0004137463039165,163.5338138003338,05_QSUN-FS1,525.02,0.0
16826.702445833333,0.0529832405897588,-0.5698684708564979,-3.42364939827745,804.297847980057,604.3263668230503,0.9999634399279932,1.0000969517476714,-0.0002005694711635,0.0003751250820395,166.44571822782336,05_QSUN-FS1,525.02,0.0
16827.192475000003,0.0539712869369757,-0.5101626455142115,-3.4231640035569466,805.3210968797421,551.4734798956855,0.9999633371488992,1.000045365259148,-0.0001753542248584,0.0003567126772163,194.38038706159327,05_QSUN-FS1,525.02,0.0
16827.68504166667,0.057092852490154,-0.6838371241350082,-3.429084944103434,800.0679345542129,707.904666940787,0.9999672996685574,1.0000932119757808,-0.0001337590864921,0.0002940357458471,166.8328931580648,05_QSUN-FS1,525.02,0.0
16828.174366666666,0.0528170894291019,-0.5334523177240292,-3.4109575848617646,805.5903468714887,570.4058286889666,0.9999695868066748,1.0000386130373464,-0.0001873981029271,0.0003554161728778,159.83180771767462,05_QSUN-FS1,525.02,0.0
16828.664483333334,0.0526016340444042,-0.8670965613839744,-3.436606471076524,794.8410904657419,861.0510547382901,0.9999690901000288,1.0000432209968824,-0.0001832973675199,0.0003840754067596,172.248326787432,05_QSUN-FS1,525.02,0.0
16829.1581,0.0482902045348583,-0.7827365037708327,-3.3865404369551744,799.3356081636082,795.968872371039,0.9999748396377452,1.0000279259910505,-0.0002582583865054,0.0004333150380938,133.69049282099968,05_QSUN-FS1,525.02,0.0
16829.649183333335,0.0495440960941193,-0.8382702086209892,-3.380509991837817,797.4285752288094,820.0200874939756,0.9999675443315084,1.0000360355691096,-0.0002571278489001,0.0004252289867495,123.63452510290104,05_QSUN-FS1,525.02,0.0
16830.1414,0.0497091743984767,-0.4640388339676127,-3.429079482839472,810.754260020097,495.0412329223584,0.9999634554129369,1.0000378776470231,-0.0002399935638347,0.0004060109694724,110.24189088913808,05_QSUN-FS1,525.02,0.0
16830.633879166668,0.0513939996957273,-0.5195460598092899,-3.4100503204120387,810.0668700040792,541.5062032290319,0.9999617774445284,1.0000810739662047,-0.0002355443218733,0.0004092354344456,106.83192039119147,05_QSUN-FS1,525.02,0.0
16831.12565833333,0.0523236469539606,-0.4256286539290733,-3.41250231197463,810.1193455171691,471.8322843589672,0.999966541128489,1.0000277367375148,-0.0001791770808518,0.0003948225786257,105.93771383250656,05_QSUN-FS1,525.02,0.0
16831.616387500002,0.0535091580598566,-0.5224705605238338,-3.4340419608740644,808.9604667744355,553.013256678386,0.9999564433184376,1.0000271466204966,-0.0001900112503582,0.0003713893987436,126.88830779014144,05_QSUN-FS1,525.02,0.0
16832.107554166665,0.0460362800393595,-0.5324871887155981,-3.452458277894218,814.6397306393694,548.9982994750806,0.9999858528170364,1.000030235242905,-0.0002969618663202,0.000475009185835,140.21098903550092,05_QSUN-FS1,525.02,0.0
16832.60178333333,0.0507955206675095,-0.6220895600474963,-3.37709186990421,809.4147974225817,635.1530882587924,0.9999565714251734,1.000033608351074,-0.000245775181981,0.0004149298497554,141.9928855804665,05_QSUN-FS1,525.02,0.0
16833.091816666663,0.051515361246869,-0.3624311922891451,-3.404552776042266,814.0890223854418,382.8115021814549,0.9999678784802464,1.0000445488430896,-0.0001880109661653,0.0004103098806821,175.1094472887,05_QSUN-FS1,525.02,0.0
16833.582016666664,0.0299668556049628,-1.447670044805491,-3.275457050067651,907.2606256121868,1395.8423377508177,0.9999690945394292,1.000020629822561,-0.000577090919353,0.0008008166740985,143.91350183474196,05_QSUN-FS1,525.02,0.0
16834.0731,0.0379619612924055,-1.0329484912339428,-3.381292594843518,794.6271393103528,966.166099085798,0.9999688886880708,1.000038785707808,-0.0004202218571255,0.0006336472593108,167.9227175990574,05_QSUN-FS1,525.02,0.0
16834.565575,0.0393473533608254,-0.6845873525166691,-3.408850483168246,807.7704414174569,699.7280212245057,0.999982710208058,1.0000256968576822,-0.0004038868004161,0.0006306472617016,127.79529610109002,05_QSUN-FS1,525.02,0.0
16835.05665833333,0.0427284543416416,-0.9149169799704964,-3.399531314814916,799.9465814938425,897.9900369570545,0.9999597154944266,1.0000482053562152,-0.0003857709454002,0.000540141906558,141.78395341243595,05_QSUN-FS1,525.02,0.0
16835.5500125,0.0321578931950232,-0.7174445972912905,-3.3663581076469,805.7637202501348,723.9605478552567,0.9999919448269248,1.0000310351038548,-0.0005491887808639,0.0007174127261748,123.65810803430406,05_QSUN-FS1,525.02,0.0
16836.043983333333,0.0375958572144541,-1.3372592199987052,-3.452607030792642,755.3795956159478,1273.2090637550868,0.999970111786982,1.000031154560641,-0.0004937224508806,0.0006431575317696,111.362922349213,05_QSUN-FS1,525.02,0.0
16836.534095833333,0.0307367039707408,-1.4238811988972229,-3.2728179118244025,924.348470184066,1398.3179564590223,0.9999005506121844,1.000035979852308,-0.0005869258019107,0.0007951221585104,110.35741124855416,05_QSUN-FS1,525.02,0.0
16837.0235125,0.0336144909738908,-1.4414460577900017,-3.343331625024196,815.1085293135523,1375.4802854199402,0.9999494652195016,1.000039713806673,-0.0005381858786266,0.0006950583909953,121.18488211151036,05_QSUN-FS1,525.02,0.0
16837.513191666665,0.0416410612575486,-1.4031858309251288,-3.341865193346421,784.7384775688839,1313.7022956501607,0.9999546424214673,1.0000849138888095,-0.0003819301359267,0.0006119538768238,143.3483425039044,05_QSUN-FS1,525.02,0.0
16838.00549583333,0.0418960090165864,-1.1738694627456507,-3.376392883736617,776.0140392127734,1134.042343764536,0.9999487155565412,1.0000755212439714,-0.0003937919664218,0.00057717004222,176.06161720734406,05_QSUN-FS1,525.02,0.0
16838.496575,0.0600994760761943,-0.4048620335202857,-3.3950365001961704,803.7523754470266,462.59826052971545,0.9999568758997994,1.000040887432021,-0.0001000962313487,0.0002619736072041,175.58457631372812,05_QSUN-FS1,525.02,0.0
16838.98599166667,0.0598002597528772,-0.3110435820212958,-3.417135986942886,803.601719969563,371.6583251142699,0.9999628038626212,1.0000383434217754,-8.903082660509693e-05,0.0002553322750441,198.57282970819475,05_QSUN-FS1,525.02,0.0
16839.47593333333,0.0502930970450363,-1.200763944284602,-3.4441132467474467,786.1196874177461,1167.3513613672649,0.9999520282820152,1.000013655716686,-0.0002372837148134,0.0004013678842216,201.9470783869753,05_QSUN-FS1,525.02,0.0
16839.967275000003,0.0543164214824557,-0.5240814565782268,-3.3982121895514363,806.4506097596395,566.2643351342214,0.9999600441541044,1.0000402836613431,-0.0001690237993544,0.0003301147984769,200.79490157956053,05_QSUN-FS1,525.02,0.0
16840.457387500002,0.0540510663128121,-0.847590489054909,-3.387691305410944,796.4597550395159,882.2344781872534,0.9999460909562596,1.0000686534170091,-0.000159933575593,0.0003357722610206,143.86424899562002,05_QSUN-FS1,525.02,0.0
16840.948291666668,0.0553336697337007,-0.3306408148880461,-3.412279772583638,812.2392369945333,374.7555393851997,0.9999618651346704,1.0000342663755613,-0.0001510415812124,0.0003418095558625,121.02258174912586,05_QSUN-FS1,525.02,0.0
16841.440683333334,0.0537003867555377,-0.3673906338782478,-3.387591542941037,807.3270182229454,359.29365275568074,0.9999659951220654,1.0000552017806632,-0.0001515633112291,0.0003571756457735,199.0621020602952,05_QSUN-FS1,525.02,0.0
16841.930366666667,0.0537129440075239,-0.513282588652485,-3.3652248365850435,806.6419681888445,538.0429544243636,0.999958648034174,1.0000333021218917,-0.0001824818102847,0.0003857722338402,174.5984119980178,05_QSUN-FS1,525.02,0.0
16842.420133333333,0.0548164467390928,-0.6820015083688232,-3.433864482647103,800.8552188970746,712.6295897438524,0.9999552009152002,1.0000398645832995,-0.0001917514305319,0.0003712430723087,193.78622201018305,05_QSUN-FS1,525.02,0.0
16842.909895833334,0.0509620309349854,-1.1017646280207285,-3.418381138830319,786.3642933410531,1090.0038628553878,0.9999678748574634,1.0000322919683262,-0.0002310038092494,0.0003986396991824,249.29036736671105,05_QSUN-FS1,525.02,0.0
16843.402375,0.0481460156155767,-0.6468680662935951,-3.3855771390384737,804.0633052141364,669.0987232816633,0.9999617289468472,1.0000255693002005,-0.0002713526811515,0.0004686005572014,185.7158747093264,05_QSUN-FS1,525.02,0.0
16843.89450416667,0.0449403964461056,-0.5339111303893906,-3.391577362414306,807.7434220937563,578.691770327578,0.9999452461299272,1.0000908403839863,-0.0003563174058059,0.0005393760856465,176.7484933353469,05_QSUN-FS1,525.02,0.0
16844.387775000003,0.0308123996876266,-1.2667599133813072,-3.449510490916474,762.12562072258,1197.6763657975566,0.9999606297685418,1.0000264156775909,-0.0005816817448609,0.0007760472843068,160.10397833377868,05_QSUN-FS1,525.02,0.0
16844.87876666667,0.0431538018488684,-0.9741850940507276,-3.425030504436497,787.61689627965,974.0662367104316,0.9999656362692432,1.0000627524240011,-0.000377762786098,0.0005779648803069,127.64776147033274,05_QSUN-FS1,525.02,0.0
16845.368616666667,0.0270790868806496,-1.400103401070705,-3.390005244044961,831.7225392377794,1399.9036219615098,0.999943617778315,1.0000386268850376,-0.0007053700028664,0.0008671611362614,195.33652210650573,05_QSUN-FS1,525.02,0.0
16845.858558333333,0.0357441657079039,-0.6089788835077435,-3.4165652613944064,805.2727628250834,682.7080252541457,0.9999705333603268,1.000093412837437,-0.0005099913499928,0.0006926134072684,133.38377349605153,05_QSUN-FS1,525.02,0.0
16846.34885,0.033502562410155,-1.4806903884265772,-3.2891088651985534,842.172138149418,1395.3276460819104,0.999984393787212,1.0000216913142574,-0.0005247480476997,0.0006794040981392,114.92344407631944,05_QSUN-FS1,525.02,0.0
16846.839491666666,0.0193728501036824,-1.453726727925161,-3.262499785978276,896.40205533561,1396.4875297734848,0.9999701337699618,1.0000197075836814,-0.0007541649904443,0.0009295708379786,113.29351447757416,05_QSUN-FS1,525.02,0.0
16847.333283333333,0.0296446347683746,-1.398726795375638,-3.3452306995122445,814.6344790058672,1399.9999999999957,1.00000857422743,1.0000291055193389,-0.0005651209020068,0.0007897296753853,121.8604563272845,05_QSUN-FS1,525.02,0.0
16847.822874999998,0.0405783783042991,-0.5289504838286719,-3.320460483515477,812.1350523124429,596.4503741152621,0.9999759963819228,1.0000398579520735,-0.0004428549354096,0.0006040348419378,107.27114747140462,05_QSUN-FS1,525.02,0.0
16848.312554166667,0.0156168141887193,-1.45182010536876,-3.34088102663975,843.3383730993504,1391.0469642489502,0.9999835315246678,1.000021435979813,-0.0008540922286036,0.0010649959400015,120.36458185624042,05_QSUN-FS1,525.02,0.0
16848.80205833333,0.0280237606496365,-0.1157626470241652,-3.326890105704586,849.134256289829,206.4937994000543,0.999998347957674,1.0000379794196816,-0.0006107515865189,0.0008135074435362,159.93412834166372,05_QSUN-FS1,525.02,0.0
16849.29235,0.0336157580566901,-1.030782332911485,-3.3822124297995595,781.3160593221149,1028.216419899741,0.9999540423107304,1.0000392025490925,-0.0005350955503691,0.0007330291584333,168.2128357763071,05_QSUN-FS1,525.02,0.0
16849.782375,0.0381296080991288,-0.231392651489169,-3.4603049527395235,817.3795231156698,328.47351011897223,0.9999960300989724,1.000050564457303,-0.0004394316686629,0.0006703163963072,236.79968696833848,05_QSUN-FS1,525.02,0.0
16850.277920833334,0.0522244980065753,-0.7035830558173547,-3.4170394203011423,800.6975720680347,713.3029476342043,0.9999553969253292,1.0000403195248924,-0.0002077166160761,0.0003723805785689,229.9365554191056,05_QSUN-FS1,525.02,0.0
16850.77145,0.0389326907588209,-1.4930929740975478,-3.305396684766709,849.3865126635859,1399.5736683677924,0.9999480121062576,1.0000346624821783,-0.0004526324910669,0.0006605770141013,239.30210003075496,05_QSUN-FS1,525.02,0.0
16851.26069166667,0.0414314849089128,-0.1793317698249624,-3.3467439119717866,861.9077372886052,200.00005815858577,0.9999463721824212,1.0000380859515936,-0.0003855508114793,0.0005865216795852,196.2768121960859,05_QSUN-FS1,525.02,0.0
16851.752475,0.0490887779645115,-0.7461370222079432,-3.368304086464707,800.008163110929,718.2894033301152,0.9999458703553326,1.0000461481442564,-0.0002722285617214,0.0004619689943888,179.10439656051986,05_QSUN-FS1,525.02,0.0
16852.242325,0.0550697283629139,-0.5133565068306709,-3.355326632629572,805.6021635190606,504.4480863943285,0.9999669181824762,1.000112495406206,-0.0001213865515398,0.0003513651395595,152.8469771174195,05_QSUN-FS1,525.02,0.0
16852.732441666667,0.0381294646684137,-1.502517214378259,-3.3701346492804425,832.2347997048579,1399.9999418414145,0.9999509914976652,1.0000264409127968,-0.0004814831634009,0.0006128488531483,152.60081919022053,05_QSUN-FS1,525.02,0.0
16853.221945833335,0.0219675829832399,-0.9355089164036549,-3.423195993283624,788.1937176186448,921.3197269927304,0.9999677495953828,1.0000889149518497,-0.0007632074127825,0.0009603186743273,153.6165597078703,05_QSUN-FS1,525.02,0.0
16853.714075,0.0282342258199737,-1.3678651242132898,-3.359280561775804,828.5671269460685,1296.2005488397356,0.9999642809004206,1.0000155504357335,-0.0006209360937348,0.0007954523737148,168.64258882675085,05_QSUN-FS1,525.02,0.0
16854.203316666666,0.035582682068603,-0.4539013690334813,-3.352950799325099,808.5149330415712,557.7401348241111,1.0000313900235958,1.000052352954782,-0.0004954074475267,0.0007304857412786,149.62184100242092,05_QSUN-FS1,525.02,0.0
16854.69299166667,0.0208765083895147,-1.4668571445266687,-3.3133281957264766,900.8764488357688,1391.417579131238,0.9999822692977788,1.0000477202615838,-0.0007768273922899,0.0009182699077186,125.4996498681556,05_QSUN-FS1,525.02,0.0
16855.182670833336,0.0259939263049945,-1.4418884638972531,-3.318556743464343,815.1889129727356,1338.5994052322353,0.9999620456977952,1.0000506355994572,-0.0006901864588847,0.0008285319966941,120.07065202591043,05_QSUN-FS1,525.02,0.0
16855.675766666667,0.0350675957559843,-0.8517286505363044,-3.4304027678098663,793.2112692066189,873.3461585017877,0.9999439421485656,1.0000837866391414,-0.0004978777893948,0.0007018543124174,121.3215080739428,05_QSUN-FS1,525.02,0.0
16856.167895833332,0.0351896408118577,-1.0989032990372662,-3.4394420091407816,779.8211901885859,1050.2389365751023,0.9999640819605436,1.0000333156123784,-0.0005157249078005,0.0006611679006651,138.2893896555694,05_QSUN-FS1,525.02,0.0
16856.661687500004,0.0392922855569333,-1.0635507922724226,-3.344269446441678,782.3483904260041,985.3469601457416,0.9999694473195554,1.0000540949811252,-0.0004411041222489,0.00060503114461,121.88557043384688,05_QSUN-FS1,525.02,0.0
16857.151279166665,0.0316937385931712,-1.1642049762105526,-3.4475096436591475,770.0213589615744,1160.889190980086,0.9999701770674873,1.0000308827595332,-0.0005755591615429,0.0007409683982722,116.15928865423224,05_QSUN-FS1,525.02,0.0
16857.640695833335,0.0434314100091678,-0.970296714257518,-3.391056520914523,787.755008596078,953.6634512580854,0.999965885299588,1.0000314492507825,-0.0003503457380377,0.0005417992112752,112.34019995524926,05_QSUN-FS1,525.02,0.0
16858.131425,0.056281514646011,-0.4273789720390046,-3.3828169788820324,808.5386036460532,440.2892313732584,0.99996196098431,1.0000372045621837,-0.0001158499188959,0.0003103856433121,106.75225206271568,05_QSUN-FS1,525.02,0.0
16858.622066666667,0.0514397221203815,-0.6330122308094778,-3.3865326777482565,807.2879820365439,644.159817526248,0.9999564561523656,1.000035299146515,-0.0002216044443376,0.000390571944728,113.53809580145528,05_QSUN-FS1,525.02,0.0
16859.112091666666,0.0510362576204456,-0.5919419409072162,-3.397283799018925,810.2847719686198,598.4165513468081,0.9999532490684068,1.0000269448280543,-0.0002329044084436,0.0003861681145125,127.26679226517462,05_QSUN-FS1,525.02,0.0
16859.603258333333,0.0437834948960882,-1.0632437343111647,-3.423461377667333,787.6874490558176,1012.0219610614732,0.999960243526172,1.0000316478262348,-0.0003479355220446,0.0005338143800632,108.2121137749766,05_QSUN-FS1,525.02,0.0
16860.092937499998,0.0447518051376998,-0.2196546563552352,-3.3612173420786458,818.1530009904095,311.72302323314256,0.9999693510205966,1.000080911802281,-0.0003406177750728,0.0005666486900325,111.0025352832088,05_QSUN-FS1,525.02,0.0
16860.582616666667,0.0380072601940136,-0.7061719064576812,-3.410962828247617,805.1079198006662,729.6350004880436,0.99997102447244,1.0000343338377542,-0.0004581220761691,0.000637805901527,110.0604191875748,05_QSUN-FS1,525.02,0.0
16861.071858333333,0.0445432398972071,-1.1169439456762829,-3.428502490229182,785.4072680929381,1061.9170057916042,0.9999769417404576,0.9999879721954188,-0.0003508293983148,0.0004083469015165,144.26999641500015,05_QSUN-FS1,525.02,0.0
16861.56118333333,0.0410073773040367,-0.8522608980755509,-3.387833738385778,803.0274733580706,833.4147014808424,0.9999702182127124,1.000037056797077,-0.0003974091347191,0.0006007176627449,148.4628326582249,05_QSUN-FS1,525.02,0.0
16862.052,0.0383936640913931,-0.6401093054195582,-3.345331093307643,814.6123071586386,646.0509278369695,0.9999584483225208,1.0000200108196822,-0.0004452433501537,0.000606932367073,116.41606237881088,05_QSUN-FS1,525.02,0.0
16862.541766666665,0.0364637929709793,-0.3167108308592917,-3.3267091182327286,830.8052663754332,369.0114494478753,0.9999745768145276,1.000081637163053,-0.0004818956332223,0.0007000890093181,105.98816490884592,05_QSUN-FS1,525.02,0.0
16863.033983333335,0.0254572289071149,-0.5674632252673057,-3.255929057962656,831.8090604458979,573.3314530167816,0.9999834079476844,1.0000282501705955,-0.0006516735969275,0.0008157413976457,149.7459923820806,05_QSUN-FS1,525.02,0.0
16863.526116666668,0.0367937843586954,-0.7449176135930713,-3.378457500363731,804.2502223623977,751.4434513765526,0.9999616125799138,1.0000353787094487,-0.0004625022132998,0.0006468647186854,128.88049109253024,05_QSUN-FS1,525.02,0.0
16864.016141666667,0.0411445321375699,-0.3148580960524906,-3.4020001896034664,831.827968742806,350.7645192087105,0.9999934797007995,1.000092472921071,-0.0003624762863093,0.0006040633480634,128.13671122874172,05_QSUN-FS1,525.02,0.0
16864.505470833334,0.0460633105423866,-0.5002051290470932,-3.372504426401023,817.3887909461913,517.0734029473384,0.9999625842909412,1.0000358023857754,-0.0002890908222205,0.0005157643585901,124.5280009709285,05_QSUN-FS1,525.02,0.0
16864.994887499997,0.0459040745875595,-0.6125214613952681,-3.373034525514245,812.4028980137748,623.8318125653742,0.9999612596843834,1.0000231708229512,-0.0003015616126988,0.000526898398987,166.48584580082183,05_QSUN-FS1,525.02,0.0
16865.484566666666,0.0263389429223024,-0.3620854688050554,-3.3481040172181995,836.1907247326642,426.0576195410962,0.9999870035447308,1.0000367102231011,-0.0006671019918646,0.000850673306644,242.82867540154817,05_QSUN-FS1,525.02,0.0
16865.976608333334,0.029571388305514,-0.4589721434978662,-3.378311927545957,828.1742985241038,464.1825984435977,0.999946234477586,1.000037926180527,-0.0006106510972883,0.0008159462415768,224.39950978439705,05_QSUN-FS1,525.02,0.0
16866.466375000004,0.0275443572015248,-0.6845741763478114,-3.3337397252422907,819.3343526625662,667.2705083034871,0.9999811298591482,1.0000468625321204,-0.0006589521450063,0.0008408103453913,180.29404290395723,05_QSUN-FS1,525.02,0.0
16866.955791666667,0.0410958952156577,-0.5787544416735111,-3.3262766828676305,829.0244172764512,560.5652867451632,0.9999705153711403,1.000035877163622,-0.0003723548885737,0.0005643310336665,181.198414026542,05_QSUN-FS1,525.02,0.0
16867.448266666666,0.0346856362133591,-0.3908304633419493,-3.370474337209542,826.8750612615426,390.2589609351521,0.9999829460977896,1.00002707365864,-0.0004745115840519,0.0006863866225851,112.80020240014731,05_QSUN-FS1,525.02,0.0
16867.9422375,0.0309057087505282,-0.1803997642548232,-3.3041831091310243,891.7851416094887,201.30551270649656,0.9999555015068656,1.0000857039777995,-0.0005599204653852,0.0007446383275136,129.3043414940784,05_QSUN-FS1,525.02,0.0
16868.434716666667,0.044388741012205,-0.4308281796970452,-3.3775001194167404,815.7056987791376,439.6166468380117,0.9999570080425232,1.000090717579898,-0.0003558131032379,0.0005396464813712,168.8505076772047,05_QSUN-FS1,525.02,0.0
16868.924045833333,0.0426612227049004,-0.4919892308173168,-3.327137525082672,813.055163233509,530.7951932878187,0.9999699160942412,1.000044056775906,-0.0003747415745834,0.0005694758419879,141.67487116173484,05_QSUN-FS1,525.02,0.0
16869.41355,0.0419258531137642,-0.5311796223968049,-3.360176039606884,813.3613671704692,523.3041847283885,0.9999333268254748,1.0000900172751233,-0.000402682574066,0.0005797277150429,150.65245461046104,05_QSUN-FS1,525.02,0.0
16869.90611666667,0.0431425164726917,-1.0217008748632883,-3.3655689800216244,789.7695593265757,976.1708730680408,0.9999681122516372,1.0000065456908076,-0.0003641340657803,0.000536007604084,132.17300998495693,05_QSUN-FS1,525.02,0.0
16870.4021,0.0579748131862633,-0.6398969388910327,-3.356411251777815,801.4491550922335,662.4909816009166,0.9999610870454604,1.0000563189483769,-0.000140456550048,0.0002560006041135,184.09472266043804,05_QSUN-FS1,525.02,0.0
16870.896333333334,0.0323566708153852,-0.950412165022206,-3.3358881066092296,788.3837316756527,947.2268972278536,0.9999483483681446,1.000044030818885,-0.0005862235008254,0.0007490769256321,143.09844416595467,05_QSUN-FS1,525.02,0.0
16871.38670833333,0.0347504586878709,-0.9900426080973014,-3.355217107512785,788.2499335111448,911.217900795606,0.999966732976246,1.000097543274502,-0.0005344832277719,0.0007105859829126,212.28592449615243,05_QSUN-FS1,525.02,0.0
16871.8763,0.0324903576971247,-1.016640240389767,-3.38212604744261,782.8019119337871,983.6814868745848,0.999947346147911,1.0000375720655108,-0.0005580079083632,0.0006998285532234,237.0603400934587,05_QSUN-FS1,525.02,0.0
16872.370354166665,0.0271890449717508,-0.6930129254020208,-3.400241119967061,806.6382304706267,707.8780470413628,0.9999435987551524,1.0000316731730508,-0.0006605216996125,0.0008060691639076,305.1344204657396,05_QSUN-FS1,525.02,0.0
16872.863275,0.039326673292497,-0.8175850845723535,-3.378372638400042,797.1402586436408,821.1249830619099,0.9999417323677938,1.0000454902415297,-0.0004441400116669,0.0006079915427292,334.31970505508906,05_QSUN-FS1,525.02,0.0
16873.356366666667,0.0350690586731623,-1.131507031936393,-3.409978172282929,776.3049990495001,1068.6776043162588,0.9999521508121236,1.000052302698272,-0.0005192578418506,0.0006810620679227,324.21717388668065,05_QSUN-FS1,525.02,0.0
16873.846566666667,0.0386681439360465,-0.4968260081410287,-3.3310002530767053,814.8377042787045,533.7418215039501,0.9999376211166168,1.0000464759528906,-0.000458574039069,0.0006234412798222,328.75489226757304,05_QSUN-FS1,525.02,0.0
16874.340099999998,0.0429268612771837,-0.6334549663374055,-3.349526231069213,807.2126749209694,633.8352881447653,0.9999563313671748,1.000058581946229,-0.0003825599586197,0.0005578009088517,398.75479021682025,05_QSUN-FS1,525.02,0.0
16874.832316666663,0.0477588521285742,-0.3794915772012228,-3.369825110649681,812.8914759641399,406.7769250331187,0.9999672269998088,1.000056252617702,-0.0002681687312143,0.0004625578921068,420.9506098010095,05_QSUN-FS1,525.02,0.0
16875.3248,0.0457054343186868,-0.1933635488949331,-3.351101915339466,820.9907150808591,244.2563656185164,0.9999643476471012,1.000053611192294,-0.0003092662461795,0.0005128945263841,427.15870062813184,05_QSUN-FS1,525.02,0.0
16875.814566666664,0.0526068183725218,-0.1949847924681949,-3.371600090925122,814.8752229735403,235.51888916681912,0.9999461521219984,1.0000560740630575,-0.0002007931635439,0.0003838980333123,445.230614298319,05_QSUN-FS1,525.02,0.0
16876.304416666666,0.0495815642932917,-0.4123340903186528,-3.3770269644876665,814.0464414039728,457.9626441732698,0.9999496142230572,1.0000599324436366,-0.0002772429444158,0.0004441997794876,423.1765106490232,05_QSUN-FS1,525.02,0.0
16876.794008333334,0.0606439016187205,-0.2720991597730208,-3.396643166713176,807.970071616635,336.7198495235692,0.9999680065797346,1.0000677183705655,-5.443150011809247e-05,0.0002407587591144,445.5547781368935,05_QSUN-FS1,525.02,0.0
16877.285525,0.0547779836902689,-0.1337497286806615,-3.345831939363588,808.8179312503097,210.20985382934623,0.9999705044117242,1.0000472043182769,-0.0001786331986315,0.0003656083924748,420.1398145191312,05_QSUN-FS1,525.02,0.0
16877.779408333332,0.0507273742674226,-0.4528614869386199,-3.3614230490010995,808.3029281577336,488.0706966478226,0.9999754715283298,1.0000598179244549,-0.0002370155257302,0.0004293168080791,381.2364245607934,05_QSUN-FS1,525.02,0.0
16878.27215,0.0360997231737554,-0.8234338622194076,-3.3716832261729923,795.7793329064646,841.0762792242972,0.9999532616407504,1.0000305633682585,-0.0004930502096517,0.000644876199368,396.1717387507536,05_QSUN-FS1,525.02,0.0
16878.76314166667,0.0362820915478462,-0.9558102679022522,-3.382408188131419,789.9381553749071,920.76834057718,0.9999606926724094,1.000048100797541,-0.0005054801754515,0.0006710402216617,348.3874911118172,05_QSUN-FS1,525.02,0.0
16879.25343333333,0.0358302279029653,-0.8903869551994852,-3.333023138247938,794.2233051378972,874.7009920024839,0.9999630660780872,1.000039668349153,-0.000494176037115,0.0006770808915126,320.7165487398965,05_QSUN-FS1,525.02,0.0
16879.743283333333,0.0363938513239574,-1.0922964774695108,-3.376706218516739,781.6613462915116,1051.2318012418132,0.9999616433213044,1.0000277924709862,-0.0004920616592676,0.0006564862468793,358.56502489223595,05_QSUN-FS1,525.02,0.0
16880.238479166666,0.0461701136909871,-0.7387342511436716,-3.36372155739577,802.5363787318032,730.458286648233,0.9999363627044302,1.0000457943352383,-0.0003239191759091,0.0004945396075064,371.198901715675,05_QSUN-FS1,525.02,0.0
16880.728066666667,0.0427197182380934,-0.6411419797890343,-3.3586646294031675,805.7990420631104,662.9663512051333,0.9999400306739678,1.0000515610110103,-0.0003705768644467,0.0005656661521459,325.10631090029403,05_QSUN-FS1,525.02,0.0
16881.220725,0.0423823328328087,-0.7441202816612431,-3.35236357498974,800.9025138036604,753.870867209769,0.999955746186554,1.0000610692739316,-0.0003879441637133,0.0005873473309667,284.18753299328824,05_QSUN-FS1,525.02,0.0
16881.7104,0.0416906331316265,-0.5457396988645296,-3.3492972035551927,812.3103930510796,566.6228699678517,0.999957284459392,1.0000521025637976,-0.0004023992225098,0.0005745901470614,369.2486749155171,05_QSUN-FS1,525.02,0.0
16882.201395833334,0.0439527243260472,-0.7090093717067654,-3.3630925484335488,803.6181666706901,704.1138765080775,0.9999500879444116,1.000040903862883,-0.000352786244354,0.0005434287908931,388.5482230906612,05_QSUN-FS1,525.02,0.0
16882.695975000002,0.0453650049397329,-0.731914739438445,-3.3674251171477367,802.2718512304241,721.7814767549473,0.999938737245208,1.000046464590039,-0.0003430623076817,0.0004967586962305,341.56660391442824,05_QSUN-FS1,525.02,0.0
16883.188366666665,0.0454887344210577,-0.7428091270572826,-3.3513960488108743,802.3310821331338,734.5227350151413,0.9999566596209694,1.0000529807031695,-0.0003297270713346,0.0004999263211896,341.7577884272698,05_QSUN-FS1,525.02,0.0
16883.678308333336,0.040596912253967,-0.5811375715269603,-3.3470758396957767,811.492089671904,599.5871977294277,0.9999694395044056,1.0000469644036227,-0.0004126871442169,0.0005965979757948,326.6711410072744,05_QSUN-FS1,525.02,0.0
16884.168775000002,0.0387173360832443,-0.6528796512603746,-3.332293515073348,810.0258258878858,646.54928520661,0.9999640899992276,1.0001012532581086,-0.0004615776941001,0.0006248432967994,256.3587544715086,05_QSUN-FS1,525.02,0.0
16884.658454166667,0.0374678901122827,-0.7587560327793551,-3.379681853267189,802.954527259324,746.0879559939422,0.999975780881651,1.0000595772105505,-0.0004738339607247,0.0006547839882222,289.0910183820145,05_QSUN-FS1,525.02,0.0
16885.150583333332,0.0394179209614721,-0.5499724905443425,-3.3529018293136392,811.91561225841,566.4937916835369,0.999943403193964,1.000062148248013,-0.0004326757594168,0.0006291998915013,257.31650660375794,05_QSUN-FS1,525.02,0.0
16885.6406125,0.0426307781651052,-0.7247582668756684,-3.339995465866464,804.0451984297323,726.4576715228382,0.9999733048241506,1.0000552599560628,-0.0003987496910518,0.0005644234791426,191.9286386751308,05_QSUN-FS1,525.02,0.0
16886.13554166667,0.0443390287483188,-0.7957886001150813,-3.343226448681301,799.8654609119362,784.2702192589148,0.9999600609010368,1.0000841618232374,-0.0003593274440368,0.0005222735817177,157.56972030636166,05_QSUN-FS1,525.02,0.0
16886.62828333333,0.0467028479712469,-0.6828489941182267,-3.35232567351847,805.5972655566902,667.9344575364846,0.9999617578522888,1.000041682318171,-0.0002939699765423,0.0004919739505607,223.39975272496093,05_QSUN-FS1,525.02,0.0
16887.118141666666,0.0473217222995504,-0.4205533702331525,-3.3547746480944904,814.7254584263561,454.5053652212805,0.9999740565348478,1.0000432313223817,-0.0002999965829581,0.0004838461390283,213.5107772271532,05_QSUN-FS1,525.02,0.0
16887.608866666666,0.0476345335748193,-0.4710751021565061,-3.355278916057175,814.1089545163005,479.10661846510703,0.999966291755317,1.0000561085385586,-0.0002946034199016,0.0004469275442656,208.1021299929704,05_QSUN-FS1,525.02,0.0
16888.09915833333,0.0396609581971725,-0.7542264826621186,-3.380861603568067,801.502448992827,744.9595766751138,0.9999582583467584,1.0001000848394248,-0.0004401875957647,0.0006407506533962,160.4747759123224,05_QSUN-FS1,525.02,0.0
16888.589099999997,0.0389808500834477,-0.8836986616742671,-3.365960934012875,795.2963371912731,867.9795459830914,0.9999443068528668,1.0000404634634803,-0.000472209717866,0.000632083724067,142.40467950018157,05_QSUN-FS1,525.02,0.0
16889.078166666666,0.0445478764447866,-0.6138727330023263,-3.327034921841527,809.3654295063371,611.4834458336388,0.999964913499214,1.0001008323717624,-0.0003415891871279,0.0005560008616557,121.45506574919676,05_QSUN-FS1,525.02,0.0
16889.568283333334,0.0471202598906694,-0.7665945196903108,-3.339768769015848,802.8111696484572,738.1251762135446,0.9999684185776976,1.0000426290584827,-0.0002971840824257,0.0004799481583204,108.46692634855836,05_QSUN-FS1,525.02,0.0
16890.064524999998,0.0499334044975435,-0.8791826185662925,-3.330207197274273,797.6157422246682,842.4420188209453,0.9999644583505009,1.0000806000937543,-0.0002440843410649,0.0004607142416537,122.00297125185382,05_QSUN-FS1,525.02,0.0
16890.555433333335,0.0446106647517959,-1.0446520128840604,-3.363283760876051,788.2812247524508,998.4940026255008,0.999957471049687,1.0000543457499127,-0.0003586311445672,0.0005350108180939,132.72494066634988,05_QSUN-FS1,525.02,0.0
16891.04625,0.0448425712981737,-0.7765167640057895,-3.3440178473407567,804.0735607462793,743.1281027399336,0.999961875680478,1.00003050909353,-0.0003223780008081,0.0005299680547783,100.66119980376992,05_QSUN-FS1,525.02,0.0
16891.536016666665,0.0466318774735158,-0.7620912433817078,-3.3606088403630925,804.6759593042415,743.6174527120704,0.9999653288894996,1.0000791744670858,-0.0002955542908253,0.0004981713675938,104.18902115234852,05_QSUN-FS1,525.02,0.0
16892.02893333333,0.0449678464151067,-0.9865757021855937,-3.333050902674594,793.6537686120779,951.3612238956814,0.9999663919127616,1.0000376351351004,-0.0003493293250101,0.0005354169117219,103.4884430581324,05_QSUN-FS1,525.02,0.0
16892.521933333333,0.0433895721982685,-0.8426923217815006,-3.3396965500109808,802.5795202184407,824.2050684254756,0.9999740693742768,1.0000810593334697,-0.000372936303391,0.0005708995853679,115.71059319734094,05_QSUN-FS1,525.02,0.0
16893.017741666667,0.0412607576691089,-1.1404712857546833,-3.3581520609775737,779.2792629741675,1076.6773117374094,0.9999703927066296,1.0000370685472288,-0.0003874587204904,0.0005626881214507,104.8494232850406,05_QSUN-FS1,525.02,0.0
16893.5096125,0.0449915693461517,-0.8977538141496043,-3.3120770308588656,796.4669985150919,855.4413040253096,0.9999642360706922,1.0000269718061472,-0.00032780872408,0.0004879876275616,122.86409246869292,05_QSUN-FS1,525.02,0.0
16894.002791666666,0.033669848400934,-0.8334251174396042,-3.358664562752568,798.8925654271555,817.4817065538729,0.9999833171367624,1.000023049776081,-0.0005397882328831,0.0007023243981243,109.71866651945484,05_QSUN-FS1,525.02,0.0
16894.494920833335,0.0327144577259611,-1.0145073784511334,-3.342368976255982,790.4914572646256,981.0624673551972,0.9999871155605948,1.0000365122803023,-0.0005469610432407,0.0007351875500025,124.10339510416064,05_QSUN-FS1,525.02,0.0
16894.98915,0.0350218224722758,-0.7685618799684504,-3.3329584684673903,803.7334799264074,755.4254318520498,0.9999671701009064,1.000034528240091,-0.0005019519686587,0.0006664037135271,129.74154774874916,05_QSUN-FS1,525.02,0.0
16895.482770833332,0.0396895167123811,-0.6845373724592966,-3.320464784889054,810.4522974332573,657.6919574137942,0.9999680327765292,1.0000295275228193,-0.0004127796654892,0.0006144262693153,139.08159486375266,05_QSUN-FS1,525.02,0.0
16895.972275,0.0386745247021522,-0.5537368596814102,-3.359367440026431,815.2898814281057,564.4876262390346,0.9999716364945715,1.0000231270033817,-0.000436250083672,0.0005786914926475,122.96040434876484,05_QSUN-FS1,525.02,0.0
16896.46265,0.0369500279829014,-0.628013790753297,-3.3264846518226343,813.0391173663459,610.1027472106063,0.9999757989774803,1.0000849715187328,-0.0004686860401548,0.0006751109367899,110.79942374683064,05_QSUN-FS1,525.02,0.0
16896.952591666668,0.0363416161524814,-0.5393730823508768,-3.353366475380516,817.4192813416262,534.1568487567366,0.9999755908411933,1.0000836133550544,-0.0004900021227608,0.0006901366462277,105.06644682625137,05_QSUN-FS1,525.02,0.0
16897.4435,0.0294373532356763,-0.3644778436121559,-3.318620640691853,842.4026225162211,378.1016937314988,0.9999742126103546,1.000035251360993,-0.0005968773473066,0.000806628737583,119.2661854535151,05_QSUN-FS1,525.02,0.0
16897.934137500004,0.0393059764014257,-0.7778054575403148,-3.3307817010199026,808.0762593795537,743.3450926230345,0.9999661202319288,0.9999995705581386,-0.0004281047685012,0.0005999002540532,117.02773915594412,05_QSUN-FS1,525.02,0.0
16898.42425416667,0.0336883841280471,-0.8898850542263979,-3.3107718566941355,798.8202868113589,856.2378828918563,0.9999743525796648,1.0000218418817168,-0.0005243459087529,0.0006883951390397,117.85580077194592,05_QSUN-FS1,525.02,0.0
16898.9177,0.0397818836149141,-0.3368355782701426,-3.3037899564174253,824.6142864976705,372.190244302743,0.9999943604648124,1.0000386688675893,-0.0004296568281078,0.0006011175866346,114.2807192814622,05_QSUN-FS1,525.02,0.0
16899.407116666665,0.0373168062500481,-0.5149165829785414,-3.301777527902898,820.9356325591142,508.1335451233589,0.999978718899845,1.000097098731672,-0.0004766116080849,0.0006716722789211,110.3841885127926,05_QSUN-FS1,525.02,0.0
16899.896354166667,0.0454957648501708,-0.7384764206733704,-3.322149374855042,803.5708097371539,711.1952433465344,0.9999657818161324,1.000038434151698,-0.0003392980952842,0.0005093731248195,109.94954471743657,05_QSUN-FS1,525.02,0.0
16900.385508333333,0.0463767968465864,-0.9315537443585556,-3.326697942088145,796.7921416646496,863.5424780544396,0.9999565006790913,1.0000370047774276,-0.0003268591582439,0.0004876130446286,108.09081045197073,05_QSUN-FS1,525.02,0.0
16900.875275,0.0433369374211005,-1.04949862963755,-3.3471187113900447,786.6748047224191,987.7954156800474,0.9999599507784364,1.0000215577383995,-0.0003522840426857,0.0005493445063689,109.49343424944514,05_QSUN-FS1,525.02,0.0
16901.36757916667,0.0397059344949869,-0.9897933733942617,-3.3094618920706504,791.1824337528291,933.0501052283884,0.9999705750414316,1.0000263430919665,-0.0003914229617674,0.000570108511477,110.19302526884904,05_QSUN-FS1,525.02,0.0
16901.85743333333,0.0403379810764219,-0.7432151567485569,-3.348645906988008,806.6094928875174,723.238091929286,0.9999660063323408,1.000036924571949,-0.0004150050663762,0.0005871995159018,111.01652727413548,05_QSUN-FS1,525.02,0.0
16902.347458333334,0.0361057752781281,-0.6926205442555741,-3.2997247201718367,809.2314047403651,682.8721676025365,0.9999620750596052,1.0000248628308033,-0.0004996011521333,0.0006555187314167,128.85867173975964,05_QSUN-FS1,525.02,0.0
16902.837225,0.0382046186944075,-0.5785476448505172,-3.340431437545407,813.1999448372185,576.8113391927035,0.99996175544935,1.0000351988660232,-0.0004717989196615,0.000666110710513,193.19445084958488,05_QSUN-FS1,525.02,0.0
16903.327166666666,0.037843225557473,-0.4329053449309302,-3.328484289509834,819.2072575017561,441.34498222631936,0.999943632657895,1.0000300323223974,-0.0004621784457127,0.0006408311102793,247.8669247611258,05_QSUN-FS1,525.02,0.0
16903.816583333333,0.0497479620276471,-0.4503282942390474,-3.305296604115744,818.7359929190216,442.6894864233103,0.9999693768805984,1.0000929994899577,-0.0002548670481095,0.0004422570403251,241.8923589832425,05_QSUN-FS1,525.02,0.0
16904.313349999997,0.0468760473289151,-0.6193416742210109,-3.341775667133186,809.2635801118303,615.3881237893855,0.9999607730775314,1.0000965331429437,-0.0003136313080093,0.0004920753090887,222.09503911824385,05_QSUN-FS1,525.02,0.0
16904.80574583333,0.0470210746912132,-0.6685938736379158,-3.297005022972363,807.9101621098736,642.2616015243308,0.9999489667911784,1.0000619575070484,-0.000306060004436,0.0004708317670058,249.3457340254484,05_QSUN-FS1,525.02,0.0
16905.295599999998,0.0422476571443896,-0.1291639147753497,-3.2636188804000965,858.5406533402574,200.00005815858577,0.9999602691815112,1.000036871916837,-0.0004233880073635,0.0006009937169415,232.1305764763448,05_QSUN-FS1,525.02,0.0
16905.785366666667,0.0422079635356843,-0.4111146034476294,-3.3039186277275863,818.537530056026,420.9951110344724,0.9999525806804694,1.0000536705682006,-0.0004008645815751,0.0005647065168003,221.97984843202693,05_QSUN-FS1,525.02,0.0
16906.27854583333,0.0441088720402973,-0.5896022912001522,-3.3080863642803875,812.5177425122275,592.7413171556482,0.9999636955653288,1.0000107445304205,-0.0003625984396724,0.0004950559335015,284.62181173274905,05_QSUN-FS1,525.02,0.0
16906.767958333334,0.0443448160944835,-0.5651449245395693,-3.3283765571733155,810.8330646946225,576.5099682842327,0.9999586075084952,1.0000486884252715,-0.0003529946754571,0.000537608671189,318.55543654229285,05_QSUN-FS1,525.02,0.0
16907.259041666668,0.0499579613730949,-0.5691082009620722,-3.2962985269125955,809.8816393286377,563.905690693561,0.9999499571712204,1.0000530135632568,-0.00027001486681,0.0004200910297061,392.6010986529393,05_QSUN-FS1,525.02,0.0
16907.751516666667,0.0538923957318798,-0.8695492412218827,-3.305768883072841,797.9453888749532,830.1470002260141,0.9999529427941218,1.0000531888335653,-0.0002000710961129,0.0003344584861702,445.8386089020958,05_QSUN-FS1,525.02,0.0
16908.243475,0.0558288410279777,-0.8806143310013668,-3.302159428402568,798.0337823570164,846.4463140559764,0.9999419222403004,1.0000449822595454,-0.0001854725046356,0.0003134044241819,463.2130463828118,05_QSUN-FS1,525.02,0.0
16908.737266666667,0.051910411230637,-0.944398436216276,-3.3647592352673144,795.2899831272148,925.2121545254012,0.999949362522908,1.000016307065022,-0.0002316711460985,0.0003957908338262,432.616721527738,05_QSUN-FS1,525.02,0.0
16909.231233333332,0.0506610012642827,-0.9639823322905112,-3.3121723662715485,793.1950903979127,926.5384367001332,0.9999623372680532,1.000060953886904,-0.0002616536049047,0.0004047177954292,407.7567454085656,05_QSUN-FS1,525.02,0.0
16909.721091666666,0.0474276978439434,-0.7007592137454287,-3.317002108726544,803.8886219911972,695.031192250643,0.9999410792963188,1.000055270717731,-0.0003106038887809,0.0004676393198252,344.9724970854179,05_QSUN-FS1,525.02,0.0
16910.214795833333,0.0434143351316128,-0.4398775921815867,-3.343561094010654,815.8154466520967,469.5467894616454,0.9999572964505916,1.0000368625170803,-0.0003630537830061,0.0005387827903956,236.3088558815723,05_QSUN-FS1,525.02,0.0
16910.708325,0.0469729212262228,-0.3642830565438109,-3.335033528419064,814.9395508516269,400.3178237827081,0.9999474486491284,1.0000319391635104,-0.0003031713746597,0.0004744529472713,212.1221160921609,05_QSUN-FS1,525.02,0.0
16911.19817916667,0.0426472277454501,-0.6455425170063691,-3.341651883078238,807.1285321182611,647.1455661314953,0.9999489140257876,1.0000437307848695,-0.0003847961709096,0.0005437597452055,210.2243198250094,05_QSUN-FS1,525.02,0.0
16911.69145,0.0335649325791337,-0.2445875386166516,-3.2855024467406264,839.6542827033221,257.48297918288665,0.9999632046190136,1.00003693957287,-0.0005362855971273,0.0007372714269832,184.13004987857963,05_QSUN-FS1,525.02,0.0
16912.182791666666,0.0401308276889889,-0.8236642361636205,-3.3125593918788097,798.9791149730788,789.4129828099856,0.9999582108693515,1.0000554549196812,-0.0004534881166358,0.000614139866754,172.42870442364165,05_QSUN-FS1,525.02,0.0
16912.67229166667,0.0396753594317754,-0.7564931629757804,-3.301744901984759,803.3639482858697,724.2024518793911,0.9999679062922652,1.0000325987441223,-0.0004493234071526,0.0006049814079132,146.99242438948198,05_QSUN-FS1,525.02,0.0
16913.162933333333,0.041932733858928,-0.7053052663667595,-3.3263389146228297,806.2279263748555,683.5511693970983,0.9999742772184204,1.000033175216624,-0.0004105536525313,0.0005418946701621,136.7960735368923,05_QSUN-FS1,525.02,0.0
16913.656991666667,0.0351257262732341,-0.996657920195368,-3.314993281928012,787.5837156445848,935.1189703839448,0.999967601983784,1.0000253392980554,-0.0005232595899677,0.00069201496832,111.07892714734452,05_QSUN-FS1,525.02,0.0
16914.147458333337,0.0351699622506287,-0.9966367642502392,-3.295588498999752,790.4870761581592,937.3659008054188,0.999960087800814,1.00003277600475,-0.0005085787330838,0.0006685969560246,151.68860227119183,05_QSUN-FS1,525.02,0.0
16914.636870833332,0.0353217201937637,-0.8002766627746909,-3.307093912858257,806.7797028192322,763.9506986331191,0.9999569278725824,1.000035282490755,-0.000496918682332,0.0006952374931314,162.2035071463748,05_QSUN-FS1,525.02,0.0
16915.126637499998,0.0396686720524638,-0.9290037671804487,-3.304983686379787,798.1892045454248,883.1730221662447,0.9999522894001904,1.0000287398933243,-0.0004354878838121,0.0006399179131574,171.88482269900126,05_QSUN-FS1,525.02,0.0
16915.620516666666,0.0409965810334121,-0.6350159510348296,-3.303147407684048,816.9916280509786,614.1251501570276,0.9999601879697524,1.000099410868789,-0.0004082283510019,0.0005881700442936,130.0220567566246,05_QSUN-FS1,525.02,0.0
16916.111249999998,0.0424101689424891,-0.4621575712994947,-3.289882625610921,820.7283228050072,451.48518448924415,0.9999708917295412,1.0000336566093138,-0.0003501638645942,0.0005443313792711,110.85841998180491,05_QSUN-FS1,525.02,0.0
16916.605916666664,0.0398446899893544,-0.1787132859339264,-3.190008790752278,896.7705866743123,202.4172794804861,0.999961490533602,1.0000246498783405,-0.0004413794078389,0.0006421255554277,110.01839015507484,05_QSUN-FS1,525.02,0.0
16917.09585833333,0.0431410329712069,-0.3081456082165719,-3.3021177655364555,819.4149563789028,353.6905587421668,0.9999770616577472,1.00002810339063,-0.0003886303209203,0.0005620003566428,103.27882368272805,05_QSUN-FS1,525.02,0.0
16917.589475,0.0418495726806359,-0.281326478954733,-3.2985566766306365,824.4823737128881,317.47304828873973,0.99995839019692,1.000035735739007,-0.0004106992659554,0.0005780424925467,124.44345297503556,05_QSUN-FS1,525.02,0.0
16918.080466666666,0.0397461599485812,-0.7689554000004734,-3.309201480565976,802.9804030582187,752.8873060069477,0.9999730155129476,1.0000292274425897,-0.0004267476989948,0.0006025560111799,115.52133288335268,05_QSUN-FS1,525.02,0.0
16918.584941666664,0.0378495575879133,-0.6529838414427038,-3.2767537904349,810.9897806291518,643.2713468845316,0.9999698694120618,1.0000368424195245,-0.0004797526350552,0.0006330725936704,109.32120027658472,05_QSUN-FS1,525.02,0.0
16919.074616666665,0.0422036103306625,-0.7622647273391345,-3.2917817201694843,804.0443222719683,740.4666685883722,0.9999758908413736,1.0000434247367307,-0.0004031953041031,0.0005607273681917,115.07200501854608,05_QSUN-FS1,525.02,0.0
16919.5643,0.0390118144664489,-0.8369127935355023,-3.320061654458291,798.5312886053367,813.5029705882932,0.9999635236409328,1.0000251986237747,-0.0004703496898217,0.0006278220460524,147.21578422311725,05_QSUN-FS1,525.02,0.0
16920.054325,0.043323376748037,-0.6307519116151735,-3.278468775908063,808.584728123412,627.8821387039956,0.999970601224836,1.000086469872661,-0.0003783370885708,0.0005770372360183,144.94688657867695,05_QSUN-FS1,525.02,0.0
16920.54400416667,0.0423833166838475,-0.3846727137838592,-3.285453705910165,822.0417999495887,405.7162137854576,0.9999505356525163,1.0000235236438328,-0.0003828326123832,0.0005443097841431,125.5319645804714,05_QSUN-FS1,525.02,0.0
16921.034649999998,0.043033047409377,-0.7635474147662246,-3.3200102472331823,806.3196848243223,730.5551268551344,0.9999624840826656,1.0000284474444574,-0.0003562197080397,0.0005586329161003,104.61926378335484,05_QSUN-FS1,525.02,0.0
16921.524325,0.0438741570453623,-0.758233972550964,-3.297959754808951,807.9814395868013,714.4007214185868,0.9999668708546936,1.0000359059370232,-0.0003713756917327,0.0005495595049309,107.51277780436062,05_QSUN-FS1,525.02,0.0
16922.013916666667,0.0441309446320199,-0.8108659706389264,-3.296227499246528,802.6052188829959,772.2006424997878,0.9999646361582548,1.000043202717496,-0.0003379886740217,0.0005500222238737,106.22079992905012,05_QSUN-FS1,525.02,0.0
16922.50885,0.0434610769251782,-0.920157721202444,-3.307142548619177,793.6252465367263,883.3081746308662,0.999965358246816,1.0000485803549126,-0.0003781589583831,0.0005316308982947,133.20118207034588,05_QSUN-FS1,525.02,0.0
16922.998,0.0450545222768053,-0.8184734284379896,-3.3215432661430264,798.7724799734956,782.8126458599952,0.9999714579874128,1.0000245537520105,-0.000337918466962,0.0005190977577893,151.44792095513674,05_QSUN-FS1,525.02,0.0
16923.487591666668,0.0438452863524387,-0.3824264077464035,-3.28210604604204,820.0683975663528,390.94955566971066,0.9999701942592047,1.000033721346491,-0.0003684723204018,0.0005355003010227,146.74558874836794,05_QSUN-FS1,525.02,0.0
16923.976741666665,0.0388400209384667,-0.9909257651154488,-3.2847185894571966,787.7048453447883,957.9820183466082,0.9999617774834568,1.000056546421516,-0.0004554661684285,0.0006205301014479,145.48365224442048,05_QSUN-FS1,525.02,0.0
16924.469483333334,0.0354321974950135,-0.6630218930379425,-3.2667735587773623,809.1761338500633,673.9610758430507,0.9999656931181936,1.0000318861150572,-0.0004953806222942,0.0006448844673259,112.2186534351464,05_QSUN-FS1,525.02,0.0
16924.961966666666,0.0411777621747182,-1.0618756446603346,-3.33831191304554,787.5806957741086,1006.0687302844487,0.9999638129691544,1.000007201423269,-0.0004125874928867,0.0005543297884541,112.17986392559318,05_QSUN-FS1,525.02,0.0
16925.454008333334,0.0450646407910756,-1.0699610217669095,-3.2346523809232965,789.2498820059889,1017.5636554168408,0.999981137206562,1.000085708165278,-0.0003280763581612,0.0005218223931495,118.23913763832444,05_QSUN-FS1,525.02,0.0
16925.944912500003,0.0468857561933983,-0.7704764239564881,-3.3236073431701154,803.5951748699579,762.570218878912,0.9999729560224184,1.0000464941733624,-0.0002706199631407,0.000476077870907,106.03615424508124,05_QSUN-FS1,525.02,0.0
16926.435116666667,0.0427376187407766,-0.8489342617065266,-3.328380632816726,798.3054015177431,813.1650630176665,0.9999567722302716,1.000014454534,-0.0003845690034837,0.0005067832562477,121.34900560808408,05_QSUN-FS1,525.02,0.0
16926.924358333334,0.0449248733422734,-0.8528530907660516,-3.2928967593932525,796.3081241908395,833.729577524863,0.9999540358704636,1.0000265070753185,-0.0003445872112888,0.0005304165698079,173.1462405728668,05_QSUN-FS1,525.02,0.0
16927.417275,0.0409400313361394,-0.7993241709665042,-3.327893015976961,802.8322401723109,757.4990182363878,0.9999676414029256,1.0000289058148122,-0.0003995577404599,0.0005850462950764,231.16302524847669,05_QSUN-FS1,525.02,0.0
16927.906779166668,0.0433144236099155,-0.6754271445561967,-3.283467093263171,808.3312903824806,664.2860294535328,0.9999463619129338,1.0000630997596731,-0.000362159642423,0.0005725431469898,236.7141056594761,05_QSUN-FS1,525.02,0.0
16928.396458333336,0.0389494930166828,-0.808939469462839,-3.3173494519219062,800.4145344842311,768.6896818269167,0.9999493722352132,1.0000323962510735,-0.0004320429710257,0.0006247684975592,202.7538964913184,05_QSUN-FS1,525.02,0.0
16928.889725,0.0446317012158696,-0.734134578309429,-3.2398894112978907,805.931725840593,698.7739455230035,0.999957223609991,1.0000356757853248,-0.0003615108897124,0.000516396765831,245.20613370208355,05_QSUN-FS1,525.02,0.0
16929.379229166665,0.0439199299812921,-0.7934366484217888,-3.248759129151732,804.1317306024273,740.2573876814965,0.9999552198953776,1.0000365191250673,-0.00036938775679,0.0005309396226568,305.3358534883384,05_QSUN-FS1,525.02,0.0
16929.869691666667,0.0425388746098506,-0.817253560615194,-3.286012616025319,797.9962658369069,808.8956878276445,0.999940556136411,1.0000405984445448,-0.0003950373504815,0.0005762460891899,391.9139868022029,05_QSUN-FS1,525.02,0.0
16930.36165,0.044987630461296,-0.4590002886475421,-3.279377606356121,816.3777315874477,469.4420187806472,0.9999556510280144,1.000043283559276,-0.0003273324923644,0.000520180913651,416.70937859542136,05_QSUN-FS1,525.02,0.0
16930.853779166668,0.0456280729268638,-0.455779555746688,-3.2990965071957943,814.4867006010832,469.8658819924182,0.9999565091312644,1.0000359655704805,-0.0003050456760507,0.0004893877681036,398.7007087293632,05_QSUN-FS1,525.02,0.0
16931.34380833333,0.0504491341763507,-0.6382826330197875,-3.252855493446059,808.5593720693574,602.5689480967399,0.9999483375134336,1.0000430570982624,-0.000265245995048,0.0004018863894644,346.3940489398403,05_QSUN-FS1,525.02,0.0
16931.83383333333,0.0511766936022324,-0.5820659052735522,-3.300048045495746,806.4163030276596,586.2119090225683,0.9999559975911848,1.0000430401730762,-0.0002428951226006,0.000401599016276,331.63395662007474,05_QSUN-FS1,525.02,0.0
16932.326316666666,0.0443580226852602,-0.8603453084391998,-3.274798118654899,796.5281118193102,826.7529854735974,0.999936133748182,1.0000368704653233,-0.0003553579263961,0.0005424401614799,337.66390456247456,05_QSUN-FS1,525.02,0.0
16932.815816666665,0.0377449444667522,-0.9494038892661504,-3.30661214742597,790.460992046187,931.7180437707508,0.9999589497973872,1.0000481400356451,-0.0004702589649377,0.0006261517834956,312.96624493862805,05_QSUN-FS1,525.02,0.0
16933.3092625,0.0361517028423057,-1.3669869052910095,-3.3369053916649736,762.2068646438245,1254.9100237470243,0.9999473226967776,1.000101595158993,-0.0004886108303845,0.0006795533736272,255.20775874425044,05_QSUN-FS1,525.02,0.0
16933.804808333334,0.0345495128847982,-1.5442172301504826,-3.246922673831745,833.3325460815074,1398.591420319994,0.9999468139978516,1.0000364305236331,-0.0005205034660794,0.0006980738564104,308.95310675297605,05_QSUN-FS1,525.02,0.0
16934.29448333333,0.0386114237232446,-1.0809872617268506,-3.281839393714593,776.6749123069368,1041.6611586219044,0.9999396565460296,1.0000361529158026,-0.0004392118312887,0.0006067564933449,328.9229419126459,05_QSUN-FS1,525.02,0.0
16934.787316666665,0.0446552771818859,-0.8037005235693492,-3.291040630411763,801.9165162790418,751.3373957729893,0.9999529121925692,1.000046190144101,-0.0003538680751738,0.0005315010687952,314.4593332678471,05_QSUN-FS1,525.02,0.0
16935.277433333333,0.0390443912833013,-1.0344940214053056,-3.287675331432487,780.9153672854195,954.4803366946184,0.9999546969370872,1.0000356878721148,-0.0004505260997368,0.0005954441249036,321.0832692392016,05_QSUN-FS1,525.02,0.0
16935.767458333332,0.048518723588194,-0.7523037304296708,-3.224665098590275,802.5671126773148,728.4113890222014,0.9999685893041536,1.0000627352881892,-0.0003058279765935,0.0004334774063809,320.91925152294993,05_QSUN-FS1,525.02,0.0
16936.25985,0.0433158393520928,-0.8598565887084063,-3.293283512177953,797.4851454628837,798.9549919344646,0.999954953020776,1.0000459321811983,-0.0003737893269459,0.000527695357766,293.9223353459525,05_QSUN-FS1,525.02,0.0
16936.752066666664,0.042110174509055,-0.8842698660630076,-3.266777630276608,794.316243768557,825.6801290664644,0.9999506248787554,1.0000312004098448,-0.0004075088587595,0.0005692893833207,267.95781728715514,05_QSUN-FS1,525.02,0.0
16937.241658333332,0.0402079910058612,-0.920280274272504,-3.280072619119236,790.9338099347518,859.3010325507803,0.9999565885846688,1.0000228430257905,-0.0004512702609522,0.000596393640798,246.16764019751216,05_QSUN-FS1,525.02,0.0
16937.735191666667,0.0401638274905264,-0.9937561407909108,-3.28027170109271,783.3513242441101,944.8362318182144,0.9999578310885854,1.0000335227745707,-0.000442658415727,0.0005800104818083,217.33444041378843,05_QSUN-FS1,525.02,0.0
16938.224258333335,0.0397044748909116,-0.9579515123578852,-3.26679475612495,787.3791916011739,902.0661794482016,0.9999594078340058,1.0000366840582624,-0.0004389281755507,0.000612500173132,169.24471848025178,05_QSUN-FS1,525.02,0.0
16938.714720833334,0.0460299568328231,-0.8620912992305971,-3.293835629189015,797.526964118453,788.8072365947959,0.9999573322718758,1.0000312764036128,-0.0003259453022377,0.0004884191956149,145.38562854620315,05_QSUN-FS1,525.02,0.0
16939.211054166666,0.039269966347602,-1.038153021751001,-3.290448623307745,781.2943594432777,968.9535905022066,0.9999565428336624,1.0000412707628774,-0.0004501959762233,0.0006175201823108,157.194975023157,05_QSUN-FS1,525.02,0.0
16939.702133333332,0.0470581478429014,-0.6870296244569488,-3.273860293756997,806.3553862341931,657.3490579017549,0.9999636245266574,1.0000431839272963,-0.0003195564798758,0.0004736883202215,179.24742783143458,05_QSUN-FS1,525.02,0.0
16940.192075000003,0.0472769539437844,-0.6146457075396125,-3.255168357800172,808.8182576043604,612.9277843023946,0.9999692076128578,1.0000515220549284,-0.0003118626028104,0.0004929378136195,215.2983027482667,05_QSUN-FS1,525.02,0.0
16940.682016666666,0.0426489453289412,-0.7116344767757539,-3.266233162059702,805.6871735038801,682.407083249671,0.9999698246110266,1.0000448388278558,-0.0003828447359689,0.0005565514942071,186.84725107648265,05_QSUN-FS1,525.02,0.0
16941.171866666667,0.052056867307829,-0.7598280001092539,-3.2558230884681927,801.4834066024509,729.3024516910742,0.999966985675151,1.000041289026245,-0.0002166530476154,0.0003778545403755,197.8463900228884,05_QSUN-FS1,525.02,0.0
16941.664175,0.048129784602964,-0.9113360017719933,-3.265938902529616,793.0196333236422,860.1952840393486,0.9999600182915308,1.000038208905928,-0.00028607392968,0.0004396661278437,136.58305986531118,05_QSUN-FS1,525.02,0.0
16942.158316666668,0.0466967081035467,-0.8813051763414312,-3.2817331439301074,795.055640900617,830.9605965081194,0.9999630810615296,1.0000429930791,-0.0003039305346801,0.000468125314353,134.31056980955705,05_QSUN-FS1,525.02,0.0
16942.649308333333,0.0442951556867684,-1.1464063385642018,-3.2935952727140623,774.4374278839687,1073.7536037362229,0.999961238437594,1.0000316744665478,-0.000361134271815,0.0005375974970829,148.90565518982345,05_QSUN-FS1,525.02,0.0
16943.14564166667,0.0339696700721629,-1.4248210442974416,-3.3828516389652465,731.9783031628148,1330.5283360740657,0.9999716789669876,1.000018157525861,-0.0005438858946826,0.0007150573286694,172.94539339347182,05_QSUN-FS1,525.02,0.0
16943.636633333335,0.0521792335789458,-0.7598470356581858,-3.267345551023546,801.9805913868225,729.482172804261,0.999964493339974,1.0000178869280891,-0.0002258914226705,0.0003949025633014,142.5333110288816,05_QSUN-FS1,525.02,0.0
16944.1263125,0.0452853243241535,-0.7635605736274247,-3.240127146791299,802.3237431933522,731.0793058076588,0.9999564157602264,1.0000379921915523,-0.000350014112919,0.000517895757349,171.78127392922403,05_QSUN-FS1,525.02,0.0
16944.616341666668,0.0523365609215801,-0.6345068421916847,-3.252088524569052,809.0903520586368,603.3699727140494,0.9999581067529107,1.000028010532995,-0.0002195388877493,0.0003740452727993,226.47342937283605,05_QSUN-FS1,525.02,0.0
16945.106016666665,0.0491571275019745,-0.7236637686540323,-3.2486545544353147,803.0507319856104,708.4813823636357,0.9999510281852418,1.0000610415126143,-0.0002745930655249,0.000429896237916,261.4648725708605,05_QSUN-FS1,525.02,0.0
16945.597358333333,0.0531157592807359,-0.5949835282552919,-3.2482504615403625,808.0264578085425,597.87250849406,0.999954198122924,1.0000129195257086,-0.0001950087683499,0.0003481167271798,375.1630325277778,05_QSUN-FS1,525.02,0.0
16946.086425,0.0585564635644183,-0.4453940396919371,-3.218486661775264,810.922468634391,446.079141012557,0.9999447032907992,1.00003681856378,-0.0001238024929259,0.0002545088399845,316.1994579595925,05_QSUN-FS1,525.02,0.0
16946.577329166666,0.0582204946598978,-0.4206686086437686,-3.2273181524358847,811.0874525292005,442.25400252458064,0.9999383989722056,1.0000270122113557,-0.00011761277967,0.0002624203467732,288.7029761339478,05_QSUN-FS1,525.02,0.0
16947.06656666667,0.0519091528054941,-0.7221651974869044,-3.2464360743587366,805.0929628242194,687.8348412673654,0.999942502110714,1.000036062560168,-0.0002303828016407,0.0003899867408735,256.7564826193585,05_QSUN-FS1,525.02,0.0
16947.561766666666,0.0546728313345863,-0.6338175192940272,-3.245208171544206,806.6048530780363,615.0654863083981,0.9999608734810144,1.000038113688806,-0.0001890743866344,0.0003311057344786,225.2832244760735,05_QSUN-FS1,525.02,0.0
16948.05135416667,0.0484111980706667,-0.8042460148091315,-3.238492359842324,803.4344495110482,756.3438332639264,0.9999535814288526,1.0000415089988124,-0.0002969226525324,0.0004539027972202,198.9722977806023,05_QSUN-FS1,525.02,0.0
16948.540770833333,0.0494487401040026,-0.7532866037270007,-3.236761057671712,802.5937508357853,714.5372064800578,0.999963851459758,1.0000494242430205,-0.0002736139029182,0.000434956117184,171.6805529236396,05_QSUN-FS1,525.02,0.0
16949.0303625,0.0543923966660019,-0.5590140438019537,-3.2430801443058708,811.8898056502578,553.0610513909672,0.9999190861347332,1.000028205134393,-0.0001894762653661,0.000343158606037,147.4131923265328,05_QSUN-FS1,525.02,0.0
16949.520041666667,0.0517774354936505,-0.6105930711957,-3.243308218124076,809.9561243707776,593.7701502995322,0.9999176214580472,1.0000843690699937,-0.0002454861363001,0.0003983887822815,140.51436181766437,05_QSUN-FS1,525.02,0.0
16950.009983333333,0.0544658223513041,-0.4551998998483385,-3.2425080355288407,816.2019609228114,437.01965372580736,0.999954916462768,1.0000301594440746,-0.000181851272387,0.0003649765795149,165.01473265500837,05_QSUN-FS1,525.02,0.0
16950.500183333334,0.0566448159642837,-0.4369243398285933,-3.2066568877095505,816.2533771606761,443.3863483573977,0.9999106457374776,1.0000280589994508,-0.0001517268232221,0.0002722838398976,168.8697589598392,05_QSUN-FS1,525.02,0.0
16950.9898625,0.0598356044384522,-0.3706135783465363,-3.216273492091536,810.1043268287028,416.3303202715797,0.9999065038920376,1.0000276514457824,-9.1786927491272e-05,0.0002132974230199,151.63359664509244,05_QSUN-FS1,525.02,0.0
16951.480854166668,0.0539991199347852,-0.9709626483792086,-3.267580450010228,792.9194244408187,915.7000119284204,0.999945146927845,1.00003675676316,-0.0001984035883951,0.0003443141062623,221.85120930037857,05_QSUN-FS1,525.02,0.0
16951.970795833335,0.0588361467878817,-0.6835203926677779,-3.264721759541237,804.0900420995368,658.5252356189266,0.9999422736859368,1.000006407580967,-0.0001222407269095,0.0002490577120685,206.4049294788205,05_QSUN-FS1,525.02,0.0
16952.462575,0.060659573050487,-0.6108356120948784,-3.1834246069800747,805.5919847887071,568.4771612221222,0.9999541218147358,1.0000393282660374,-0.0001235882254471,0.0002495664730463,213.82472087480875,05_QSUN-FS1,525.02,0.0
16952.952341666667,0.0661171679564302,-0.6577318525865925,-3.2175870804314544,799.7988187471849,612.1537757696105,0.9999400408752148,1.0000197857560793,2.360147575566861e-05,0.0001252937420806,256.9515841965893,05_QSUN-FS1,525.02,0.0
16953.441583333333,0.0655156384327465,-0.7376945729949534,-3.224895875223052,799.8849779065954,714.7650970454083,0.9999437290553612,1.0000254328793643,1.232194686864011e-05,0.0001771181089751,303.9341989158969,05_QSUN-FS1,525.02,0.0
16953.931170833337,0.0641227813130208,-0.6561850623225225,-3.258812867422688,801.140578298457,632.6792698325175,0.9999399127240592,1.0000292039666658,-1.9751156979523047e-05,0.0001829012288726,316.6091840799129,05_QSUN-FS1,525.02,0.0
16954.423475000003,0.060642356773883,-0.6419660591410983,-3.19972866704476,803.4666602196332,633.0558395455616,0.9999527753637236,1.0000585892913183,-5.981491824436618e-05,0.0002452997144405,336.9088162827695,05_QSUN-FS1,525.02,0.0
16954.915783333334,0.0526108129533764,-1.1429493602844825,-3.270057702005736,782.5126999103884,1059.8387306385646,0.999954130424378,1.0000726638418804,-0.0002293977250333,0.0003986177303751,310.010363479679,05_QSUN-FS1,525.02,0.0
16955.410887500002,0.0535847773932955,-0.9651178772204964,-3.2677874208111763,792.6822820266544,896.8335821758601,0.9999538881696112,1.0000443628620284,-0.000205992195054,0.0003433991263054,232.20736195321936,05_QSUN-FS1,525.02,0.0
16955.901354166668,0.0576398762677573,-0.8736151022324186,-3.2265721613847687,796.933928320678,810.2197929016224,0.999955753559196,1.0000465256286133,-0.0001325102933271,0.0002788732123384,199.9767349743537,05_QSUN-FS1,525.02,0.0
16956.390683333335,0.0460980279890984,-1.199002480255885,-3.275492223253012,776.1412717584146,1122.1222320758395,0.999945523691649,1.000023079381009,-0.0003369506730408,0.0005021747131613,179.5202082511912,05_QSUN-FS1,525.02,0.0
16956.879925,0.0572938277895442,-1.0292115737649077,-3.275698193717209,791.0067075914384,997.7094377369364,0.9999581985185036,1.0000902363881434,-0.0001573762436513,0.0002841647552467,131.83161512669562,05_QSUN-FS1,525.02,0.0
16957.369516666666,0.0533333184698131,-1.231608734553204,-3.2627425580449527,782.2481944139919,1158.0305518773828,0.999955380510258,1.0000353939755764,-0.0002049691931334,0.0003871638943616,178.10605882129707,05_QSUN-FS1,525.02,0.0
16957.863216666665,0.055954325142608,-1.1750921586957417,-3.249103009443622,787.8142392567672,1092.1239652496308,0.99995573748235,1.0000311631264254,-0.0001603762520901,0.0003148196209399,191.26250421215445,05_QSUN-FS1,525.02,0.0
16958.357449999996,0.0574489093130985,-1.041316036547746,-3.2397395885452074,792.6988791471497,962.0794224119476,0.9999621723343288,1.0000442111302,-0.0001351201294524,0.0002795964106114,187.0792289669629,05_QSUN-FS1,525.02,0.0
16958.847741666665,0.0610734858543302,-0.9597440326723568,-3.246935894945566,794.8660359697344,893.5796239011657,0.999961211609052,1.0000462044208631,-9.768518132915816e-05,0.0002465005703008,157.3260658095697,05_QSUN-FS1,525.02,0.0
16959.337508333334,0.0588939625474726,-0.8921780634300235,-3.2552329821431627,797.9518193015414,853.9332405553375,0.9999083262413636,1.0000390125021534,-0.0001138214609066,0.0002244138399121,120.59858391679543,05_QSUN-FS1,525.02,0.0
16959.826833333333,0.0477550043672685,-1.1121871071124183,-3.2406211042895703,785.7337875651483,1047.7033743444274,0.9999182955033312,1.0000598701207195,-0.0003288878590108,0.0004911231468633,106.97958576305014,05_QSUN-FS1,525.02,0.0
16960.317216666666,0.0449535374010811,-0.951579961564653,-3.259909231428223,794.9577141323803,874.4353809090353,0.9999607435317796,1.0000233506920686,-0.0003427987882358,0.0005121708389589,106.10781445596814,05_QSUN-FS1,525.02,0.0
16960.814599999998,0.0458812029872626,-1.3631352053354788,-3.3016598473776275,777.3998359844276,1253.1437515586351,0.9999663636746522,1.00001070665724,-0.0003197602927552,0.0005123165712567,128.0237717836831,05_QSUN-FS1,525.02,0.0
16961.305766666665,0.0331924069088547,-1.5421185363157213,-3.105479436030988,882.3112119423997,1380.8704978057292,0.9999770609600754,1.0000215823707104,-0.0005435871127325,0.0007176548540924,165.9252415189952,05_QSUN-FS1,525.02,0.0
16961.795091666667,0.0250248051765216,-1.3642030206600295,-3.29710815983394,768.3078074510404,1244.7828254490728,1.000005674692124,1.0000238699896968,-0.0007113508913051,0.0008582899682524,158.24707680059498,05_QSUN-FS1,525.02,0.0
16962.285033333334,0.0326013441892681,-0.7063921582233951,-3.2255214961605003,810.3275711997396,670.1007250183477,0.9999884907189184,1.0000297078668214,-0.000551112125917,0.0007251386948835,129.25206159830714,05_QSUN-FS1,525.02,0.0
16962.774449999997,0.032277955182932,-1.5995236699500848,-3.028371034279056,947.1760678184904,1396.44290540741,0.9999459188477726,1.0000405313811191,-0.0006012261436609,0.0007348466590127,153.7671736721107,05_QSUN-FS1,525.02,0.0
16963.26649166667,0.0417850197175202,-1.3278374548443883,-3.2977850543376666,766.4062139046915,1240.054616337287,0.9999656825040156,1.0000213250997296,-0.0003732976149447,0.000559760270727,106.57983172211893,05_QSUN-FS1,525.02,0.0
16963.757045833332,0.0388862681924405,-1.215645811378608,-3.2667379382894155,774.8658287258269,1126.3021394715718,0.999968054282904,1.0000261042204197,-0.0004583365743103,0.0005809686332016,108.72773864500591,05_QSUN-FS1,525.02,0.0
16964.25075,0.0433836707617928,-1.0482295948318607,-3.26447202905919,785.4529292417876,997.2933183081168,0.9999696577681508,1.0000343598151311,-0.0003704229202014,0.0005581726256921,111.08207214458878,05_QSUN-FS1,525.02,0.0
16964.74366666667,0.056368585070453,-0.9662369395634488,-3.264348294725436,792.3120961942172,895.4835189898005,0.9999619488595886,1.0000440265146666,-0.0001671108195792,0.000308259091524,145.3640190255912,05_QSUN-FS1,525.02,0.0
16965.234658333335,0.0378382208173792,-1.4883934353063082,-3.147486957594003,845.026930439409,1362.4769263682072,0.9999387706900014,1.000024475107298,-0.0004876652436928,0.000635040479952,120.0991080567265,05_QSUN-FS1,525.02,0.0
16965.725125,0.0599107433036186,-0.9132814299776348,-3.2065106225836817,796.0443475095472,849.6244309232537,0.9999734128455948,1.0000536552820556,-0.000101079364565,0.0002153897269389,144.60316507607214,05_QSUN-FS1,525.02,0.0
16966.218133333336,0.0471277830953572,-0.7643756698511389,-3.248543752237725,802.1201422402715,724.2855621239484,0.999963838263789,1.0000517547165555,-0.0003377509185083,0.0004686998004071,212.8847423508868,05_QSUN-FS1,525.02,0.0
16966.725408333336,0.0545647549500487,-0.596885981690404,-3.2344724560202835,806.9696098321392,570.8764558694032,0.99996390648885,1.0000091959356854,-0.0001878306358593,0.0003337356260093,339.9529336896827,05_QSUN-FS1,525.02,0.0
16967.219375,0.0459939869342082,-0.7774424994374626,-3.220469582390556,803.3206937456749,716.9613387006664,0.9999467922606056,1.0000727055273086,-0.0003425396063831,0.0005482651081023,349.6689828645026,05_QSUN-FS1,525.02,0.0
16967.710891666666,0.0500133022175676,-0.8033213124647343,-3.2254575999472923,799.9623285524938,755.2000737482058,0.9999589818668658,1.0000238555727767,-0.0002611718846248,0.0003881118163215,244.81491099041,05_QSUN-FS1,525.02,0.0
16968.20075,0.0541360555639146,-0.7930628876750804,-3.2043015926735303,802.4396902233609,723.3625872637772,0.9999623611590112,1.0000088778973473,-0.0001930076650634,0.0003063786212171,220.9677458512272,05_QSUN-FS1,525.02,0.0
16968.692441666666,0.0544909670569584,-0.999648709054437,-3.2715844532812457,791.3091042394724,930.8266778068288,0.999949327732587,1.0000410871281338,-0.0001879671408612,0.0003296384952961,239.39389953525773,05_QSUN-FS1,525.02,0.0
16969.184916666665,0.0574386469962521,-0.6600527387171607,-3.2280568562726684,806.6844053102767,613.7516896298886,0.9999552448965024,1.0000111176207611,-0.0001431221172064,0.0002637975203946,250.6871956160365,05_QSUN-FS1,525.02,0.0
16969.675475,0.0561961838208946,-0.6563502185386741,-3.21945111486546,807.0766983326137,605.466008389057,0.9999586610262826,1.00002884472279,-0.0001510937965369,0.0003010984446695,260.12196465583946,05_QSUN-FS1,525.02,0.0
16970.169354166672,0.0544273157111724,-0.8360598704032682,-3.151701610828589,799.2694127160121,766.8843396180475,0.9999668976013923,1.0000477048407417,-0.0002074873342474,0.0003463364859782,235.5795039231886,05_QSUN-FS1,525.02,0.0
16970.658858333336,0.0447940596662364,-0.7995926193629396,-3.217775961287195,803.1345674920703,747.6103616998556,0.9999590768587616,1.000036941030721,-0.0003641842604327,0.0004880308951585,207.4360755505552,05_QSUN-FS1,525.02,0.0
16971.149675,0.0426051862954387,-0.6593644069180377,-3.2428214256072665,810.7438181451246,616.2933680418507,0.9999632263442222,1.0000375718527184,-0.0003880365591218,0.0005264534568217,155.68743228078583,05_QSUN-FS1,525.02,0.0
16971.639441666666,0.0455936131699121,-0.7425782978604832,-3.221845390675826,804.9322350645527,708.7940413032063,0.9999622492338064,1.0000263873305406,-0.0003653886806865,0.0004928511652926,145.5171600030103,05_QSUN-FS1,525.02,0.0
16972.13375833333,0.0464833604932281,-0.659876123832614,-3.2299018694927644,811.9217794060417,606.9303349758997,0.9999700083239,1.0000260569618924,-0.000310788787435,0.0005101821691813,104.59252155245926,05_QSUN-FS1,525.02,0.0
16972.626324999997,0.0504040838025057,-0.6606646327764653,-3.2041191614840727,812.558256043608,618.1302336050234,0.9999246102967836,1.000010816129134,-0.0002719105141762,0.0004214360479096,103.53122211405255,05_QSUN-FS1,525.02,0.0
16973.116004166666,0.054188756153019,-0.7987471749510912,-3.2162596934744943,801.9686025519246,744.9487360207911,0.9999636212951274,1.0000247124778137,-0.000202005419606,0.0003043518722156,108.63931539047891,05_QSUN-FS1,525.02,0.0
16973.60603333333,0.0604156449983757,-0.7139107747703123,-3.2028435350532165,804.5790397776817,649.5676036442022,0.9999598159915168,1.0000259859008775,-8.62265665108731e-05,0.000243034726142,106.08022360888532,05_QSUN-FS1,525.02,0.0
16974.095275,0.0505946352964006,-0.6743816568423574,-3.2090272606272165,811.2119674296507,617.5438318229988,0.999959400631398,1.0000140669291953,-0.000238830321004,0.0003898679136527,105.00469828493485,05_QSUN-FS1,525.02,0.0
16974.588804166666,0.0585766182117315,-0.93258428911183,-3.189861024987514,795.0826499769437,852.056274190469,0.999958350091412,1.0000233885676573,-0.0001321046334851,0.0002360511225009,128.81194304633945,05_QSUN-FS1,525.02,0.0
16975.081720833332,0.0456647309958698,-0.6170124132133246,-3.229322445490356,820.0963313614693,581.2635183846703,0.999965377317058,1.0000443914271078,-0.0003190814109587,0.0004587735158946,130.86504910388118,05_QSUN-FS1,525.02,0.0
16975.576829166668,0.0461838269770044,-1.110991702784212,-3.262567284260037,789.5609328310092,1002.5740850236292,0.9999683195571024,1.000025404877946,-0.0003218355720686,0.0005148505042741,113.81183527692352,05_QSUN-FS1,525.02,0.0
16976.066766666667,0.0508948116651027,-0.9146296084643356,-3.2093451445965955,801.9434057974079,805.7667701533139,0.999987984293344,1.0000244406021803,-0.0002355841166325,0.0003863766467839,132.0430607706042,05_QSUN-FS1,525.02,0.0
16976.55688333333,0.0399484809509351,-0.7577372330896052,-3.252077363742781,809.5574344633233,720.2839059023817,0.9999658346870482,1.0000332651087596,-0.0004392197484756,0.0006313375886998,175.2621184576773,05_QSUN-FS1,525.02,0.0
16977.046475,0.0270968036668899,-1.3502149898906044,-3.279693360196231,774.9846112495437,1240.1986812179691,0.9999729019929384,1.0000350427792997,-0.0006618334059529,0.0008515923080689,219.0258460828443,05_QSUN-FS1,525.02,0.0
16977.538341666666,0.0391908708479968,-0.4701210202046528,-3.221605331788662,825.9009871431348,462.38545322211047,0.9999750546522992,1.0000453492996737,-0.0004347036760149,0.0006151350078387,230.3422692850233,05_QSUN-FS1,525.02,0.0
16978.032225000003,0.0545127295995588,-0.8194055202216757,-3.1583624615159787,805.1944965664106,754.2357567281522,0.9999537896261514,1.000016224622447,-0.0001663333022253,0.000309388749264,261.63054350815617,05_QSUN-FS1,525.02,0.0
16978.522079166665,0.0426728511989939,-1.0972740087749464,-3.3083553869937594,787.9471654217858,1045.699449904513,0.9999707515579696,1.0000395399058355,-0.0003506665216289,0.0005470931806009,299.87342681341835,05_QSUN-FS1,525.02,0.0
16979.014558333336,0.0502638734897699,-0.9780803219516612,-3.2469055798782445,798.8070799725941,902.3254669638446,0.9999601637107696,1.0000443740706877,-0.0002240782839508,0.0004210469430879,217.69884619804373,05_QSUN-FS1,525.02,0.0
16979.50415,0.0471697099637432,-0.8410450398195266,-3.1845692869033,804.9350686814253,786.1873645844828,0.9999871770339988,1.0000172269499716,-0.000298430165674,0.000438466563343,199.2396066649057,05_QSUN-FS1,525.02,0.0
16979.994966666665,0.0413711602768675,-0.9402442982860956,-3.201268604818342,801.1195109309482,861.3174547416072,0.9999619805954432,1.0000362065890296,-0.0003984317132843,0.0005860560662332,139.30822676284922,05_QSUN-FS1,525.02,0.0
16980.485958333335,0.0510812882648528,-1.2498453559898437,-3.243088386523312,787.72445547253,1140.2063350043643,0.9999601778951316,1.000032638734907,-0.0002319581022452,0.0004240594589752,108.39474225481604,05_QSUN-FS1,525.02,0.0
16980.975283333333,0.0469038090448852,-0.7935035887694227,-3.1972224189985528,808.4673217081363,722.4854461645949,0.9999580480326036,1.0000189903968375,-0.0003114923985553,0.0004649046684436,115.01124259629294,05_QSUN-FS1,525.02,0.0
16981.4651375,0.0429138290426399,-0.6891299710984082,-3.189004808313048,818.676786989793,603.693020532942,0.9999753885749258,1.0000376267823217,-0.0003683744356737,0.0005490714800568,108.14502894456795,05_QSUN-FS1,525.02,0.0
16981.95490416667,0.0391933423427336,-0.1245178755787149,-3.079992989135924,881.7586524412146,200.00000741751063,0.9999819317602742,1.0000340564687906,-0.0004970402242403,0.0006398319796471,130.20862174479237,05_QSUN-FS1,525.02,0.0
16982.446945833333,0.0258432185313159,-0.1647333379260421,-3.135900838029828,856.3769914523989,200.0187498525314,0.9999998014668786,1.000026601085055,-0.0006640133061259,0.0008479730000075,165.28445758711362,05_QSUN-FS1,525.02,0.0
16982.93715,0.0498192842487578,-0.8145897313988159,-3.234832035428856,801.2040925902991,758.9812255430991,0.999966506448591,1.000044472408911,-0.0002653761719681,0.0004388787746132,117.60865852567058,05_QSUN-FS1,525.02,0.0
16983.427000000003,0.0453816079141349,-1.1250698827966026,-3.1905666537302144,785.0706369469146,1016.951192900122,0.9999771459202278,1.0000449841966446,-0.0003697520821458,0.0005446735006058,208.2762587264461,05_QSUN-FS1,525.02,0.0
16983.916858333338,0.0447573416792518,-0.7738326524320601,-3.23900254758519,804.4031141602421,710.560143100964,0.9999503101861564,1.0000420780317056,-0.0003575327314888,0.0005413675554084,195.22815889150863,05_QSUN-FS1,525.02,0.0
16984.40855,0.0482410526882318,-1.1789563609050395,-3.217544963044655,780.9558626824787,1065.8690245887865,0.9999640997597644,1.0000368125928931,-0.0002921392698054,0.000489101534635,255.29001245654504,05_QSUN-FS1,525.02,0.0
16984.900854166666,0.0469943819545616,-0.9539077793830116,-3.190438719145084,795.0971580481511,874.2569387626368,0.9999516167357172,1.0000376455065014,-0.0003194805725538,0.0005109573643437,269.4377877093398,05_QSUN-FS1,525.02,0.0
16985.390795833333,0.0523868959410075,-0.99951890520108,-2.853654316837724,800.0180065906053,809.624836753708,1.0000333707548898,1.000015569453255,-0.0001777394319181,0.0001706199099357,138.89340941388667,05_QSUN-FS1,525.02,0.0
16985.8816125,0.0507957461051387,-0.848177185938776,-3.1837392744406325,801.8851675245436,778.2019252660017,0.9999595034785016,1.0000509847847612,-0.0002372720715118,0.0004255166439691,251.5764874660016,05_QSUN-FS1,525.02,0.0
16986.371724999997,0.055923980364633,-0.8868984483057281,-3.2050722737969632,801.6452996410812,770.0506518815298,0.9999591592237572,1.0000165435798178,-0.0001510922713806,0.0002974265800361,233.93563036660183,05_QSUN-FS1,525.02,0.0
16986.861316666666,0.0510908913078489,-0.7525712904593493,-3.214532661642421,806.3465445308963,685.5610227368235,0.9999644789820332,1.0000481032931576,-0.0002395646161448,0.0004248386835608,242.6789060624882,05_QSUN-FS1,525.02,0.0
16987.354412499997,0.0439700424893598,-0.728644846316961,-3.2085156683934373,810.971587531002,660.8639749575141,0.9999613419930344,1.0000509776322912,-0.0003627784193566,0.0005599299137937,246.73459027912625,05_QSUN-FS1,525.02,0.0
16987.847766666666,0.0500514873858124,-0.9916129039902658,-3.24341230128363,796.7973981500132,911.6165893324296,0.9999786169615772,1.000033083658438,-0.0002626151282585,0.0004376850767,172.72870395086196,05_QSUN-FS1,525.02,0.0
16988.337708333333,0.0502788746695614,-1.1723696507044836,-3.13004309956638,790.1320852183537,1057.9002929255612,0.999953823140566,1.0000889109920583,-0.0002533608202517,0.0004551673127446,137.43828883621327,05_QSUN-FS1,525.02,0.0
16988.82773333333,0.05420362358044,-1.054525707970735,-3.1758907048141425,793.3078482815099,948.9510849547815,0.9999604407048444,1.000049150724459,-0.0002010777390934,0.0003510495663715,109.8455592335768,05_QSUN-FS1,525.02,0.0
16989.317416666665,0.0590365536804777,-1.0959927773826523,-3.179554889152217,797.7857584580903,997.3306613304349,0.9999595832866088,1.0000590472425843,-0.0001142646366455,0.0002617163904891,101.6472122380898,05_QSUN-FS1,525.02,0.0
16989.810683333333,0.062511069061776,-0.988136446106585,-3.206752760585085,799.929067291649,906.658992396905,0.9999679894319944,1.0000333032527402,-3.5758088881525673e-05,0.0002174858074534,105.78494510440274,05_QSUN-FS1,525.02,0.0
16990.300275,0.0594563183727573,-0.9981037618174492,-3.1846978778806507,797.0857380412455,909.505902496451,0.9999623538552592,1.0000348869509146,-9.248672541261462e-05,0.0002659870515017,100.80671901697546,05_QSUN-FS1,525.02,0.0
16990.793366666665,0.0518118059197072,-1.3443400067951194,-3.22596375276606,783.8055915583591,1215.6603192988418,0.9999698432577632,1.0000256958517528,-0.0002212962870598,0.0004190556741234,99.67933701576246,05_QSUN-FS1,525.02,0.0
16991.282691666667,0.0576647654895476,-1.036977788035917,-3.197307442398879,794.9059821832063,959.3973232539778,0.9999658600595274,1.0000519039568017,-0.0001222300298549,0.0003003154272906,101.99945754168463,05_QSUN-FS1,525.02,0.0
16991.772283333332,0.0514977374651351,-0.8853041251334896,-3.1896407756365246,800.1183971976005,803.1988041315503,0.9999628544388682,1.000035808615072,-0.0002300495102989,0.000397881887492,110.30017838143196,05_QSUN-FS1,525.02,0.0
16992.2659,0.0458657366448242,-1.1998468385408891,-3.2023266234357504,784.6746248405829,1064.2663973187457,0.9999569260176115,1.0000584510875576,-0.0003294347709959,0.0004978533467143,107.08080479754793,05_QSUN-FS1,525.02,0.0
16992.755841666665,0.0441618436267432,-1.0894495552423,-3.2214680207929005,782.87509840786,997.6081957292232,0.9999561570065244,1.0000482755693831,-0.0003827028585349,0.0005409469426478,101.229839645258,05_QSUN-FS1,525.02,0.0
16993.245608333335,0.0485584582072045,-1.2459486503280004,-3.198049101016394,782.352350139307,1121.737258571418,0.9999604821970112,1.0000195894987025,-0.0002684047702681,0.0004615035976064,108.09055284537573,05_QSUN-FS1,525.02,0.0
16993.738,0.0523815680538203,-1.1999919490571698,-3.237231256673593,785.5489759604591,1101.162188585985,0.9999597795754214,1.0000356161750676,-0.0002430392587716,0.0004082993366625,109.93045865007548,05_QSUN-FS1,525.02,0.0
16994.228208333334,0.0617530645675746,-1.0236618176645276,-3.188188022911004,799.4410543023698,939.4791232621284,0.9999668814490452,1.0000311651082503,-3.211327973524728e-05,0.0002067912850745,104.27196109504642,05_QSUN-FS1,525.02,0.0
16994.718233333333,0.0605293840786716,-0.9290238715206326,-3.166682803874834,798.6255088629098,842.1808014788963,0.9999683811950046,1.0000463552797434,-8.342144003593926e-05,0.0002578171431552,104.38272557334508,05_QSUN-FS1,525.02,0.0
16995.20835,0.0655117609116879,-0.9864853647222712,-3.17577971641848,799.6016611005693,882.9948946995548,0.99996125243811,1.0000392081484353,7.555293602659713e-07,0.0001491077173042,105.19404782500118,05_QSUN-FS1,525.02,0.0
16995.700741666667,0.0632733785234895,-0.9035357988112078,-3.203585127667604,800.0704368323688,804.9214494103143,0.9999596321525098,1.0000147713014127,-1.250946145855679e-05,0.0001795841721698,103.42907447488066,05_QSUN-FS1,525.02,0.0
16996.190508333333,0.0580307347871699,-0.8296676849382187,-3.1776389744753484,800.3668193149737,776.8163625702025,0.999962173375746,1.000028688728241,-0.0001180838769276,0.0002912176123734,106.5646392697924,05_QSUN-FS1,525.02,0.0
16996.68185,0.0528895709307432,-0.967704823480097,-3.2124939686794898,796.4504971468916,890.4380307068504,0.999961737278352,1.0000217631714028,-0.0002154485327773,0.0003797590205418,101.79537526447406,05_QSUN-FS1,525.02,0.0
16997.17152916667,0.0588441481943981,-0.6940531408999266,-3.1692379002469178,804.8834145266493,635.1745566535116,0.9999155416561878,1.0000218738776288,-0.000107460395002,0.0002557449009684,98.74908001642606,05_QSUN-FS1,525.02,0.0
16997.661995833336,0.0513024846433493,-0.935867132086852,-3.200976940075696,798.3266423039432,849.0832448778461,0.999914814601746,1.000024660449627,-0.0002750755401006,0.0004080197120339,104.7559123390798,05_QSUN-FS1,525.02,0.0
16998.1529,0.0532333674999118,-1.137484730526511,-3.208818596599517,791.4374365185612,1047.9260872800212,0.9999735845980802,1.000031073839084,-0.0002216923889145,0.0003855420167315,113.31124440880296,05_QSUN-FS1,525.02,0.0
16998.645291666668,0.0542401418412409,-1.0345347645999337,-3.2242234460416497,794.2609372892238,966.831301719421,0.9999653666070856,1.000046368533553,-0.0001975815869985,0.0003395290605151,117.72539147601633,05_QSUN-FS1,525.02,0.0
16999.135145833334,0.0587338285542531,-0.9015199574646396,-3.188209348045756,799.6775206498635,820.4179604952258,0.9999581710791074,1.0000375001941626,-0.0001025510656224,0.0002755279752141,114.46441885309156,05_QSUN-FS1,525.02,0.0
16999.627975000003,0.0614653888547195,-1.117255555660391,-3.192293210296253,800.3802901132539,1005.2983784665566,0.9999610669721464,1.0000273718364512,-4.908312093366853e-05,0.0002500306266366,149.81862263711074,05_QSUN-FS1,525.02,0.0
17000.117304166663,0.0603118691472185,-0.949372579622927,-3.1933870246516785,799.9091724393619,858.7100176770325,0.9999603771219632,1.0000288321058457,-9.507007001291708e-05,0.000244324963586,140.17621663731074,05_QSUN-FS1,525.02,0.0
17000.6118,0.0576737529473756,-1.0036655822885403,-3.1903209173988945,797.1312115678851,901.45217647273,0.9999640350290436,1.0000562375839714,-0.0001263185743979,0.0003010858866925,124.44002187017036,05_QSUN-FS1,525.02,0.0
17001.102175,0.0594096519379927,-0.8463634881052596,-3.1793476444095607,800.9457647662907,795.1847157161443,0.9999573060711996,1.0000367106034136,-0.0001020713914407,0.0002724151805388,111.97571374468612,05_QSUN-FS1,525.02,0.0
17001.591766666665,0.0574801286268193,-0.7770851674681795,-3.1807695121021577,802.5780961891506,723.496535479456,0.9999630227139392,1.0000288047825978,-0.0001338421991147,0.0003088973761486,107.35024278030372,05_QSUN-FS1,525.02,0.0
17002.081445833333,0.0516014816765174,-1.3047200489058812,-3.22579154292787,782.2708293536286,1190.167664372861,0.9999630903755616,1.0000259148218238,-0.0002540166396342,0.0003625622957489,102.86819403164463,05_QSUN-FS1,525.02,0.0
17002.575066666664,0.0581679275604002,-1.2627329648856451,-3.1936577030045163,792.1927387485937,1163.5210256079836,0.999967942434633,1.0000315397448682,-0.0001221222474821,0.0002663645956799,101.90531156949817,05_QSUN-FS1,525.02,0.0
17003.068333333333,0.0572376940056251,-1.18352055828565,-3.2171748898536494,791.8630058812932,1073.2930298074937,0.9999641071670056,1.000014674688204,-0.0001300376355967,0.0002678531128243,102.73891061613551,05_QSUN-FS1,525.02,0.0
17003.563175,0.0558607149163008,-1.56183667911433,-3.1981168483336937,787.583980576954,1385.6194700597673,0.999964160912712,1.000020368811507,-0.000174826703995,0.0003259281974143,101.6563982761125,05_QSUN-FS1,525.02,0.0
17004.054516666667,0.0566631884122836,-1.1514201431702955,-3.1752048807241726,794.6386941980974,1027.7102948365732,0.9999555927887316,1.000034091907145,-0.0001344784465818,0.0003252383431307,99.7102359866244,05_QSUN-FS1,525.02,0.0
17004.545508333336,0.0538760683523411,-1.081682418840037,-3.168153631542977,792.1887241698645,961.0989109255725,0.9999751771395176,1.0001003130355235,-0.0001998580345349,0.0003436401882027,102.024737343634,05_QSUN-FS1,525.02,0.0
17005.034662500002,0.058091917318455,-0.9930126289532524,-3.161716292905835,797.2964231247747,881.5639806574981,0.9999643505618446,1.0000016691176192,-0.0001128339084379,0.0002369102455101,113.3811906782074,05_QSUN-FS1,525.02,0.0
17005.523991666665,0.0574754166948875,-0.7755382756014553,-3.176575472024532,801.9484631330632,715.6517226627209,0.9999559861946196,1.0000032786586657,-0.0001494565057243,0.0002754358075959,120.35490104982928,05_QSUN-FS1,525.02,0.0
17006.01393333333,0.0559144042377046,-1.0674427570858758,-3.159603137859075,793.69378535696,968.55244719688,0.999965607095903,1.0000794402754398,-0.000142672223626,0.0003274495844887,116.11484258960512,05_QSUN-FS1,525.02,0.0
17006.5071125,0.0538099522092588,-1.0679602393707908,-3.1812530850474725,793.1322814851206,945.9482278011616,0.9999632864728,1.0000753665552804,-0.0002110173054993,0.0003819691613771,105.8347778453918,05_QSUN-FS1,525.02,0.0
17006.996349999998,0.0596010581923266,-0.8831622495729661,-3.167920184281346,799.0456318557227,791.5247311113495,0.9999558397698108,1.0000817720814852,-0.0001028129486632,0.0002603138244357,103.16295468179092,05_QSUN-FS1,525.02,0.0
17007.488916666665,0.0578281977494744,-1.014228655380453,-3.158394901645079,795.6708089362265,912.9182363104698,0.9999613617785196,1.0000370352203918,-0.000123946105935,0.0002877527386239,103.49288198312912,05_QSUN-FS1,525.02,0.0
17007.985166666665,0.0612348159834171,-0.9935908920406498,-3.1777159243154696,798.9023446457617,876.0869914874996,0.9999587688968816,1.0000374753239716,-4.244362766519478e-05,0.0002406054961909,100.94161534439456,05_QSUN-FS1,525.02,0.0
17008.478866666665,0.067504145980411,-0.8536393672899566,-3.191142411540081,799.1503085502567,768.8810636276716,0.9999574867553734,1.000030357879736,2.4167480204504657e-05,0.0001270941206833,121.61800022641388,05_QSUN-FS1,525.02,0.0
17008.969775,0.0678677897747141,-0.941622020354876,-3.1957624476742468,799.6135833810641,852.9955324973953,0.9999518153814112,1.0000225811526604,6.809942470933302e-06,9.77895426842404e-05,123.0278886357368,05_QSUN-FS1,525.02,0.0
17009.459891666665,0.0680067346859124,-1.002960062599019,-3.182318288975531,803.1871100033001,903.8701337180264,0.999959648375271,1.0000497480983197,2.6038729837222925e-05,0.0001226831273981,115.57309079294124,05_QSUN-FS1,525.02,0.0
17009.951758333336,0.0661331570524706,-0.9926519313380224,-3.165563326914272,799.056855536446,876.761299460361,0.9999623799628644,1.0000407630801902,-6.474018910005087e-06,0.0001445039481664,106.65543111096956,05_QSUN-FS1,525.02,0.0
17010.4438875,0.0643597956088471,-1.0591601831888322,-3.1883813871765603,798.745268599253,937.298281472266,0.9999719359741563,1.000033541705379,-2.293115840874932e-05,0.0001617293497803,103.09991703681465,05_QSUN-FS1,525.02,0.0
17010.936191666668,0.0643643625230729,-0.8803857910998332,-3.154784606371762,799.7518456701079,788.2150949698683,0.9999543843240511,1.0000171772767008,-2.02861771852866e-05,0.0001778148790792,103.31569187908816,05_QSUN-FS1,525.02,0.0
17011.425870833336,0.0629246583030244,-0.8160825659986353,-3.179427876033791,799.662128009267,749.9353946692186,0.9999651371766224,1.0000391947580511,-3.208608503989915e-05,0.0001941113755024,128.39441042184936,05_QSUN-FS1,525.02,0.0
17011.916250000002,0.0654104484658884,-0.9696678658585872,-3.177657202820368,801.6587836687033,878.8560675802692,0.9999537714453616,1.0000324404508396,2.407894058100445e-05,0.0001557265429848,122.88548373980043,05_QSUN-FS1,525.02,0.0
17012.406450000002,0.0629050008455223,-0.8510337341246982,-3.173260085450686,801.1693244685939,739.6671492864067,0.9999554999351076,1.0000427880057388,-1.864786349236536e-05,0.0002050955866428,161.3827439279388,05_QSUN-FS1,525.02,0.0
17012.896133333335,0.0574853487083028,-0.8025252488060751,-3.161679328849757,801.551352220253,721.1510322985205,0.9999657829010176,1.000050893606184,-0.0001222746859421,0.0002960791510967,165.31904309326606,05_QSUN-FS1,525.02,0.0
17013.3903625,0.0568368381994336,-0.9337878831226984,-3.146747478233088,801.3078835098266,828.6027262088874,0.9999523605058216,1.0000451435638034,-0.0001335436132534,0.0002979498523228,191.3444265787575,05_QSUN-FS1,525.02,0.0
17013.8803,0.0537746013552472,-0.9045076868611814,-3.104438226225433,803.6143657155296,814.412372505687,0.9999523956220376,1.0000602263650649,-0.0001714120171661,0.0004006398653133,195.3107032255084,05_QSUN-FS1,525.02,0.0
17014.37120833333,0.0527793664528938,-0.8252788575361797,-3.1637793125203606,803.9317394182897,746.0128384624354,0.999956170160279,1.0000171529045656,-0.0001907059343584,0.0003764821579832,166.2701181064899,05_QSUN-FS1,525.02,0.0
17014.86395,0.0523111656954288,-0.8964967386263469,-3.1742004882949044,799.4257113551669,820.2731880955857,0.999966341720903,1.00002795417313,-0.0002161731840184,0.0004124946345958,143.24846452256872,05_QSUN-FS1,525.02,0.0
17015.353629166664,0.0554327903160687,-0.8834059455981984,-3.188538301045543,800.1898924185658,795.3955101324689,0.9999464021799046,1.000045315323732,-0.0001525830097654,0.0003206993289478,178.87850015946722,05_QSUN-FS1,525.02,0.0
17015.85223333333,0.0579668806775174,-1.018728033080029,-3.1393654087608533,795.5860190042898,935.5152169498964,0.9999648936545368,1.000040102411266,-0.0001302092229753,0.0002884059551639,155.17129228616807,05_QSUN-FS1,525.02,0.0
17016.344279166668,0.0549525268801131,-1.126867336896324,-3.200588249537088,793.2799287688092,1021.120251322434,0.9999676378107936,1.0000144732938865,-0.0001551403348823,0.000339973335382,148.56079655666443,05_QSUN-FS1,525.02,0.0
17016.834920833335,0.05611747251921,-0.835901698469343,-3.124932978713149,804.3237477143003,766.7761504140602,0.9999063352088206,1.000013420753302,-0.0001537269571617,0.0003165947716731,164.09570069711208,05_QSUN-FS1,525.02,0.0
17017.326087499998,0.0494363494704342,-0.7884104418071824,-3.1616590689613613,807.084456493122,711.0020670836348,0.9999617341396184,1.0000048492310571,-0.0002532039162373,0.000451030848735,134.8305521713276,05_QSUN-FS1,525.02,0.0
17017.818304166663,0.0536504288067585,-0.751894469245278,-3.13161618761906,805.2789882225848,674.9140962437349,0.9999678161991468,1.0000476609057622,-0.0002018665208823,0.0004053299936045,125.29469847203328,05_QSUN-FS1,525.02,0.0
17018.30842083333,0.0524305690448646,-0.8094276694382496,-3.142728961920424,802.8708708795753,717.1862563184047,0.9999574236419144,1.0000342935481876,-0.0002112476464491,0.0004413370016243,119.41354202317709,05_QSUN-FS1,525.02,0.0
17018.7994125,0.0510266933511601,-0.7243454602577951,-3.148607505636577,805.8757098290831,660.0756528357424,0.9999536808778386,1.000031051330477,-0.000257970064966,0.0004211068811555,114.5417594600374,05_QSUN-FS1,525.02,0.0
17019.289091666666,0.0538370742931722,-0.8131564970658367,-3.14559114128075,801.902092899225,736.2813574884706,0.9999153330186384,1.0000409403919244,-0.000217230606791,0.0003533916197515,107.61273291770011,05_QSUN-FS1,525.02,0.0
17019.781833333334,0.0535439229631898,-0.9355677919051926,-3.1445384888110444,799.0314010418964,858.0110885429468,0.99995713875731,1.0000259513808438,-0.0002133956877471,0.0003897543049072,123.51343646340383,05_QSUN-FS1,525.02,0.0
17020.2727375,0.0568868422554407,-1.0503966770978397,-3.175267519590713,798.153895749859,934.3924975355636,0.999959123285526,1.0000360492089708,-0.0001404614184906,0.0003521848571941,138.5680331149599,05_QSUN-FS1,525.02,0.0
17020.762591666666,0.0516121864899827,-0.7659779438667991,-3.140760652335342,804.8800966715385,701.0083974480528,0.9999688990104832,1.0000369382023768,-0.0002136159172985,0.0003993115873596,142.88880751518536,05_QSUN-FS1,525.02,0.0
17021.253058333332,0.0498623873193424,-0.8824895444057604,-3.158849820279841,801.4686795492726,808.5316615649368,0.9999524510610784,1.000007863852836,-0.0002665105058996,0.0004294150201261,115.26250853147808,05_QSUN-FS1,525.02,0.0
17021.744133333334,0.0470211111219362,-0.9725376793863716,-3.1633446155063165,796.9350066343129,879.4255527885778,0.9999537943905896,1.0000307873330954,-0.0003350555055808,0.0004787898389402,137.65395212090775,05_QSUN-FS1,525.02,0.0
17022.233991666668,0.0496783928567402,-1.0872992583611027,-3.136311764199996,792.1999121662298,990.3342517037228,0.9999600602941058,1.0000443682590356,-0.0002744931386692,0.0004310160113552,135.12531148653338,05_QSUN-FS1,525.02,0.0
17022.726033333332,0.0523714593128642,-0.6783803843145361,-3.120339980071037,807.059943461778,626.3486422365398,0.999967848516305,1.0000289422873798,-0.0002077151697978,0.0004017297436709,108.93972912892006,05_QSUN-FS1,525.02,0.0
17023.215799999998,0.0533627909722877,-0.7422983384210611,-3.150506506779736,805.3967273847485,668.2354576763471,0.999960279344115,1.0000080504434334,-0.0002120346072343,0.0003721032332074,102.00553505902435,05_QSUN-FS1,525.02,0.0
17023.70819166667,0.0489810577006406,-0.8752977076862495,-3.132179855301904,802.572054338166,779.9544096867309,0.9999615107892488,1.0000460019117785,-0.0003055898304064,0.0004582567703562,108.04135669698968,05_QSUN-FS1,525.02,0.0
17024.199795833334,0.0472284104188454,-0.9065413640984732,-3.142105029237284,801.38370354567,817.9565197730185,0.9999673959191154,1.000041064229462,-0.0003261409296436,0.0004927526494301,109.22023031546809,05_QSUN-FS1,525.02,0.0
17024.6932375,0.0503256997180807,-0.8776974831152529,-3.1432621217803347,801.6158632750171,779.1881747031364,0.9999633989456532,1.000033439888156,-0.0002838791773004,0.0004233282321364,105.23175432038512,05_QSUN-FS1,525.02,0.0
17025.185983333336,0.048711211694426,-0.8876234721607636,-3.155350947241069,800.382833839227,798.5435244164399,0.9999656134640286,1.000027765044833,-0.0003050324208529,0.0004671357371536,102.02488171285106,05_QSUN-FS1,525.02,0.0
17025.676008333336,0.0533487985921316,-0.8945404178608594,-3.139251727018007,804.2114068517485,790.6465525184087,0.9999542859557352,1.000083909605935,-0.0002245139086839,0.0003794373174248,117.4869684587365,05_QSUN-FS1,525.02,0.0
17026.166387500005,0.0533838051471904,-0.9764711646424912,-3.129084771346532,797.6525657999734,878.9533630359203,0.9999158975683796,1.000030536243093,-0.0002113259694573,0.0003657020434959,107.27642373259592,05_QSUN-FS1,525.02,0.0
17026.65562916667,0.0576825025247999,-0.8952742038514434,-3.2066278322023463,794.897159705342,803.4425364068713,0.9999404889463518,1.0000463093317211,-0.0001473957898262,0.0002977156379963,111.6208395490972,05_QSUN-FS1,525.02,0.0
17027.14880833333,0.0544494980133881,-1.1818289989588229,-3.1561362092085927,789.00560803528,1067.8468026366672,0.999917594242974,1.0000234029617634,-0.0002108573022322,0.0003385401363423,110.99018461997537,05_QSUN-FS1,525.02,0.0
17027.6384875,0.0542189643594353,-0.9423357761015142,-3.1704142119283323,797.3162930224831,857.1884684515032,0.999971513992778,1.0000303371955834,-0.000179731647507,0.0003630839132913,109.80333815955169,05_QSUN-FS1,525.02,0.0
17028.128079166665,0.056870211230797,-0.852355610213087,-3.1091659270358507,801.2132066330228,771.7636501647399,0.9999540999641467,1.0000469743173332,-0.0001608249050047,0.0003158809952566,115.23326354090308,05_QSUN-FS1,525.02,0.0
17028.61985833333,0.0574469366173306,-0.8934257850399306,-3.128545996465325,799.4590383681749,812.7007832955179,0.999968474507387,1.0000400448164566,-0.0001309396762008,0.0003259279519759,107.58270823166214,05_QSUN-FS1,525.02,0.0
17029.109624999997,0.0616211319984056,-0.8529705095017898,-3.145397538042377,801.331504346097,764.4583765465713,0.9999652904636754,1.0000461940113472,-7.433084138755514e-05,0.0002375823261688,111.53205282816234,05_QSUN-FS1,525.02,0.0
17029.59895,0.0594466899064436,-0.8759475119520223,-3.114780572102848,799.104106270724,782.5179106398314,0.999957525202408,1.0000547056995002,-0.0001142942420525,0.0002868729055447,108.61520397923056,05_QSUN-FS1,525.02,0.0
17030.09519583333,0.0585204817923953,-0.9293390483210964,-3.1659398916838546,796.4391888433785,834.5369949823797,0.9999667807675068,1.00008953929061,-0.0001217302474124,0.0002887559098325,131.71614016388898,05_QSUN-FS1,525.02,0.0
17030.585225,0.0587927089979116,-1.0612005388139905,-3.1419495944009577,794.9154765228761,939.1164155844148,0.9999683657676962,1.0000504925524591,-0.0001219615571284,0.0002685284134225,144.01623887735204,05_QSUN-FS1,525.02,0.0
17031.078404166663,0.0604278056175742,-1.1975739944588513,-3.1626744862671563,792.6403133264217,1080.1738557369697,0.9999558471320152,1.0000325761328253,-0.0001022980567055,0.0002410733713863,134.25102718496944,05_QSUN-FS1,525.02,0.0
17031.56790833333,0.0593866300977733,-1.0795147864146242,-3.147580939481902,793.7554468806961,992.4626827278594,0.9999630590186868,1.0000484315445517,-0.0001118028623925,0.0002547886645664,137.25470553178047,05_QSUN-FS1,525.02,0.0
17032.0574125,0.0563665557504365,-1.0636953931384,-3.175778702387919,792.7382371694614,970.7466977012168,0.999961734446138,1.0000214088926835,-0.0001775273532468,0.0003039290924819,108.34669734372868,05_QSUN-FS1,525.02,0.0
17032.546824999998,0.0563119562871043,-0.8778422201434896,-3.1031104100703275,797.875048622574,811.7488033334845,0.9999703489292788,1.0000391317351476,-0.0001531285901823,0.0002979441785949,109.66321959490332,05_QSUN-FS1,525.02,0.0
17033.036683333332,0.0504530406995546,-0.975758800837646,-3.133072156547701,792.7344546229243,873.6579954836752,0.9999570140915036,1.0000932584342788,-0.0002683199289058,0.0004500170735178,130.9307990862579,05_QSUN-FS1,525.02,0.0
17033.526533333334,0.0532587900168477,-1.0370156930696566,-3.1676370519389105,789.591947177074,948.4556640348226,0.999950822524634,1.0000441176543846,-0.0002108483511751,0.0003843823332668,182.1423234087896,05_QSUN-FS1,525.02,0.0
17034.017175,0.0533094854652368,-0.6115389129514847,-3.1741054577380465,808.2247457420087,540.3013234094835,0.9999653895094996,1.0000957934037622,-0.0002092286544555,0.0003823706960129,151.87994072256836,05_QSUN-FS1,525.02,0.0
17034.507466666666,0.0496953319625882,-0.933477064794658,-3.1546624910123766,794.3553079374691,855.3009496683584,0.9999535788827396,1.0000423240187442,-0.0002677795518725,0.0004211909565713,159.53233964112698,05_QSUN-FS1,525.02,0.0
17034.998720833333,0.0506163509337228,-0.9042288935749832,-3.1398790428318293,795.2098931221509,832.3644603319518,0.9999475744212996,1.00004140408792,-0.000269984436924,0.0004287988044049,170.1703016894753,05_QSUN-FS1,525.02,0.0
17035.4919875,0.0504640492182582,-1.0471166725282972,-3.1682522152517687,789.3318509947195,962.5172371949328,0.9999584285920158,1.0000268773640952,-0.0002607726092111,0.0004362283798612,203.4512148214457,05_QSUN-FS1,525.02,0.0
17035.981841666668,0.0533288973224855,-0.9859457624257306,-3.120849112130244,795.415764071718,856.5901564171949,0.9999455707361478,1.000037129295709,-0.000223740354465,0.0003826599271226,236.0361111539132,05_QSUN-FS1,525.02,0.0
17036.471520833333,0.0489756317673496,-1.0881160326045445,-3.141748858691385,788.7545314443445,980.6074934242246,0.9999558971457958,1.0000124413411964,-0.0002993722921064,0.0004620584824431,198.9542161462751,05_QSUN-FS1,525.02,0.0
17036.9612,0.0547732064009555,-0.7921497007043811,-3.126511849327964,800.3021020577384,734.4759374329433,0.9999505978750752,1.000034400787834,-0.0002029831077319,0.000380434433449,143.72543613884284,05_QSUN-FS1,525.02,0.0
17037.452629166666,0.058878036466477,-0.9285271445767656,-3.1178082993063407,797.6299654878758,814.7776990100668,0.9999158150579608,1.000042768344268,-0.0001264602033545,0.0003281305573997,110.82564222262783,05_QSUN-FS1,525.02,0.0
17037.942745833334,0.0509487674850766,-0.9493022267284428,-3.127384566341041,795.0339989531319,851.4622513300986,0.9999556432610568,1.0000248336935482,-0.0002502753831181,0.0004080351659922,103.22820345334834,05_QSUN-FS1,525.02,0.0
17038.43365,0.0490913984843875,-0.8316293044729329,-3.167316421830906,803.3129332547962,736.9753491603644,0.9999561255048064,1.000007427038652,-0.0002542075898577,0.0004773334144708,112.29058316951796,05_QSUN-FS1,525.02,0.0
17038.92717916667,0.051934748054846,-0.7950907078458173,-3.1269777010012074,803.2672366015573,714.8425942881526,0.9999618956729972,1.0000312863530398,-0.0002283519238567,0.0003792707543652,114.11563736755988,05_QSUN-FS1,525.02,0.0
17039.416945833334,0.0549928423430252,-0.750983904273762,-3.1159450188366176,803.3845540309219,677.8093310229967,0.9999609225200284,1.000020235761088,-0.0001857847488732,0.0003643772073458,115.3688547624529,05_QSUN-FS1,525.02,0.0
17039.906533333335,0.0597689952335048,-0.7390937529772159,-3.1736328087566528,802.4289106057751,662.1373113689177,0.999961326847765,1.0000304252120753,-0.0001004267276577,0.0002671542090686,131.07396189813548,05_QSUN-FS1,525.02,0.0
17040.401116666668,0.059385672221171,-0.9496700602771728,-3.1558044047815663,798.4965624192065,865.054899222107,0.9999661229614843,1.0000437708466248,-0.0001104919184136,0.0002833187462156,106.79144226313076,05_QSUN-FS1,525.02,0.0
17040.891145833335,0.0575634591912178,-1.061164399927058,-3.1427076676018944,795.3853320376795,963.8122073200934,0.9999583171477772,1.0000358230755124,-0.000129545228138,0.0003154662754305,103.15837761247872,05_QSUN-FS1,525.02,0.0
17041.381699999998,0.0519311940411771,-0.9346844803845584,-3.137157605011612,798.1785963571506,838.3950049738751,0.9999098047937388,1.0000246908825123,-0.0002757015776325,0.0004102092857037,101.88066629227944,05_QSUN-FS1,525.02,0.0
17041.872079166667,0.0496208760063173,-1.1263022080830225,-3.1499348401492724,788.1750734473394,1018.1319312480708,0.9999187259079536,1.0000335755521583,-0.0002966914029427,0.0004645748109187,100.71230196543264,05_QSUN-FS1,525.02,0.0
17042.361316666666,0.0403816141992777,-1.1192863581605723,-3.1192996861951965,781.1404743750767,1032.7176541548115,0.9999175488599772,1.0000208160306854,-0.0004455981243578,0.0006024759217577,100.52415383683734,05_QSUN-FS1,525.02,0.0
17042.852925,0.0481092359711067,-0.4226777701436459,-3.1306135717430843,820.656111309683,380.6804037300618,0.9999549065435904,1.000031581340938,-0.0002787454065736,0.0004901806693706,98.02242826453988,05_QSUN-FS1,525.02,0.0
17043.345229166665,0.0498387673522038,-0.7933314397518805,-3.101547892228567,806.4605869339736,712.0543392549905,0.999958950134469,1.0000786335973717,-0.0002493715012989,0.000420797475481,100.38757893976224,05_QSUN-FS1,525.02,0.0
17043.836395833332,0.0476940588620098,-0.5675288145355245,-3.092582523966204,820.3982534625133,502.1155427566735,0.99995128768911,1.000036215714322,-0.0003023575593532,0.0004663054088796,160.23765224829646,05_QSUN-FS1,525.02,0.0
17044.333429166665,0.041540680299492,-0.8882962342581898,-3.110793232786743,804.7409767321836,789.3279940364258,0.999950170006954,1.0000300614414164,-0.000394007105359,0.000601845217592,149.53228782837633,05_QSUN-FS1,525.02,0.0
17044.822758333336,0.0448388963694101,-0.8855854191815993,-3.1395826383737604,806.8880680996181,761.9494804637624,0.9999699328560344,1.0000407558751612,-0.0003508349999733,0.0005199225064687,171.45829664170134,05_QSUN-FS1,525.02,0.0
17045.31515,0.0441228996152221,-0.996953719048366,-3.1506350379265617,795.0478821934528,899.1114330656615,0.999955770627717,1.0000459409786353,-0.0003975539307057,0.0005340293365735,116.79074092207183,05_QSUN-FS1,525.02,0.0
17045.805875,0.0474331360172479,-1.0789371280757487,-3.1510515814975126,788.185489246493,956.2221903938008,0.999959969240199,1.0000312776607083,-0.0003546261840599,0.0005004706322589,102.46447261003382,05_QSUN-FS1,525.02,0.0
17046.3016,0.0457255047396813,-0.8606400356109037,-3.1242112097015915,803.1810359727131,776.462197384115,0.99995504211356,1.0000526041842317,-0.000368773727889,0.0005050954650073,142.73165926930557,05_QSUN-FS1,525.02,0.0
17046.79075,0.0495039686892155,-0.807213783359383,-3.122644173271769,802.4243124501548,733.2150944761958,0.9999029054567972,1.000043656533512,-0.0003199675586897,0.0004395788993667,165.6412584816822,05_QSUN-FS1,525.02,0.0
17047.28025,0.0501203013198312,-0.9607037320556208,-3.139709759683124,795.407884196714,869.0882412322482,0.9999557554182892,1.0000225373622902,-0.0002881236458157,0.0004103524445845,145.81369452359516,05_QSUN-FS1,525.02,0.0
17047.773258333335,0.0553372752660264,-0.7726895666522592,-3.117550382305973,804.1492079066983,697.6177454864577,0.9999136260082632,1.0000437143248524,-0.0002017124124652,0.0003155100538322,111.75786595740024,05_QSUN-FS1,525.02,0.0
17048.265566666665,0.0596499949850684,-0.6290608497578853,-3.134306511055829,806.0326034252578,568.5624783883346,0.9999571083200892,1.0000340751524257,-0.0001054687592299,0.0003001647541039,101.96947160008598,05_QSUN-FS1,525.02,0.0
17048.759533333334,0.0547491729258168,-0.5009493151248242,-3.1628016482729007,809.9177215743837,474.1556321989501,0.9999678505998628,1.0000245396391334,-0.0001808263798308,0.000366313763391,98.54949251775544,05_QSUN-FS1,525.02,0.0
17049.25385,0.0599527453772258,-0.5379469663518417,-3.1343659324129765,806.4588027845739,490.5607254770485,0.9999563077424258,1.000026287825781,-9.092626170738836e-05,0.0002993236303803,101.3881559942714,05_QSUN-FS1,525.02,0.0
17049.74352916667,0.0574128577969415,-0.7307369982868535,-3.1305986743688776,804.0725337053758,677.7365174912721,0.9999643042449096,1.000038051524785,-0.000137686525512,0.0003228101870876,102.39990499027988,05_QSUN-FS1,525.02,0.0
17050.233116666666,0.0515702383141176,-0.7852304604752478,-3.125448216987712,801.7478740962221,722.6520721588963,0.9999616006459052,1.000007081462332,-0.0002694192855627,0.0003951217779574,101.71665131076442,05_QSUN-FS1,525.02,0.0
17050.722358333333,0.056024975254017,-0.7079837096386092,-3.1217183830888366,806.9795277845569,642.2145881278655,0.999957281414083,1.0000094164696114,-0.0001712745512997,0.0003404730585679,99.30516171237774,05_QSUN-FS1,525.02,0.0
17051.212216666667,0.0502338920718496,-0.8384210504617491,-3.127704424297065,800.9073695330158,767.0797236448085,0.9999647286711308,1.0000266350838811,-0.0002606460127848,0.0004476629127452,107.08632660926436,05_QSUN-FS1,525.02,0.0
17051.702241666666,0.0519497091191663,-1.1341865796883648,-3.1508552753458305,789.8763654378758,990.4947969530828,0.9999623487946376,1.000025819693162,-0.0002458724162263,0.0004430511806776,98.71047615326368,05_QSUN-FS1,525.02,0.0
17052.191745833334,0.0546817972711886,-0.8991906954915274,-3.1203060005661265,801.0456531746967,786.0875130361488,0.9999119773868156,1.0000363703952564,-0.0002082806448517,0.0003683459039634,102.40920297818394,05_QSUN-FS1,525.02,0.0
17052.6822125,0.0583734332798407,-0.9275851713899774,-3.120437711568089,798.906835595789,841.4948393231624,0.9999642849520622,1.0000362281721855,-0.0001177306230353,0.0003206928622751,109.73347661039054,05_QSUN-FS1,525.02,0.0
17053.171625000003,0.0586802155379007,-0.8738449248840269,-3.137331540968855,798.788504369948,779.8162167110045,0.9999581603633262,1.0000300618678786,-0.0001141002364966,0.0002934646785497,106.02036638184887,05_QSUN-FS1,525.02,0.0
17053.66156666667,0.0586354853820166,-0.8447690098760872,-3.1426503963080923,801.585318404928,746.1118457485514,0.9999518263936044,1.000025027155974,-0.0001137873618668,0.000304931941545,106.38891957726108,05_QSUN-FS1,525.02,0.0
17054.151158333334,0.060080123877769,-0.8297893067291813,-3.107130759318065,800.147456378058,746.0529423188731,0.9999173759957224,1.0000308142374474,-0.000108414981142,0.0002772733733749,104.54185207174125,05_QSUN-FS1,525.02,0.0
17054.64644166667,0.0596236758077096,-0.8096543926843947,-3.1212560300018177,801.3204637745791,720.0777434339739,0.999950604984802,1.0000451626658886,-0.0001092496580522,0.0003175725173508,117.5959240117665,05_QSUN-FS1,525.02,0.0
17055.13638333333,0.0584966269958757,-0.6520189015171064,-3.140630431485948,804.4536470971528,580.5931279850164,0.9999546251482068,1.0000320050561815,-0.000114184042832,0.0003047717425754,151.18958145051317,05_QSUN-FS1,525.02,0.0
17055.627725,0.059966910367639,-0.6111505637102174,-3.1344539770703537,805.4886075789972,540.5452535925581,0.9999547942961764,1.000034354898084,-9.475275746035316e-05,0.0002824841635964,134.78581726954053,05_QSUN-FS1,525.02,0.0
17056.117316666667,0.0601044070636967,-0.748450199784218,-3.114108704536879,804.8407602559342,664.4443065638892,0.9999627949506958,1.000033392692086,-9.04250893360146e-05,0.0002793947063347,125.65019897481108,05_QSUN-FS1,525.02,0.0
17057.105425,0.0584939362694072,-0.6942623797949684,-3.1239042318936243,805.7584883794428,586.3335245295469,0.9999552850168968,1.0000445982141313,-0.0001155246291698,0.0002954893987292,111.07229789105342,05_QSUN-FS1,525.02,0.0
17057.596854166666,0.0564622589519162,-0.658683965843649,-3.0993517021354293,805.0892753295924,585.9272732663242,0.9999609040641668,1.0000241448403595,-0.0001278502029066,0.0003455500500004,103.33873867054996,05_QSUN-FS1,525.02,0.0
17058.089858333333,0.0524872952094979,-0.5362191758900239,-3.106541571807821,811.1349149854541,480.2788355822592,0.9999718659799572,1.0000439583443013,-0.0002089244655716,0.0004272078621444,103.1194526275006,05_QSUN-FS1,525.02,0.0
17058.579625,0.0468053578149569,-0.4012447205958352,-3.090570259861246,828.3876232458556,355.29363628008986,0.9999187678041828,1.0000374933377305,-0.0003096308561342,0.0005141721181024,104.92202792701002,05_QSUN-FS1,525.02,0.0
17059.073416666666,0.0425017712583748,-0.5653509989765161,-3.07774511929921,820.257897218211,508.09785645374313,0.9999177976586936,1.0000215530108605,-0.0003747945692994,0.0005954928312152,104.99221509480036,05_QSUN-FS1,525.02,0.0
17059.564933333335,0.0481495282007553,-0.5168469781100883,-3.0810516581587213,820.8484433080671,470.7646550369813,0.9999644890091356,1.0000278611437463,-0.0002799946149698,0.0004865784076718,113.72576244249916,05_QSUN-FS1,525.02,0.0
17060.054966666667,0.0544405841451892,-0.7065363213535916,-3.125874243366149,805.2826985502976,661.9646297965594,0.999960645073602,1.0000438104088765,-0.0002163073741049,0.0003675420045704,192.0981305252163,05_QSUN-FS1,525.02,0.0
17060.546395833335,0.0537085602963645,-0.9451698145566364,-3.111782305352272,797.834510082754,828.7659789280111,0.9999507495504107,1.0000357634760906,-0.0002233353920722,0.000365483718761,169.9959661797241,05_QSUN-FS1,525.02,0.0
17061.035808333334,0.0507014026572048,-0.788120237321492,-3.130979140227456,804.8535384183997,698.1073188373659,0.999943026730082,1.0000170447862895,-0.0002758936914252,0.0003925535485165,180.84028603864195,05_QSUN-FS1,525.02,0.0
17061.529516666666,0.0571373391993773,-0.3142710936433756,-3.1130526146197446,816.4474344033777,311.4662663856645,0.9999576814499608,1.0000390696324353,-0.0001790676625447,0.0003202342863414,223.02418987774465,05_QSUN-FS1,525.02,0.0
17062.019633333333,0.0550709139191783,-0.4839796300571454,-3.123167280657665,814.349421874252,449.99259717276567,0.9999618335900364,1.0000126581675015,-0.0001863032490295,0.0003350251323672,293.1777827819037,05_QSUN-FS1,525.02,0.0
17062.511583333333,0.0558517182263533,-0.492576258255158,-3.082566542210595,814.4320803978715,447.3675255418353,0.999949320218112,1.0000277057963445,-0.0001699787211536,0.0003353220577344,301.70759096732843,05_QSUN-FS1,525.02,0.0
17063.002579166667,0.0512593469855436,-0.3367626382474194,-3.0678581748785616,824.2860004713958,321.3698713968178,0.9999533600889776,1.0000378311581712,-0.000245202809196,0.0003963892009046,328.039986945042,05_QSUN-FS1,525.02,0.0
17063.495758333334,0.0538098572669991,-0.3173651812734482,-3.10633802046805,817.9065429301413,304.854858930175,0.9999626486264857,1.0000488605038034,-0.0002130923968733,0.0003876897630119,313.5720506507215,05_QSUN-FS1,525.02,0.0
17063.98815,0.0567850212252441,-0.5524674053550767,-3.102631134013987,809.1990578650478,511.01376020371134,0.9999568855989026,1.0000425413463854,-0.0001691602894188,0.0003059769179517,221.65982744812047,05_QSUN-FS1,525.02,0.0
17064.477741666666,0.0555408468708326,-0.4547568168427197,-3.100133373812334,815.283654848198,428.1435774858031,0.9999610354511236,1.0000256184515,-0.0001900196490212,0.0003246138925896,195.09368006813705,05_QSUN-FS1,525.02,0.0
17064.96742083333,0.0584633813263496,-0.6101100412199825,-3.097533964894508,806.2261268195987,567.7669578746909,0.9999502163991216,1.0000485835134147,-0.000131686265358,0.000286296418098,219.50372924922817,05_QSUN-FS1,525.02,0.0
17065.4573625,0.0555720865782032,-0.7199384159105854,-3.092783585594306,804.7470018863871,662.1256925480391,0.9999623760796732,1.000031696444838,-0.0001804430627143,0.0003288065964534,229.8138391760244,05_QSUN-FS1,525.02,0.0
17065.946516666667,0.0533212135533637,-0.5589973954232398,-3.108509632410159,810.6572376592256,519.0194844905458,0.9999655375033404,1.0000326864195954,-0.0002076891610553,0.0003539937140738,274.4991222281624,05_QSUN-FS1,525.02,0.0
17066.43680416667,0.0513680115230904,-0.5882781366854125,-3.088796955184742,812.5646999684757,542.9869315184758,0.999955505676681,1.0000244989497389,-0.0002653165240092,0.0004244027650916,243.9883345137936,05_QSUN-FS1,525.02,0.0
17066.929808333334,0.0550698242169156,-0.3439770920698016,-3.117913547136601,816.6626694886071,327.4889312642395,0.9999653857335704,1.0000119628787891,-0.0001738218714155,0.0003450230939839,189.5411778062912,05_QSUN-FS1,525.02,0.0
17067.42159166667,0.0509405418577342,-0.6084955947372138,-3.1011043400073777,813.4925189694725,533.9222471815839,0.9999146100959008,1.000035243154949,-0.0002567912505916,0.0004028174593449,149.5163082110786,05_QSUN-FS1,525.02,0.0
17068.400508333336,0.0514994379486094,-0.3916049202581632,-3.080857499521995,824.6357066733539,354.6399301000191,0.999957977771018,1.0000336404382923,-0.0002384656295753,0.0003949383087028,99.39862177836564,05_QSUN-FS1,525.02,0.0
17068.89465,0.0459245169374836,-0.5130025925743187,-3.0661474187296536,819.4962150350719,468.3587743900442,0.9999159983320138,0.9999988710062472,-0.0003541991495538,0.000503500288674,100.62409771868332,05_QSUN-FS1,525.02,0.0
17069.387658333333,0.057355309485414,-0.2591078234594072,-3.085324419946794,815.4994640493129,240.23749930179832,0.9999636130989497,1.0000270417138812,-0.00012181156674,0.0003255319492071,97.21890972766704,05_QSUN-FS1,525.02,0.0
17069.877249999998,0.0599546214708219,-0.6200201501141831,-3.087824362559688,805.6359127655137,557.8799643640303,0.9999636833231,1.0000391571487215,-9.581962110840798e-05,0.0002922430151191,97.93465469413783,05_QSUN-FS1,525.02,0.0
17070.366666666665,0.0612538163733058,-0.405973398578588,-3.081530688668434,808.6527195429961,357.95592960485163,0.9999577139365848,1.000038428463187,-8.033616618458667e-05,0.0002813044001981,98.63773634995026,05_QSUN-FS1,525.02,0.0
17070.856254166665,0.0563442741322876,-0.9091192068436178,-3.075749299404154,800.4441384863644,793.1891291135483,0.9999188218794228,1.0000356416855252,-0.0001688074615308,0.0003267953796122,110.8662268853863,05_QSUN-FS1,525.02,0.0
17071.34549583333,0.0580401694322833,-0.7550898654935129,-3.1019372675364325,802.3179818310326,686.3290400338524,0.9999618967015448,1.0000121211951911,-0.0001143913177019,0.0002778782817718,127.03602615656268,05_QSUN-FS1,525.02,0.0
17071.836662499998,0.0600949819277268,-0.4589963384161773,-3.093153346817193,808.8546343435141,406.7470777855989,0.9999591072245196,1.0000370335340227,-0.0001034166979387,0.0002893671187717,138.3772059029187,05_QSUN-FS1,525.02,0.0
17072.326691666665,0.0572551042163469,-0.6048853636318141,-3.0727060503894865,809.3664430645729,537.4973618414158,0.9999559673693827,1.0000333237145722,-0.0001620717032479,0.0002915582029676,173.9672704663013,05_QSUN-FS1,525.02,0.0
17072.81654583333,0.0582680101631171,-0.5672869706149397,-3.087677412951464,811.2614901104193,521.795363018615,0.9999725823565454,1.000044971683285,-0.000135750489442,0.0002596193879459,184.8785348341328,05_QSUN-FS1,525.02,0.0
17073.306399999998,0.0578687161034556,-0.6032407765881703,-3.0843739779014427,807.7965508064519,549.3605753307414,0.9999616436294708,1.000038567970763,-0.0001542438824892,0.0003045870537712,209.8914243232537,05_QSUN-FS1,525.02,0.0
17073.79774166667,0.0582123447233388,-0.5171098208196264,-3.10429606204658,810.5375203382805,461.4679264030451,0.9999566696765562,1.0000376426997954,-0.0001308383412561,0.0003017959305221,229.6192969908631,05_QSUN-FS1,525.02,0.0
17074.288816666663,0.0600581065392068,-0.7901377178292297,-3.081789518078656,801.7654447384089,680.0377387696127,0.999953989089925,1.0000578492618173,-0.0001166855082582,0.0002856935859108,243.50897864793384,05_QSUN-FS1,525.02,0.0
17074.778583333333,0.0612354811081389,-0.7181195640951752,-3.0973103164168,803.089472673402,647.7045263822534,0.9999717024959258,1.0000617630488846,-5.686994397668076e-05,0.0002539124326999,259.1763770167132,05_QSUN-FS1,525.02,0.0
17075.269925,0.0561757029968046,-0.7340465045437939,-3.0664355749314507,805.2474782755046,663.0658211523157,0.999947380776226,1.00002341014129,-0.0001773063394504,0.0003275525851045,230.1724493054303,05_QSUN-FS1,525.02,0.0
17075.76030416667,0.0596575236575685,-0.413144821554999,-3.102158389114405,808.2528971038049,401.081680533112,0.9999463437469612,1.000038517984946,-0.0001074971374394,0.0002690444291986,192.6217947516241,05_QSUN-FS1,525.02,0.0
17076.250070833335,0.0562559272657619,-0.8277167444017814,-3.093823955830282,802.731231282826,725.3166197999092,0.9999594235306276,1.0000331962593858,-0.0001712691100552,0.0003276037252783,156.0002495146088,05_QSUN-FS1,525.02,0.0
17076.739925,0.0557982273484473,-0.6801796535892015,-3.076098039263324,806.9314172797392,610.0204519213579,0.9999645843473182,1.0000445026744509,-0.0001880636782097,0.0003344787938565,116.518325937349,05_QSUN-FS1,525.02,0.0
17077.229779166668,0.0562096797264191,-0.5260451015108432,-3.0809936233748383,814.4459056510087,463.4796059447925,0.9999136421437907,1.000027775639859,-0.0001870953797321,0.0003226406241373,123.56288769828286,05_QSUN-FS1,525.02,0.0
17077.719366666668,0.051105894483544,-0.6883894460884117,-3.086557687172191,808.9251723840931,608.2123556046466,0.9999574747857762,1.0000407485440077,-0.0002631305205751,0.000440712087669,101.36842006181747,05_QSUN-FS1,525.02,0.0
17078.20905,0.0508438800739655,-0.5123988944463367,-3.075364335093136,815.7519497775041,468.01604627629104,0.9999677738218724,1.0000360382188531,-0.0002548689200862,0.0004446170976038,102.11240058876908,05_QSUN-FS1,525.02,0.0
17078.700475,0.0561256950796344,-0.3589793789609545,-3.077835317325712,818.3458080500717,310.13495344469004,0.9999583499338612,1.0000389254041897,-0.0001722676757351,0.0003358036128285,106.11786140713644,05_QSUN-FS1,525.02,0.0
17079.190333333332,0.0566612453242347,-0.2628383715053375,-3.115592237922736,816.1034372539272,238.841918866319,0.999955284010262,1.000043179662287,-0.000164292540694,0.0002977446523449,148.71082392924808,05_QSUN-FS1,525.02,0.0
17079.68097083333,0.0602626932115172,-0.2327813705604717,-3.1065856335523474,812.2374880462285,204.6499588452132,0.9999615741367104,1.0000485656710645,-0.0001042011660892,0.0002682691459667,189.40151654058147,05_QSUN-FS1,525.02,0.0
17080.1709125,0.057197500372059,-0.4837522482201604,-3.072573989535512,813.1861583368791,436.4385789005837,0.9999618394797072,0.99999378210476,-0.0001425471179022,0.0003053576139328,194.7082244233301,05_QSUN-FS1,525.02,0.0
17080.661204166667,0.064147980211198,-0.36850825783745,-3.084728599773733,809.7964763112851,331.7551897467646,0.999964506641035,1.0000610718889569,-2.2180048452936942e-05,0.0002204013141598,214.31413186192816,05_QSUN-FS1,525.02,0.0
17081.15166666667,0.0564293051917087,-0.4273321438601323,-3.0424003928737875,815.435520561184,384.3492756891114,0.9999487576598256,1.0000110136332645,-0.0001636582387798,0.000335317697908,210.3409407753502,05_QSUN-FS1,525.02,0.0
17081.641433333334,0.0593108178590729,-0.395088852166496,-3.069225265697247,814.3953921989931,350.2376977544522,0.9999104650171295,1.000020312895998,-0.0001363777003763,0.0002597551115525,126.6894251357748,05_QSUN-FS1,525.02,0.0
17082.13339166667,0.0608939227779695,-0.3710731428396717,-3.0513292424255027,814.070375277324,339.41767424784354,0.999904539780596,1.0000251184766562,-0.0001103019921866,0.0002201153358087,129.67885886768877,05_QSUN-FS1,525.02,0.0
17082.622891666666,0.0624016008877941,-0.4977773557271883,-3.0941485290879864,805.5901887053603,448.3469378741437,0.999952494692098,1.0000399211151911,-9.084713494679664e-05,0.0002312360533503,124.6927632980595,05_QSUN-FS1,525.02,0.0
17083.1194,0.0615382064639128,-0.5256667906966529,-3.0848195042701585,808.3672607572578,466.8605198093361,0.9999104479309678,1.00000526274696,-9.629115581190772e-05,0.000227209397011,132.47263836635324,05_QSUN-FS1,525.02,0.0
17083.613016666663,0.0595859944753996,-0.4568451497575208,-3.0825015545157326,809.5378494858884,420.53194139069006,0.9999578599102698,1.0000321923478253,-9.36132210963735e-05,0.0002794780255815,100.67318465854704,05_QSUN-FS1,525.02,0.0
17084.105675,0.0589876268578054,-0.3709758172862348,-3.0555446547461727,815.0694636301062,306.46382159975354,0.9999156896769787,1.000028518108931,-0.0001082063866122,0.0003108225574231,105.47972334660489,05_QSUN-FS1,525.02,0.0
17084.595529166665,0.0533629767812273,-0.2890754496276324,-3.0384711408274105,818.2341031956538,228.7600166121578,0.9999521017892016,1.0000239823425494,-0.0001810959800223,0.0003834049535925,112.69859553484254,05_QSUN-FS1,525.02,0.0
17085.085645833333,0.0562865856705519,-0.7402383999568909,-3.0774994311867263,806.2485283705308,644.5826863664043,0.9999067696447778,1.0000389682942925,-0.0001464025795379,0.0003536845236372,147.3491456154871,05_QSUN-FS1,525.02,0.0
17085.575324999998,0.0509907472687313,-0.5295358453594636,-3.026242737809895,826.2772852272949,470.4758603377046,0.9999518855648054,1.0000274858804266,-0.0002718249492483,0.0004132151688193,183.06840106923065,05_QSUN-FS1,525.02,0.0
17086.067891666666,-0.6806514858808732,-2.9463558727352788,-2.220294578620837,908.284462096232,1269.4337827005183,1.0091259401220298,1.0076369214229528,0.0076733226597758,-0.0071514908590155,19.116088162433737,05_QSUN-FS1,525.02,0.0
17086.557741666667,-0.0480711720106877,-3.8765060125700495,1.0385888763893871,799.8946143307037,836.8889491457603,1.0085535126017802,1.0008624540551565,-0.0057224023075945,0.0023307781684114,35.86838010085698,05_QSUN-FS1,525.02,0.0
17087.047770833335,-0.6624440857395985,-3.3464850568356392,-3.4311333651797806,1383.7343430794128,1308.7605239548548,1.0095781813769134,1.0010092838574562,0.0025270355007631,0.0024840976555004,14.469153658583616,05_QSUN-FS1,525.02,0.0
17087.541741666668,0.0578155591102445,-0.9336235691084231,-3.022415559296967,800.6483732572285,792.2347714411853,0.9999992926554174,1.0002162832983736,-0.0001314015752361,0.0001859991413713,143.96574899657563,05_QSUN-FS1,525.02,0.0
17088.03098333333,0.0599829516167855,-0.9439804128611043,-2.839597268672234,793.7704780350277,969.5037131553,0.999889472245948,1.0001502341266335,-0.000194885317407,0.0003586797101484,159.5545418562073,05_QSUN-FS1,525.02,0.0
17088.523375,0.0623226999381489,-0.7725024517061357,-3.0736235411490296,801.6541028523484,677.3883377177805,0.9999611983344509,1.000045469712372,-0.0001041786227891,0.0002280795766059,111.32251320453624,05_QSUN-FS1,525.02,0.0
17089.015241666668,0.0580219579216096,-0.232232476739652,-3.0655491530002648,818.02674593069,212.46364871496456,0.9999659138501418,1.0000326817649716,-0.00015544188638,0.0002885542347877,104.3271142775732,05_QSUN-FS1,525.02,0.0
17089.508070833337,0.0545433205919477,-0.4800831977896953,-3.0549380607983223,814.784490322394,421.8981024204619,0.999921422505858,1.000034731690016,-0.0002065000965485,0.0003993624914294,102.49792191057156,05_QSUN-FS1,525.02,0.0
17089.9980125,0.0515730292665337,-0.420328420687159,-3.00281366423038,823.722766977483,371.9051186953568,0.9999127536262964,1.000019758050861,-0.000270553932891,0.0004187384582221,99.50777203920288,05_QSUN-FS1,525.02,0.0
17090.492766666666,0.0516258693009988,-0.6784362492982811,-3.040177771607081,811.3033795994008,573.8991057483044,0.9999579652879912,1.0000360280106937,-0.0002298692141676,0.0004508618564056,98.06770994875262,05_QSUN-FS1,525.02,0.0
17090.984108333334,0.0555672119806226,-0.3539793013086422,-3.0970883344912847,812.3129558982672,315.2461015812539,0.9999679956039568,1.0000321142897963,-0.0001667339504881,0.0003711933305109,95.73602407605044,05_QSUN-FS1,525.02,0.0
17091.473616666666,0.053977171763579,-0.5362265886069889,-3.041236216592188,815.793650705266,445.74054252351993,0.9999615060116714,1.0000842249708486,-0.0002064433770031,0.0003941840980118,102.46475096173768,05_QSUN-FS1,525.02,0.0
17091.966883333334,0.0626009886065151,-0.500792039796321,-3.0524431405759,806.4650564591648,431.9443583962923,0.9999139855842912,1.000031172703279,-5.003566024854567e-05,0.0002164129351941,118.52994950373184,05_QSUN-FS1,525.02,0.0
17092.456383333334,0.0554865970592195,-0.588544892947911,-3.062770094076846,811.5916773999758,507.6636396836805,0.9999097445389568,1.000027803779762,-0.0001967245218941,0.0003454860779364,113.39681814981022,05_QSUN-FS1,525.02,0.0
17092.94615,0.0516564008254073,-0.8322645912623737,-3.067603882930191,803.5594270129025,731.6204843896757,0.9999598287937558,1.0000408365988869,-0.0002462226835641,0.0004101262218162,114.55591915712832,05_QSUN-FS1,525.02,0.0
17093.438983333333,0.0474193285101545,-0.5041852498602791,-3.0270267932878983,820.733421331607,452.7840485614189,0.9999658186921436,1.0000379169907645,-0.0003111110281186,0.0005221066478093,105.11854741451327,05_QSUN-FS1,525.02,0.0
17093.931108333334,0.050649165943487,-0.3140704554225976,-2.9998420425603927,840.5178801725648,249.5823540625624,0.99991350167284,1.0000309625121608,-0.0002813206054468,0.0004634062413825,96.4616750832698,05_QSUN-FS1,525.02,0.0
17094.420616666666,0.0470186343978185,-0.4451532823065059,-3.0040902669008607,839.7162687196605,377.1575770497722,0.999963799791186,1.0000797893565694,-0.0003151635305669,0.0005163362948377,98.01902457798774,05_QSUN-FS1,525.02,0.0
17094.912833333336,0.0430173420647303,-0.4341565678965038,-3.0150190501281613,832.1034526350288,378.85013306623887,0.9999620894810788,1.000023953698245,-0.000379559331479,0.0005525056737593,105.59031743331342,05_QSUN-FS1,525.02,0.0
17095.402770833334,0.0463252411988337,-0.4748081588540402,-3.030308341938978,824.5158503358983,423.0297064455717,0.9999717902018028,1.0000305968683838,-0.0003217520237781,0.0005466283953126,135.41275465099594,05_QSUN-FS1,525.02,0.0
17095.89674166667,0.0465398496954803,-0.5422107417089739,-3.0256988137050893,827.0604651029163,462.3985825899454,0.9999170974257096,1.0000244136757366,-0.000338432240586,0.0005440044603075,101.17457277202573,05_QSUN-FS1,525.02,0.0
17096.392633333333,0.0461677320582389,-0.3985026418896168,-3.0291333435077608,834.3871455753706,346.8099399377061,0.9999185947526557,1.000027415250737,-0.0003352236212656,0.0005294286923765,108.48567325501108,05_QSUN-FS1,525.02,0.0
17096.884066666666,0.0514066385905978,-0.5122090925267708,-3.05367354328912,820.9457950929562,427.655955856171,0.9999551471277492,1.0000296867113136,-0.0002359999761818,0.0004309028888017,104.0862470275859,05_QSUN-FS1,525.02,0.0
17097.375233333332,0.0522189909273648,-0.5145069500050906,-3.0456923518404,821.0388707977377,430.6078908316081,0.9999158074561576,1.0000344169174231,-0.0002449823716487,0.0004178165617598,110.75443249981588,05_QSUN-FS1,525.02,0.0
17097.864733333332,0.0518206019017992,-0.6614612330966765,-3.047014743751116,815.5353799639663,574.3928310520402,0.9999564019283278,1.0000383928918606,-0.0002276004288668,0.0004237680390343,150.59485953368574,05_QSUN-FS1,525.02,0.0
17098.355199999998,0.0557477940438937,-0.5112569350784664,-3.035794617737729,816.88598436254,459.5814150283843,0.9999454821261816,1.000029345664288,-0.0001795177356446,0.0003524696043168,157.04078989351444,05_QSUN-FS1,525.02,0.0
17098.85153333333,0.0577753688957386,-0.4973124072887253,-3.0732007440189464,812.4769912855814,439.8177338888232,0.9999495430696612,1.0000370997435142,-0.0001431687610082,0.0003198654315609,125.93090427039316,05_QSUN-FS1,525.02,0.0
17099.340949999998,0.0528544663428241,-0.4932036563086233,-3.029102294497121,820.8220190853111,419.1771330035467,0.9999608423110256,1.000023713422232,-0.0002189053089327,0.0003915679660871,101.37953046797948,05_QSUN-FS1,525.02,0.0
17099.830625000002,0.0541662445737121,-0.5240123518890818,-3.050915197451123,819.0609257173305,445.6390565950903,0.9999085105386344,1.000027778103421,-0.0002294780057554,0.0003636994297094,106.15744130370204,05_QSUN-FS1,525.02,0.0
17100.322758333336,0.0559018992336051,-0.4909425419943364,-3.06499825984694,811.1754969299741,436.6503892990189,0.9999491553593978,1.000024861478297,-0.000162459803853,0.0003341118131194,133.68573316746742,05_QSUN-FS1,525.02,0.0
17100.812608333334,0.0517934875771717,-0.5052125226561863,-3.0362618795194054,820.8751821323935,432.6778311993773,0.9999158925504832,1.0000255744475024,-0.0002295959500553,0.0004165018233936,118.2464915013381,05_QSUN-FS1,525.02,0.0
17101.306579166667,0.0513273387497757,-0.531002216211523,-3.045805079103413,818.7438287548746,477.2869748083976,0.9999207968151216,1.0000294171481254,-0.0002440703969995,0.0004262303250192,97.5990879487624,05_QSUN-FS1,525.02,0.0
17101.795641666668,0.0518676246555238,-0.4812802986426864,-3.0357240921248505,818.5797300815133,422.5438201983319,0.9999574265422366,1.0000332064296082,-0.00023437814359,0.0004228980994944,98.1369911230251,05_QSUN-FS1,525.02,0.0
17102.287862499998,0.0550882444094746,-0.5548195576526943,-3.044996615174266,815.3657297658795,455.1951086470697,0.9999186982257354,1.0000354711795767,-0.0002045181360185,0.0003690229014964,97.10285878269116,05_QSUN-FS1,525.02,0.0
17102.77745,0.0577047969009634,-0.5348336832363989,-3.0380399035832624,811.5809586127772,474.3612083255541,0.9999200693402928,1.0000295935082009,-0.0001444864459578,0.0003155742953583,97.15966272696356,05_QSUN-FS1,525.02,0.0
17103.269583333335,0.0600868695890218,-0.5868959169155925,-3.054016582966569,807.0632655772841,505.3828730433832,0.9999175147907288,1.0000364103317123,-9.912335351524734e-05,0.0002655628242188,96.2846041495187,05_QSUN-FS1,525.02,0.0
17103.765124999998,0.0625447981659716,-0.5514202719193565,-3.0452416336665813,805.1646719468833,493.3881388977644,0.9999210091302811,1.0000289766815618,-9.114760784067584e-05,0.0002313982114291,113.4015424778934,05_QSUN-FS1,525.02,0.0
17104.255504166664,0.0608008254464488,-0.4940838744889787,-3.047207209360769,809.6391752179039,426.22419147492064,0.9999213079692234,1.0000251812379028,-9.04374704794136e-05,0.0002875350862037,112.4941843914899,05_QSUN-FS1,525.02,0.0
17104.74623333333,0.058344084995667,-0.4811063814669717,-3.0451930910496774,811.9321959792032,418.59503958403417,0.9999567649877472,1.0000212749479007,-0.000133087586612,0.0003107749489741,104.39484752492864,05_QSUN-FS1,525.02,0.0
17105.236,0.0560072904343484,-0.490489259384471,-3.042138913307082,814.2394540049664,432.05693457253807,0.9999634595639204,1.0000353040210543,-0.0001673459794314,0.0003363686660525,98.02511596084682,05_QSUN-FS1,525.02,0.0
17105.72559166667,0.0545860880019984,-0.5095167720059152,-3.0442418759016903,814.3537207422366,449.8358660288187,0.9999131528549552,1.0000254550899794,-0.000212878850403,0.000359187040895,102.92372218384206,05_QSUN-FS1,525.02,0.0
17106.219033333335,0.0607886146563289,-0.4639761582706452,-3.046292359791668,811.9938748398567,405.5933966357047,0.9999566558006576,1.0000240728447565,-9.420617769407076e-05,0.0002512490658069,100.42661785619345,05_QSUN-FS1,525.02,0.0
17106.717029166666,0.0541996627362895,-0.554282342108406,-3.066893108834217,815.383368682044,477.472718327723,0.9999494759976048,1.0000299381634723,-0.0002028305257961,0.0003777553872076,160.8692605238947,05_QSUN-FS1,525.02,0.0
17107.20661666667,0.0553179292127203,-0.6721389896338043,-3.040078409192516,810.3857421282457,583.9021223429908,0.999905770755779,1.0000372609970507,-0.0002096667967505,0.0003478752229889,186.08261332070305,05_QSUN-FS1,525.02,0.0
17107.6972625,0.0535503500595023,-0.4549600590244927,-3.039476112160312,822.2671872024883,395.3048766323236,0.9999503995643682,1.0000325422282168,-0.0002282758095424,0.0003884752732953,142.51223943983814,05_QSUN-FS1,525.02,0.0
17108.187025000003,0.0515468196248046,-0.5047056827196352,-3.0220980207729005,822.2202485905575,441.9351052693311,0.9999498743092272,1.0000428014968594,-0.0002626875557069,0.0004301909473513,151.768645588853,05_QSUN-FS1,525.02,0.0
17108.677408333333,0.0552515747028385,-0.5752421753848902,-3.0257481642957904,817.0489518783811,492.9793283372805,0.99994199367114,1.0000486866952345,-0.0001952676870441,0.000357518513443,181.1861919038253,05_QSUN-FS1,525.02,0.0
17109.171725,0.0551789634872584,-0.7442771236834119,-3.062183514552136,808.3008193968142,648.7276866048566,0.9999513778394126,1.0000203987248406,-0.0002019512896474,0.0003464426228657,161.98620245182516,05_QSUN-FS1,525.02,0.0
17109.66560416667,0.0559257935782293,-0.5714714902897277,-3.0403714080909405,815.7187042520361,499.74181797025466,0.9999597172250037,1.0000228387795058,-0.0001810803427715,0.0003385279926488,131.20881334652958,05_QSUN-FS1,525.02,0.0
17110.156070833338,0.0587602979928409,-0.5539460190446621,-3.055420139601589,812.7106549974383,490.84309136330046,0.9999478391640026,1.0000274382649117,-0.0001519993031794,0.0002884956108931,161.4138479356746,05_QSUN-FS1,525.02,0.0
17110.6489,0.0567713068952399,-0.7724249541777108,-3.050397907308366,805.4334952403811,672.8254170518957,0.9999525441018652,1.000038875758932,-0.0001732311540572,0.0003279290836007,154.8464200632879,05_QSUN-FS1,525.02,0.0
17111.140158333335,0.0592996176392495,-0.6320193550064693,-3.0456791432690333,808.3494692023204,551.5822065804396,0.999951806566702,1.0000353880996595,-0.0001504264115526,0.0002808421962631,139.97282807772976,05_QSUN-FS1,525.02,0.0
17111.63070833333,0.058429360311638,-0.5419257917220113,-3.0350169371827853,811.1175811754654,474.7821160939105,0.999955681873354,1.0000324254463104,-0.000151630057079,0.0002922783632799,154.24990437050803,05_QSUN-FS1,525.02,0.0
17112.120566666665,0.0603207957758844,-0.5096929737656712,-3.042852508909341,810.7802609260644,449.24430569142527,0.9999556105580356,1.0000046452659803,-0.0001005402646467,0.0002662166200618,137.09223335472467,05_QSUN-FS1,525.02,0.0
17112.613041666664,0.0602176263012779,-0.6166556945691006,-3.044967006229094,809.1013047542283,527.6025544467595,0.9999567788166848,1.0000128469475569,-0.0001123174182512,0.0002514892137479,142.47257636984668,05_QSUN-FS1,525.02,0.0
17113.103249999996,0.0573926434819227,-0.5061921035762009,-3.0391544658278686,812.1327615817869,448.6557176173732,0.9999676102707058,1.0000384943014329,-0.0001484767019586,0.0003198939662941,119.63445558414094,05_QSUN-FS1,525.02,0.0
17113.593449999997,0.0567412924961262,-0.6135176556493177,-3.03646253783128,811.9427318147702,529.2578954187156,0.9999509218070064,1.0000302861765251,-0.0001738109436479,0.0003352993676227,146.7094574866123,05_QSUN-FS1,525.02,0.0
17114.08803333333,0.0572987221041841,-0.5153218040883718,-3.0221310997782256,812.8117991395129,452.1026886602952,0.9999613639963116,1.0000259962109994,-0.0001615082760798,0.0003379117469606,209.5633702302436,05_QSUN-FS1,525.02,0.0
17114.578149999998,0.0567226820693781,-0.3799064363126013,-3.014496850943524,816.814006967719,331.3996163060325,0.9999562355795304,1.0000050223646624,-0.0001727893652099,0.0003361331893461,227.7732912664904,05_QSUN-FS1,525.02,0.0
17115.068349999998,0.0571364660166644,-0.5471185672127192,-3.0276079432024905,814.8601427415077,487.9656289677001,0.9999540785757962,1.0000411753108365,-0.0001666415921977,0.0003348680622565,162.11078554346014,05_QSUN-FS1,525.02,0.0
17115.557504166667,0.0553814452536267,-0.5539681142292258,-3.028572654268065,812.4994643508949,474.6880822434473,0.9999576928762316,1.0000482671827622,-0.0001857605282428,0.0003722779517495,154.66460502524433,05_QSUN-FS1,525.02,0.0
17116.047008333335,0.0571401670680384,-0.6427199532635839,-3.050022174219669,809.6035133830912,556.3938198823112,0.999948616051768,0.999996243132628,-0.000169025218604,0.0003169691470925,192.2658683939305,05_QSUN-FS1,525.02,0.0
17116.54185,0.060776804557421,-0.560613798951162,-3.049793087642008,807.4763057869416,483.1077359473848,0.9999637087920296,1.0000347418426123,-0.0001024696155319,0.0002666431543984,179.75512613709657,05_QSUN-FS1,525.02,0.0
17117.03468333333,0.0650765260327477,-0.5745972253454613,-3.050159997351626,805.7401768903691,484.6505414148547,0.9999484016151946,1.0000201429475826,-4.282960410108021e-05,0.0001887387062812,179.67029419171266,05_QSUN-FS1,525.02,0.0
17117.524975,0.0576588033526073,-0.46216542195763,-3.02641259069447,815.1478023571477,399.143559085365,0.999949396576612,1.0000350619289975,-0.000157941226294,0.0003069429032747,190.4775940777253,05_QSUN-FS1,525.02,0.0
17118.018416666666,0.0551010467565519,-0.5541966033774608,-3.008440017858377,816.0243593224702,480.97482792197593,0.9999513917604668,0.9999992501136544,-0.0001912427520182,0.0003496559951269,237.412116984711,05_QSUN-FS1,525.02,0.0
17118.508095833335,0.0532264477804549,-0.5748828321758078,-3.016555451990612,815.8590861048733,517.6402072240849,0.9999615386455842,1.000033596607091,-0.0002316401979546,0.0003858948357563,266.3642011921759,05_QSUN-FS1,525.02,0.0
17118.999175,0.0546492859581722,-1.065204284868651,-3.068849379895761,793.2357638690954,911.7254932654142,0.9999521445649572,1.0000366553102435,-0.0002140329739084,0.0003653005828322,223.98298992084145,05_QSUN-FS1,525.02,0.0
17119.489116666668,0.0576909378980262,-0.941473357349309,-3.055680297967338,798.8500693647592,826.5340569530808,0.9999533477463156,1.000041171784482,-0.0001581698647716,0.0003275220148418,177.66767484598867,05_QSUN-FS1,525.02,0.0
17119.978883333333,0.05586653715284,-0.9629138112594922,-3.0445157693843106,797.2828801781191,839.041427790488,0.9999164328413784,1.0000274193332543,-0.0001931322885052,0.000352802481465,121.343907201804,05_QSUN-FS1,525.02,0.0
17120.468908333336,0.051219803034377,-0.9887794781694738,-3.0524663510164167,795.5407863131561,860.5784664174035,0.9999079915713284,1.000021846303656,-0.0002603185776213,0.0004396550581327,97.48668686053652,05_QSUN-FS1,525.02,0.0
17120.962175,0.0505501613761703,-0.7894801479633505,-3.016377313676471,806.8499684222471,690.7434962774566,0.99995626110378,1.0000221398487217,-0.0002556886398439,0.0004380177832095,96.8249338946942,05_QSUN-FS1,525.02,0.0
17121.451941666666,0.0471504292564328,-0.8052805251606245,-3.027615643204167,808.2026739984843,682.8387718086645,0.9999597505493968,1.0000313786460469,-0.0003310015566259,0.0004973469162311,97.30892877912034,05_QSUN-FS1,525.02,0.0
17121.941883333333,0.0427711396315017,-0.7644418756857084,-2.991281981638202,808.6535887225102,679.2458977320592,0.999914390672598,1.000017905085187,-0.0004203239061888,0.0005575110231721,130.69915347245976,05_QSUN-FS1,525.02,0.0
17122.431825,0.0448773897506905,-0.7136345916636861,-3.034261956216965,811.9607082735846,626.7324326927504,0.999947110088419,1.0000261876921013,-0.0003906466226983,0.0005371777328021,164.89619374226365,05_QSUN-FS1,525.02,0.0
17122.92150416667,0.0526710707679056,-0.6015455542858278,-2.988588259596061,816.3692298204595,521.1645872844427,0.9999513518943638,1.000019836576948,-0.0002411073453831,0.000389030599795,188.22358536013684,05_QSUN-FS1,525.02,0.0
17123.41126666667,0.0573718293701761,-0.5578832524352614,-3.009836967941257,813.9008956867364,499.09480047795233,0.99989896861644,1.000036061686835,-0.0001780764831918,0.0003063855325775,243.92060352855185,05_QSUN-FS1,525.02,0.0
17123.904275,0.056499701336392,-0.6051668270862499,-3.033001051356503,810.2169349854662,523.800616563746,0.999954198708352,1.000022357767931,-0.0001873118097478,0.0003470193868435,241.6348209956799,05_QSUN-FS1,525.02,0.0
17124.39447916667,0.0530819886086443,-0.6666463936610802,-3.0384598298593475,808.5730972739934,584.461685853203,0.99994985978554,1.0000509099936,-0.0002310830650549,0.0004227513486647,303.2267600035576,05_QSUN-FS1,525.02,0.0
17124.887133333334,0.0527045203416616,-1.0402883522141584,-3.015410372309,792.8721727266084,914.278296521308,0.9999426982732642,1.0000496637257392,-0.0002373603777108,0.0004073090377818,299.0657714070606,05_QSUN-FS1,525.02,0.0
17125.377074999997,0.0535672946975053,-0.8653581798073584,-3.025528581105592,799.4326960809319,771.6632189203083,0.9999160479911048,1.0000237166204184,-0.0002312990741833,0.0003858676057195,255.9563799345626,05_QSUN-FS1,525.02,0.0
17125.869816666665,0.0561168989069732,-0.6523820786143787,-2.969719054350624,812.2268749628593,566.4407543363781,0.99993787450996,1.0000343774206326,-0.000186540170514,0.0003291538812282,292.1757951615605,05_QSUN-FS1,525.02,0.0
17126.36063333333,0.0567246735392747,-0.9196527512321528,-2.977163582376349,799.4627641870533,794.4813894754565,0.999950246912208,1.000053485302998,-0.0001832810424226,0.0003355253461961,259.767221309826,05_QSUN-FS1,525.02,0.0
17126.853375,0.0555849787894514,-0.7461101523262542,-3.024573176701097,806.5365795867458,648.619097073115,0.9999400112906124,1.0000415045979878,-0.0001953122984262,0.0003337116516058,276.5465081492821,05_QSUN-FS1,525.02,0.0
17127.345941666666,0.064588821840168,-0.5317480958221315,-3.0244292803163315,804.7756303271626,455.0751792082633,0.9999596208037838,1.0001040089640711,-2.347478864983306e-05,0.0002114846312377,239.7947788890445,05_QSUN-FS1,525.02,0.0
17127.8388625,0.0583714715076315,-0.6257804067441243,-3.001718021042143,810.148855343628,531.8077141624882,0.9999324977634771,1.0000173314920682,-0.0001526991809524,0.0003051866638587,296.366121047869,05_QSUN-FS1,525.02,0.0
17128.328716666663,0.0534450338074768,-0.6428576480923691,-3.024667337246912,814.7084687155643,549.7396111123998,0.9999443654904602,1.000038938102504,-0.0002332243236847,0.0003921086439255,329.16994042384056,05_QSUN-FS1,525.02,0.0
17128.82137083333,0.0598304216027845,-0.8132269639675956,-3.029728215332611,801.6135061320541,726.8586639548964,0.9999648713706756,1.0000619678070917,-0.0001517700162912,0.0002935269110083,345.48742606381,05_QSUN-FS1,525.02,0.0
17129.31595,0.0621387832892239,-0.9018545334249342,-3.0161231187682405,799.492923158266,793.9734492248758,0.9999522996654104,1.000028551068757,-6.694601196362285e-05,0.000231375895306,327.1151199865358,05_QSUN-FS1,525.02,0.0
17129.80528333333,0.060109728766526,-0.6677020835222705,-2.987839596810722,807.2354000210362,599.3399719493443,0.9999321818637132,1.00000838785332,-0.0001337152034972,0.0002446105731337,313.95338667136684,05_QSUN-FS1,525.02,0.0
17130.295658333333,0.062961344698206,-1.0248812753553052,-3.027690154856106,797.6384675909882,905.5019265264516,0.9999655574354918,1.000051052692979,-5.948606312684722e-05,0.000222254410255,305.74285054231547,05_QSUN-FS1,525.02,0.0
17130.788399999998,0.0640574630669574,-0.7348536832226714,-3.035347508429924,802.644608214542,639.732321663139,0.9999481508490612,1.0000501365571195,-5.5402299050537984e-05,0.0002048520502423,271.5458658875029,05_QSUN-FS1,525.02,0.0
17131.277729166664,0.0611015167424303,-0.8821670513919226,-3.001686716179074,799.330501824398,787.6990758852593,0.9999511546858244,1.0000246214342412,-0.0001267268364283,0.0002543037203252,264.2385189734181,05_QSUN-FS1,525.02,0.0
17131.767583333334,0.058108158097504,-0.97677544872704,-3.033359697822662,795.5343767480583,879.7203270536787,0.9999463764792385,1.0000230011636195,-0.0001576485464472,0.0002739056182134,247.51001704874105,05_QSUN-FS1,525.02,0.0
17132.256999999998,0.0552521462276099,-0.8559743852445179,-3.0249226682434425,799.7142675594337,775.2221385421595,0.9999377081441628,1.000039038696476,-0.0002060673363037,0.0003279967923925,237.5754689259755,05_QSUN-FS1,525.02,0.0
17132.74755,0.0564583419614381,-0.9941545294813487,-3.030613199715696,795.6698610209601,878.0472103391381,0.9999472547081176,1.000028049041337,-0.0001798774646578,0.0002968415050183,219.2507982265479,05_QSUN-FS1,525.02,0.0
17133.23679166667,0.0568224506878252,-0.7322214448571647,-3.000429937797908,806.157735866478,637.9613195966639,0.9999044572038296,1.000036480343657,-0.0001854819386328,0.0003166664274888,182.72388050734355,05_QSUN-FS1,525.02,0.0
17133.726908333334,0.061127044071571,-0.7033231357975028,-2.9972599613584703,805.7971423338969,615.1300451917041,0.9999115780425132,1.0000218899694997,-0.0001036227096345,0.0002248025478036,137.88962993316656,05_QSUN-FS1,525.02,0.0
17134.220175000002,0.0575363902589306,-0.9094514665041952,-3.0354964920935426,800.0401130478464,789.6782130165714,0.9999548968687452,1.000022345370713,-0.0001590036554635,0.0002851732097092,101.08311436721829,05_QSUN-FS1,525.02,0.0
17134.710116666665,0.0584707852499717,-1.0871465582778683,-2.9847317507015307,794.5936198021348,926.1766253514302,0.9999128643318193,1.000013918802665,-0.0001690687890066,0.0002703105153091,116.99998510346856,05_QSUN-FS1,525.02,0.0
17135.199883333335,0.0563172077467303,-1.1716597280638037,-2.9792581006719936,790.6745406907266,1003.801539331047,0.9999536963097686,1.0000170690073191,-0.0002024952643824,0.0003154522097064,112.22334763084385,05_QSUN-FS1,525.02,0.0
17135.6935,0.0580989726350477,-0.4102056110637847,-2.983431989133283,820.9382063455259,364.3982113042647,0.9999055798297654,1.000030099862396,-0.0001623474319546,0.0002775644471929,112.76234808770526,05_QSUN-FS1,525.02,0.0
17136.182833333332,0.0528469032882332,-0.6837025250001161,-2.987123382549438,810.6934824642127,619.870342384424,0.9999039596711584,1.000021662838682,-0.0002488400982534,0.0003830922910946,100.4471315466444,05_QSUN-FS1,525.02,0.0
17136.674783333332,0.0546198843746231,-0.8034069041281765,-3.0172723690758683,805.6575625467765,696.4991568840542,0.9999182727521104,1.00002670804014,-0.0002213905862335,0.000348233357122,105.09964833450243,05_QSUN-FS1,525.02,0.0
17137.164816666667,0.0520808911688963,-0.69373026616245,-3.012106099389616,808.5119754887459,616.6834284262708,0.999974140919881,1.000039540125903,-0.0002561971328635,0.0004366176226838,111.84956694687612,05_QSUN-FS1,525.02,0.0
17137.654316666667,0.0574122154478913,-0.8559554310586407,-2.9906578989574024,803.5414170175688,764.0770218775916,0.9999471437263868,1.0000311787181746,-0.0001743422388611,0.0003061962393118,120.93415543398432,05_QSUN-FS1,525.02,0.0
17138.145833333336,0.0580830677138798,-0.8768884280198442,-3.0135819887186144,801.0558124657624,765.1061734657711,0.999913318042356,1.0000279597329005,-0.0001664527570944,0.0002756928882025,108.95065339191216,05_QSUN-FS1,525.02,0.0
17138.6363875,0.0602549614609856,-0.8699409678882601,-3.0573063227495307,799.8238291703417,764.0617638842681,0.9999522224182672,1.000084789299998,-0.0001055903513949,0.0002671981178944,113.14108717301087,05_QSUN-FS1,525.02,0.0
17139.130183333335,0.0524438360773975,-1.214908325801829,-3.050705872625943,786.7725353760682,1047.038708419487,0.999960826488624,1.0000250535741684,-0.0002438767689773,0.0004020097132574,115.71716486850414,05_QSUN-FS1,525.02,0.0
17139.625637499998,0.0458572463481056,-1.0779195880033117,-3.045056001040103,789.5469149852867,946.394343258823,0.9999513650697632,1.000030028222945,-0.0003621125110588,0.0005276442014297,116.46437744435424,05_QSUN-FS1,525.02,0.0
17140.115316666666,0.0571784185711776,-1.0110793256075583,-3.0127194786189886,796.3105251848561,880.8061276793136,0.9999556264408064,1.0000188807213417,-0.0001853793333561,0.0003248549449685,97.2582383761044,05_QSUN-FS1,525.02,0.0
17140.604641666665,0.0546262520215662,-0.7144811157236153,-3.020426515472537,809.7269314444186,621.8182118105763,0.9999224713782858,1.0000426613438833,-0.0002010832908821,0.0003227161050031,107.52680175775431,05_QSUN-FS1,525.02,0.0
17141.098612499998,0.056694852302046,-0.77579411259728,-3.020874542273933,805.4405451202471,664.3752313599555,0.9999038068689248,1.000037740787149,-0.0001561566026539,0.0002868274524829,124.094780853241,05_QSUN-FS1,525.02,0.0
17141.591091666665,0.0518360908209571,-0.7316424511614985,-2.982511149606212,807.8233706490424,630.6127475034575,0.999959024660826,1.000040659572835,-0.000261349686195,0.0004213590656638,159.15124187672268,05_QSUN-FS1,525.02,0.0
17142.084275,0.0530679712037086,-0.680503737566259,-3.0081150910107723,810.3085792290117,591.2900623177816,0.9999558606492877,1.0000437921516991,-0.0002465468094525,0.0003752265964168,176.97150428232672,05_QSUN-FS1,525.02,0.0
17142.577891666664,0.0505574449241014,-0.6540396177475736,-2.9631546918692897,814.7641724461208,567.7770959710858,0.9999586489289216,1.0000344963900358,-0.0002914132869989,0.0004332419848234,185.1949264431076,05_QSUN-FS1,525.02,0.0
17143.068708333332,0.0501021328961533,-0.7022039904421272,-3.000249739568001,814.2410528356066,590.0076294927811,0.9999614515096226,1.0000309755577526,-0.0003084982635963,0.0004478937059954,141.82382770985907,05_QSUN-FS1,525.02,0.0
17143.558558333334,0.05376865732682,-0.7707673830329572,-2.975546204732598,808.0747322676017,656.717270456619,0.9999502489345116,1.0000166916609563,-0.0002450613697138,0.0003869792112855,159.57007230419808,05_QSUN-FS1,525.02,0.0
17144.047974999998,0.0503343387342985,-0.8953437432348745,-2.9851835017117816,802.7301958025354,783.6024413277185,0.99994336538651,1.0000521218558656,-0.0002834842718877,0.0004457369008572,196.6159168840557,05_QSUN-FS1,525.02,0.0
17144.542733333332,0.052005242979184,-0.4451757917451809,-2.991635814996779,828.8012824866124,388.1429643863578,0.9999557016769586,1.0000470530551988,-0.0002453057541697,0.0003899384695448,254.8413032995849,05_QSUN-FS1,525.02,0.0
17145.035916666668,0.053222176763417,-0.5159318810697489,-2.961323307837855,825.7759121903698,440.3476314296497,0.9999361219427976,1.000017878448234,-0.0002347259880367,0.0003766740590881,312.5285008349789,05_QSUN-FS1,525.02,0.0
17145.52559166667,0.0560165474284095,-0.6797475174966012,-2.9962817388396905,809.1880386144279,588.0076336245357,0.9999595279695612,1.0000425623613756,-0.0002046416267862,0.0003496160217545,270.4603196179844,05_QSUN-FS1,525.02,0.0
17146.017545833332,0.0575763938555199,-0.6350005035414615,-2.9940747070521243,808.9817502534484,561.8589507349094,0.999938120422497,1.0000313455988354,-0.0001803761320542,0.0003209969075874,286.5006334122472,05_QSUN-FS1,525.02,0.0
17146.5069625,0.058668463000422,-0.4822195763632294,-2.9836601590581764,811.945186455133,429.67758101165697,0.9999601749646084,1.0000277954153192,-0.0001489241908232,0.0002976064027884,264.1041928398433,05_QSUN-FS1,525.02,0.0
17147.00128333333,0.0522525784574434,-0.4204441933358299,-2.9671388973588275,819.6870989830052,373.8025743829886,0.999958405729662,1.0000303654022036,-0.0002577300529118,0.0004122693139747,289.5975035530995,05_QSUN-FS1,525.02,0.0
17147.491133333333,0.0485809064309776,-0.7312491200263458,-2.982127723988047,811.2692313497361,632.1171360209067,0.9999483883593352,1.000038913560389,-0.0003326708779534,0.0004801721929401,341.8736122860927,05_QSUN-FS1,525.02,0.0
17147.980900000002,0.0500664733387099,-0.6630504695899343,-2.9815134441915,814.3582776654965,572.5723936789298,0.9999371759522724,1.0000443679989282,-0.0003108286104985,0.0004526886849154,325.6869908092714,05_QSUN-FS1,525.02,0.0
17148.471100000002,0.0546956821871612,-0.5551475385391353,-2.976329937644942,817.8351297521198,475.81135013732575,0.9999543250808872,1.0000358734596206,-0.0002225751256842,0.0003825412440017,253.74701422417485,05_QSUN-FS1,525.02,0.0
17148.965770833336,0.054593083120796,-0.896226974645805,-2.992437948523655,802.6376769340603,756.4037202490049,0.9999567997036,1.0000419472163642,-0.0002226856771387,0.0003791134873792,230.8989057316999,05_QSUN-FS1,525.02,0.0
17149.45799166667,0.0573739260771757,-0.5874050137482502,-2.987485409733056,813.0807171767271,533.455687792195,0.9999625923734254,1.0000397545911008,-0.000190240251451,0.0003259646193879,188.55644209727,05_QSUN-FS1,525.02,0.0
17149.947841666668,0.0579477954975339,-0.7349315294329407,-2.978873200080268,807.7777793718333,629.2448508834532,0.9998974757132408,1.0000129715557746,-0.000180605576331,0.0003036679029405,206.54839352208865,05_QSUN-FS1,525.02,0.0
17150.437345833336,0.0571617497030597,-0.6381518720627006,-2.9911721155413384,810.589823137526,540.7541680977164,0.9999399222240444,1.0000197036593776,-0.0001474408296494,0.0003336136290152,234.4802199915761,05_QSUN-FS1,525.02,0.0
17150.930875000002,0.0568386131923649,-0.7189062327679733,-2.9727613345350727,807.5141500463953,635.8586756780893,0.999966093683252,1.0000130138966787,-0.0001778001418589,0.000329457547692,223.3221846904241,05_QSUN-FS1,525.02,0.0
17151.423533333334,0.0578185044579241,-0.7375126180067211,-2.987896862737585,806.4626120966059,631.3738066703568,0.9999520055564772,1.000014251295005,-0.0001606972601321,0.0003106312285784,222.781454682489,05_QSUN-FS1,525.02,0.0
17151.9172375,0.0576267007131099,-0.7518353124099759,-2.9796396166184183,806.3768381097938,639.8982772199329,0.9999042755348954,1.0000310857415904,-0.0001706480275997,0.0003076483933331,193.38841780632347,05_QSUN-FS1,525.02,0.0
17152.408666666666,0.0568490038731262,-0.735278962768166,-2.983981456443304,807.3782159671196,641.291954916043,0.999902426986618,1.0000314000427168,-0.0001785728145171,0.0003164865077035,176.11976941457428,05_QSUN-FS1,525.02,0.0
17152.898170833334,0.049565460584223,-0.7450093056513178,-2.9674372404858844,810.3154603166421,650.2771845853639,0.9999576988710824,1.0000339259179094,-0.000299248810809,0.0004424192929912,133.11289900911905,05_QSUN-FS1,525.02,0.0
17153.393975000003,0.0490292875267883,-0.7107576881215895,-2.9646598124784167,815.5066048973719,593.0110487400824,0.9999123990658804,1.0000260193506505,-0.0003060914739175,0.0004572711922298,124.458854068514,05_QSUN-FS1,525.02,0.0
17153.887066666666,0.0532630173446463,-0.7678348308361616,-2.978808712105488,810.7434321630848,636.9163972208039,0.9998860295375854,1.000020758519237,-0.0002389703150632,0.0003752654147284,101.27648456167918,05_QSUN-FS1,525.02,0.0
17154.376483333333,0.0529193404305328,-0.6505551639018603,-2.9762061283331933,815.6343898529461,553.1029777491405,0.999956838318397,1.0000318674700706,-0.0002260298102556,0.0004022319609586,98.30240135444164,05_QSUN-FS1,525.02,0.0
17154.866866666667,0.0537426375080701,-0.5906498410049479,-2.978482317498727,815.3162128425449,500.6534508244856,0.9999596631088156,1.000015282059613,-0.0002194236716571,0.00041148485612,95.83195801676224,05_QSUN-FS1,525.02,0.0
17155.356891666666,0.0499673906465892,-0.5716088440026822,-2.974980590223153,817.2537373084466,498.6004958530335,0.9999142718832282,1.0000251526978674,-0.000292850163992,0.0004848419866263,102.73207581696737,05_QSUN-FS1,525.02,0.0
17155.846749999997,0.0498761998556342,-0.5582947624227039,-2.977576876603751,820.546468109542,483.8524945818297,0.9999517148298528,1.000028678255883,-0.0003045453589616,0.0004604542698337,107.9170054352452,05_QSUN-FS1,525.02,0.0
17156.343079166665,0.0437493674284795,-0.8131009056016253,-2.990903723838527,806.3029110860174,704.9027273559059,0.9998943325018638,1.000022910811488,-0.0003918329084524,0.0005797486172453,108.57269380167736,05_QSUN-FS1,525.02,0.0
17156.83223333333,0.0411660103233392,-0.657305063351827,-2.9960598911034846,816.9986822044515,584.6253610639634,0.9999063682938456,1.0000161150473637,-0.0004389063724114,0.0006143033075144,138.61892474111966,05_QSUN-FS1,525.02,0.0
17157.32173333333,0.0473940087488498,-0.7364107206040071,-2.988274457919317,810.430143686235,634.0765784275892,0.99995817075502,1.0000293011071772,-0.0003437512159829,0.0004810656123876,224.68579786443988,05_QSUN-FS1,525.02,0.0
17157.813866666664,0.0494357268508142,-0.693263306890452,-2.96358545781138,810.1454340409499,609.1942107543804,0.9999421925424729,1.0000122835342695,-0.0003122772996053,0.0004738624229136,258.90737112683206,05_QSUN-FS1,525.02,0.0
17158.303716666665,0.0480008379940541,-0.5939448404783926,-2.9670233415594804,818.0135132297496,528.2658459128205,0.999953786844065,1.0000404594649823,-0.0003321288193372,0.0004852382803097,225.9979361068506,05_QSUN-FS1,525.02,0.0
17158.7971625,0.0492793304958214,-0.6137825766449913,-2.9768400778607225,818.6812225290901,521.8069190083958,0.9999488368359136,1.0000419560419416,-0.0003171266372883,0.0004539227210985,230.7085900537739,05_QSUN-FS1,525.02,0.0
17159.286841666668,0.0502071395588273,-0.7087566960921982,-2.9858919546362466,814.2367791980374,594.6065262860411,0.9999464633037048,1.0000344252034696,-0.0002833037392024,0.000445268799463,215.3630931493136,05_QSUN-FS1,525.02,0.0
17159.776433333333,0.0513287760111498,-0.6712270298382161,-2.9946096819116192,812.4882741793399,588.2997090727059,0.99995203669866,1.0000222102194822,-0.0002685581312856,0.0004181213860078,253.5474586855092,05_QSUN-FS1,525.02,0.0
17160.267333333333,0.0552044376709421,-0.6264411744974367,-2.9781105653389783,810.8120185991387,544.762432195975,0.999950522107274,1.0000386362822415,-0.0002118181739438,0.0003535536872918,257.7813780075176,05_QSUN-FS1,525.02,0.0
17160.757975,0.0540023764108129,-0.6165764654455449,-2.992008725051857,811.6445070630699,548.1768899282156,0.9999526447691234,1.0000287273750514,-0.0002387858679226,0.0003972734022217,232.2868576776964,05_QSUN-FS1,525.02,0.0
17161.251416666666,0.0492983359511916,-0.6681143507945684,-2.969634748654965,813.3190081656818,564.1983574630168,0.9999091563200728,1.0000407067053234,-0.0003207967432351,0.0004597264788701,165.66133722490048,05_QSUN-FS1,525.02,0.0
17161.7448625,0.0501417192146768,-0.6118283244616951,-2.973452958658799,817.0992997565315,517.969506419374,0.9999103246388144,1.000006865367137,-0.0003001408111105,0.0004387022888779,145.1380108634093,05_QSUN-FS1,525.02,0.0
17162.23454166667,0.0442831606713459,-0.793599888197568,-2.961961175289974,808.2746172908028,675.7258664795748,0.9999662515065104,1.000030574966586,-0.0003835639139601,0.0005687681027466,94.43941482381986,05_QSUN-FS1,525.02,0.0
17162.72448333333,0.0459819369699099,-0.7427477975883792,-2.964306194002959,811.3921040335784,634.973682769331,0.9999482134846308,1.0000254707740124,-0.0003452523269669,0.0005410603999735,150.67988668086724,05_QSUN-FS1,525.02,0.0
17163.216783333333,0.045644439556014,-0.7582444322272465,-2.9658707229215664,812.7742500299788,639.428129078309,0.9999541977754932,1.000035166713665,-0.0003540871926284,0.0005455101223161,159.19212759762414,05_QSUN-FS1,525.02,0.0
17163.70655,0.0460050014492132,-0.7162468174121756,-2.9632590637345686,814.5981761380935,630.0270116099921,0.9999744576127596,1.000031896154827,-0.0003487029421856,0.0005432196058882,123.76452700026734,05_QSUN-FS1,525.02,0.0
17164.19631666667,0.0471284411342053,-0.6598302641119427,-2.966746401372455,816.7034415555254,548.7496663973484,0.9999087072278748,1.0000121324552602,-0.0003379810963138,0.0004947744373533,117.01380587847528,05_QSUN-FS1,525.02,0.0
17164.68635,0.0463365848884574,-0.7511601485928335,-2.9700805624192017,813.3835349374897,611.0221915166552,0.9999200559077052,1.0000262426604485,-0.0003602800413594,0.0005348501194945,94.54724440765158,05_QSUN-FS1,525.02,0.0
17165.1757625,0.0451058467052401,-0.721944457702286,-2.9740650184383166,811.7215385903553,623.4031805539142,0.999962910229808,1.00002804940209,-0.0003666872483782,0.0005525550772646,94.06602913652772,05_QSUN-FS1,525.02,0.0
17165.670783333335,0.0444369343969954,-0.7275243760906948,-2.9657438159817304,813.9336953679087,625.5675819747926,0.999954244260547,1.000035686027713,-0.0003701525159296,0.0005743517527843,102.57730148948848,05_QSUN-FS1,525.02,0.0
17166.160458333336,0.0445809573542613,-0.7192854334823474,-2.9529049867741897,816.4494820310563,614.1293750642438,0.9999196037756614,1.0000384328504583,-0.0003875697149926,0.0005456281558659,96.4451436271214,05_QSUN-FS1,525.02,0.0
17166.650400000002,0.0443993139974807,-0.687097240441306,-2.968861396342472,816.7309419170095,577.5067284406356,0.9999179525732184,1.0000249157610064,-0.0003865676479198,0.0005648042178273,95.44493793717602,05_QSUN-FS1,525.02,0.0
17167.13999166667,0.0544302232994959,-0.928018557926463,-2.976799216860764,796.3816236899052,787.3803135031086,0.999929784677912,1.0000425292360728,-0.0002273057332458,0.0003683672592852,108.84308331000145,05_QSUN-FS1,525.02,0.0
17167.629845833333,0.0592375065593488,-0.8503672789002983,-2.978897187417307,801.4044302500129,733.4099018275172,0.99994932149659,1.000027643551088,-0.0001493899224345,0.0002869373714869,158.24644857342446,05_QSUN-FS1,525.02,0.0
17168.122675,0.059815347914809,-0.7124759026313318,-2.954106687525344,805.3793381981578,611.0724458412404,0.9999529311905384,1.0000526446470694,-0.0001204863814672,0.0002621122405671,175.02974807634888,05_QSUN-FS1,525.02,0.0
17168.612616666665,0.0576078757235586,-0.8867855789719848,-2.961609874110586,799.8014643031579,749.4288645021958,0.999902761286679,1.000042182613446,-0.0001667825165816,0.0002945912782564,147.8242652356997,05_QSUN-FS1,525.02,0.0
17169.10588333333,0.0609271355446782,-0.7113007694814765,-2.9539358286258905,805.4815158700904,581.595181625915,0.9999049776481808,1.000046748670962,-0.0001054836871008,0.000238690488509,202.446734231948,05_QSUN-FS1,525.02,0.0
17169.595825,0.0586605068513315,-0.6934223296244619,-2.9571736536387867,806.2711450956596,586.4140437333305,0.9999387541486916,1.0000302165166643,-0.0001379025455183,0.0002928368636363,229.52862812906164,05_QSUN-FS1,525.02,0.0
17170.088741666666,0.0587703121277187,-0.6283067412523134,-2.964863832381982,809.3968078474968,533.5845982018774,0.9999622204407425,1.0000322572020728,-0.0001382334360406,0.0002963775717845,218.50137483897487,05_QSUN-FS1,525.02,0.0
17170.582625,0.0586845986438873,-0.6607605871882054,-2.959572953105324,806.7111789759225,580.212220003748,0.9999460668007256,1.0000418089365335,-0.0001443499386568,0.000302208623435,219.47255264015828,05_QSUN-FS1,525.02,0.0
17171.072041666666,0.0605156827624142,-0.6998850238036325,-2.970099360522471,805.0037420980714,604.0644138015427,0.9999438570834228,1.0000308662200394,-0.0001241792352827,0.0002681274509359,211.79149869137973,05_QSUN-FS1,525.02,0.0
17171.564866666664,0.0595731680747805,-0.7266232336611361,-2.969866143594792,805.1669940113998,640.9912862429475,0.9999444694596332,1.0000282927224011,-0.0001273617737746,0.0002667790563935,198.45018399033205,05_QSUN-FS1,525.02,0.0
17172.055249999998,0.064410091455987,-0.7536910635087811,-2.954441178887776,801.8806324540144,649.7749885285283,0.9999473492826956,1.0000322955730152,-3.0931519425169386e-05,0.0001737533516981,179.11306663520213,05_QSUN-FS1,525.02,0.0
17172.544575,0.0689033472647297,-0.8076291363628479,-2.948839828289835,799.0165267995063,698.8944237008136,0.9999045597247568,1.0000493743452814,2.6039024217450144e-05,0.0001302621117673,164.79954376471414,05_QSUN-FS1,525.02,0.0
17173.034691666668,0.0675453116758982,-0.7978388026122399,-2.962405387939448,800.093386221994,677.386675586057,0.9999555051052588,1.000032666962713,-2.6197191801993566e-06,0.0001478079531191,213.3421670372008,05_QSUN-FS1,525.02,0.0
17173.528749999998,0.0668882754297808,-0.8018219224769408,-2.9525486558251908,800.9702926048545,672.9985503406302,0.99988476625748,1.0000315525553056,-3.182784513229256e-05,0.0001627439296147,249.37067050050192,05_QSUN-FS1,525.02,0.0
17174.018425000002,0.0658299026378209,-0.8116159603219801,-2.9573519432223474,801.1077071141347,693.800974823641,0.999945508690974,1.0000128544968012,-2.4002997530057778e-05,0.0001629507084222,209.1759633838586,05_QSUN-FS1,525.02,0.0
17174.51108333333,0.0658005335355155,-0.8725934042125281,-2.946567121748483,799.6131852383182,742.8062099880423,0.9999477340066456,1.0000435875279976,-5.039913731381669e-05,0.0001588952842181,158.22029050629345,05_QSUN-FS1,525.02,0.0
17175.001375,0.0644412176026141,-0.7904031941530074,-2.9532287123055765,801.3384808032902,679.1063193158462,0.9999396917573018,1.000019429459564,-3.110065828655361e-05,0.000191895866539,213.09113476885224,05_QSUN-FS1,525.02,0.0
17175.490525,0.0625783108749075,-0.887952349101024,-2.955639637755165,800.2643249348604,748.3266401074882,0.9999594305270588,1.0000385962824745,-9.224992128971668e-05,0.0002073631117347,174.18004067095777,05_QSUN-FS1,525.02,0.0
17175.980733333334,0.0622792983279599,-0.8466030313061378,-2.960242503106865,800.6082067290198,733.4705523371873,0.9999539391413907,1.0000524024443809,-9.202299951420311e-05,0.0002274083303199,157.84759559298033,05_QSUN-FS1,525.02,0.0
17176.474608333334,0.059867094010467,-0.8610180839886218,-2.962472095608645,801.4830313443963,735.4952301267919,0.9999470586234972,1.00005253028055,-0.0001217293785845,0.000258062786662,190.8540331168945,05_QSUN-FS1,525.02,0.0
17176.968754166664,0.0583760879536064,-0.9431772481760706,-2.9604010830463445,800.0082095594231,798.4287605880656,0.999908677033629,1.000025096284015,-0.000157156273543,0.0002954015749625,168.7626456369451,05_QSUN-FS1,525.02,0.0
17177.459483333332,0.056566276364046,-0.7748834448997727,-2.9527826735523344,807.0543009370157,666.2940826834335,0.999958360751072,1.0000312226125163,-0.0001751208495261,0.0003139721007837,149.09220929697096,05_QSUN-FS1,525.02,0.0
17177.9502125,0.0547601017258946,-0.8148357439920579,-2.9474824242267603,806.4820123979804,678.7711247014017,0.9999044189960574,1.0000435348249406,-0.0002086762672143,0.0003582337927828,132.79682627723716,05_QSUN-FS1,525.02,0.0
18037.974191666668,0.0792063320698593,-0.8488718147855226,-3.221726370303874,813.3329584145442,1070.6549375726531,1.000207295264023,1.000239072614918,0.0001865080306381,-3.337316317516352e-05,287.6544380747659,06_SPOT_AR2,517.0,0.0
18039.338425,0.0400155254944247,-1.480221613228421,-3.441018491538656,909.8289794352238,1398.7360141851832,0.9999131473099756,1.0000161203743438,-0.0004436473362877,0.0005906483510754,123.94449699268245,06_SPOT_AR2,517.0,0.0
18040.788375,0.0401363359955815,-1.499439825433369,-3.240250062599244,1065.628784674606,1399.9551837970987,0.99990844432633,1.000026901449156,-0.0004597226811753,0.0006079269421786,126.4345180098728,06_SPOT_AR2,517.0,0.0
18042.1604875,0.0440121653012049,-1.499097921375346,-3.3026784017386146,999.4930065012056,1399.999946472892,0.9999037848655492,1.000039626566923,-0.0003600666271871,0.0005366833337963,126.64326973848272,06_SPOT_AR2,517.0,0.0
18043.5255125,0.041553035206473,-1.4699668082315642,-3.477970380098034,884.9781302504985,1398.5393687230014,0.9999396725909712,1.0000249125121898,-0.0004381517035605,0.0005923263694575,124.85413756292942,06_SPOT_AR2,517.0,0.0
18044.88790833333,0.0381551490633954,-1.484454451197362,-3.2958311264056968,1044.8191665719798,1397.729777953609,0.9999095503308008,0.9999867749659234,-0.0004627782130777,0.000642068470908,125.67310885930245,06_SPOT_AR2,517.0,0.0
18046.250304166664,0.0418532031772249,-1.525268459714228,-3.2312659695777426,1059.0176783022252,1399.999953603706,0.9999010231762646,1.0000162260496426,-0.0004434400823957,0.000617705130866,131.5059794088209,06_SPOT_AR2,517.0,0.0
18047.613141666665,0.0512164924933672,-1.497777971887854,-3.4613766729234,914.4323980532514,1399.3138911645765,0.9999086134675476,0.999985580842345,-0.0002326908375971,0.0004065219688647,124.3605435858502,06_SPOT_AR2,517.0,0.0
18048.98219166667,0.0471254916849386,-1.4737049808165068,-3.476880130340545,898.2730699411086,1399.999941909194,0.99994469483748,1.0000017540771202,-0.0002982162753316,0.0004586261404543,125.92558922791729,06_SPOT_AR2,517.0,0.0
18050.3515,0.0488888152720207,-1.4908262200138278,-3.387626646300998,958.9954692682028,1399.9999418414145,0.9999145157904696,0.999999279095462,-0.0002725821264476,0.0004437452780341,130.02278370276625,06_SPOT_AR2,517.0,0.0
18051.885941666667,0.0429159120228076,-1.4754473135823265,-3.448442082004856,889.2505688637517,1399.9999418466557,0.999912902043777,1.0000271127855431,-0.0003862067251506,0.000547017207576,125.69317473269328,06_SPOT_AR2,517.0,0.0
18053.337466666664,0.0366466517662845,-1.4835235648553855,-3.501138557822408,851.9098860045151,1399.9999418414145,0.9999471307186484,1.0000219486354782,-0.0005109513565927,0.0006689822813134,125.74962689882015,06_SPOT_AR2,517.0,0.0
18054.78715,0.0379533933296738,-1.2422398462680957,-3.624885095848606,775.182576925225,1218.462557316258,0.999912603795172,1.000027040559675,-0.0004681747722636,0.0006569643902659,129.41494852347964,06_SPOT_AR2,517.0,0.0
18056.239725,0.037613754635435,-1.4503471241265786,-3.513335858950921,856.4323461569826,1399.9999418414145,0.999908801712268,1.0000241480215968,-0.0004424748241402,0.0006639456530481,129.38223575125727,06_SPOT_AR2,517.0,0.0
18057.775125,0.0309043086708577,-1.454215698967389,-3.515681045935162,863.1482657368138,1398.0910751649683,0.9999498901465748,1.0000125904919217,-0.0006129160140272,0.000753664396622,131.27712072301446,06_SPOT_AR2,517.0,0.0
18059.2256,0.0381081546387962,-1.5053647422500844,-3.406942470118688,926.141263425175,1399.999999998891,0.9999205934726452,1.0000290659872797,-0.0004510363193449,0.000614189139044,128.79581715402742,06_SPOT_AR2,517.0,0.0
18060.59088333333,0.0433826872666191,-1.3831056184746024,-3.625672757967575,774.6923690491932,1330.3883036570553,0.999922289220962,0.9999701125761296,-0.0003238113160995,0.0005230041643983,129.77631883078843,06_SPOT_AR2,517.0,0.0
18062.03540416667,0.0530348143739386,-1.4275505441464578,-3.597218590593099,789.1569110049477,1385.265858511647,0.9999131475863402,1.0000256887135983,-0.0002073798492265,0.0003322696470897,130.63162024186795,06_SPOT_AR2,517.0,0.0
18063.402791666667,0.0458988429875431,-1.4445649247366277,-3.485925144087875,899.2082641938538,1399.9999892745766,0.999924007574177,0.9999899376889624,-0.0002969404709008,0.000483960043049,129.54261276026006,06_SPOT_AR2,517.0,0.0
18064.767466666664,0.0407330883751907,-1.4346177663729482,-3.500330826825267,882.7698318107991,1389.4239299817525,0.99991410294225,0.9999792306063362,-0.0003917108582189,0.0005877826126038,128.10070068295647,06_SPOT_AR2,517.0,0.0
18066.1288125,0.0418880043508574,-1.4672615112226606,-3.3077857084924416,1028.800967868153,1397.6452486262024,0.9999161638856884,1.0000037081373414,-0.0004042095937492,0.0005764318357271,126.71292681736298,06_SPOT_AR2,517.0,0.0
18067.5836625,0.0380142020697297,-1.4949937689831856,-3.3222978371865293,1039.0078889743877,1399.9999021181768,0.9999193426013496,1.0000060670434905,-0.0004533612205522,0.0005963255461213,131.63608177081647,06_SPOT_AR2,517.0,0.0
18068.945008333336,0.0348366752064892,-1.4711083883535276,-3.3281977235863844,1039.431276668498,1399.9999062071515,0.9998933801106492,1.0000064275026126,-0.0005480218512593,0.000674411928918,129.22969150590615,06_SPOT_AR2,517.0,0.0
18070.30618333333,0.0318996313595325,-1.5126491670707651,-3.3439904231969386,998.9879164483428,1399.9999469426537,0.999908398141614,0.999988100460844,-0.0005949027734442,0.0007225614458383,127.4369850711009,06_SPOT_AR2,517.0,0.0
18071.756479166663,0.0350466369734261,-1.4942315401909774,-3.283379911361676,1042.7238127412982,1399.9998902125983,0.9999096706930244,1.000023363281723,-0.0005366343545449,0.0006781447856261,127.23941667300136,06_SPOT_AR2,517.0,0.0
18073.120275,0.0331060379890799,-1.4818514066728543,-3.3468414624100946,1010.558042903605,1399.9999999996749,0.9999082440479152,1.0000166704551527,-0.0005704210718627,0.0006969291107248,128.48937249019065,06_SPOT_AR2,517.0,0.0
18074.572941666665,0.0435676690450623,-1.4727929440731602,-3.4192931541208096,925.6527196340792,1399.999999998961,0.9999093891293676,1.000026076296925,-0.0003682037779762,0.0005254485777896,124.9096433700538,06_SPOT_AR2,517.0,0.0
18075.93525,0.0438236219601374,-1.448518157019162,-3.4964590540109466,889.9762710256779,1399.9999425883448,0.9999037705713232,0.9999917446476178,-0.0003609558164371,0.0005255786288884,130.06814445545285,06_SPOT_AR2,517.0,0.0
18077.296066666662,0.0484329932327297,-1.4459114831926765,-3.413793156452998,965.8267119677668,1396.367333700251,0.9999030365975852,0.9999791101035608,-0.0002687548398424,0.0004361308312595,132.63746060694518,06_SPOT_AR2,517.0,0.0
18078.74899583333,0.0502177719052496,-1.4670823815067766,-3.434412710078172,943.0488089952296,1397.7188925822331,0.9999101506156948,0.9999753404252518,-0.0002566176376033,0.0004087276482242,131.0316551657598,06_SPOT_AR2,517.0,0.0
18080.110691666665,0.038021197539378,-1.488974326405705,-3.3762359465952265,962.0980971835528,1399.9999999973138,0.9999049044982206,1.0000239671246804,-0.0004642207237148,0.0006306748158785,127.64038091804836,06_SPOT_AR2,517.0,0.0
18081.5585375,0.0381864536732004,-1.454182218846577,-3.522253215938279,865.7616293934515,1385.5403400091925,0.9999153070064806,0.9999854652284258,-0.0004744838480437,0.0006141196788487,131.5332136818637,06_SPOT_AR2,517.0,0.0
18082.9232125,0.03587552041279,-1.467787611300336,-3.4898074872364724,931.0308558888393,1399.9999962450006,0.9999042978658704,0.9999080841411604,-0.0005061372711745,0.0006909868886122,131.3905927099181,06_SPOT_AR2,517.0,0.0
18084.285166666665,0.0372044108281847,-1.4179720926938475,-3.5279721188391746,867.1219226869007,1387.9852891099663,0.9999150431463294,1.0000013564425774,-0.0004589027000025,0.0006466512586858,132.79044287694748,06_SPOT_AR2,517.0,0.0
18085.64669166667,0.0485869449976648,-1.21681846093837,-3.641405606284355,784.2278110411636,1192.2372829836188,0.9999142094488188,0.999973198026344,-0.0002727041437541,0.000427057298455,131.02483118582094,06_SPOT_AR2,517.0,0.0
18087.0097,0.0409740581281129,-1.4907241952293968,-3.459059816792969,891.4938912124952,1399.999940566697,0.9999117604291295,1.000024972570084,-0.0004595809026003,0.0005758077657459,127.00855799832414,06_SPOT_AR2,517.0,0.0
18088.462366666667,0.0449886355230065,-1.4002937868696952,-3.639254036956722,772.8295287023175,1346.4598275286453,0.999913395245963,0.9999837605824914,-0.0003324879581941,0.0005162671514795,137.9452597105972,06_SPOT_AR2,517.0,0.0
18089.91205,0.0281395567224772,-1.6393166520733842,-3.65655645228349,811.4502048328064,706.8220646459238,0.999913043862152,0.9999383781612492,0.0002989751110196,0.001290443831232,164.30996720749576,06_SPOT_AR2,517.0,0.0
18091.444558333333,0.0344481391921967,-1.2610198043320728,-3.1034837551549472,800.9086819454396,969.6681383314012,1.0002764318861896,0.9998524630725832,-0.0009533017238872,0.0009554594889366,156.6040795532844,06_SPOT_AR2,517.0,0.0
18092.805466666665,0.1464161349812502,-1.5194278211664138,-3.8327703768381713,946.5772782331356,1154.276695343948,1.0000449944281395,1.0000662399599685,0.0009143052556897,-0.0006590185160163,154.88171419045128,06_SPOT_AR2,517.0,0.0
18094.257516666665,-0.0126706881714549,-1.6518403963914357,-2.56052112313536,814.4580100671717,529.8308934285833,0.9999281183370295,1.000215137489325,-0.0003645669903469,0.0001700867600739,234.96176104903265,06_SPOT_AR2,517.0,0.0
18095.618516666666,0.092841885079092,-1.1101636371006425,-3.551955825835721,833.4314922040005,1075.2811205295843,0.9999073075380142,1.0000179126791926,0.0005080434771858,-0.0003202474237327,132.04395244618735,06_SPOT_AR2,517.0,0.0
18096.980033333333,0.1653757619585334,-1.7749663714111248,-3.5137205234384927,801.1978474122359,863.2281393160026,0.9999435450836808,0.9997232947348824,0.0026002525976373,-0.0012038617682666,148.9300958598959,06_SPOT_AR2,517.0,0.0
18098.4357625,0.0164042310650925,-0.4517321242585843,-3.79814567409248,719.0887270047338,576.5409778062694,0.999880987666818,0.99982719699996,-0.0013600383656735,0.0008258770771232,211.7212681546975,06_SPOT_AR2,517.0,0.0
18099.8886,0.0189071370312243,-1.4747070312712882,-3.3686277824010573,943.3517199268464,1399.999916230793,0.9999482457287,0.9999985634693864,-0.0008029418364377,0.0009457860766155,312.67053832416514,06_SPOT_AR2,517.0,0.0
18101.3402125,0.0446765400036433,-1.4519767770830665,-3.4877148926224413,901.9110655940068,1398.3052927423987,0.9999049502474964,0.9999780141488974,-0.0003430126432813,0.0005304007189835,131.32331877250863,06_SPOT_AR2,517.0,0.0
18102.7929625,0.0133171749648153,-0.2546228925001501,-3.689974246232105,856.8239153378643,935.3893267236924,1.0000548425711628,0.9999317211921654,0.0001802809461729,0.0009709858431677,153.27675522933595,06_SPOT_AR2,517.0,0.0
18104.236866666663,0.0219140147463265,-1.4761730715007126,-3.2796798800348506,1226.5372646181845,1141.793223301099,0.9999655147800736,0.999589163229154,-0.0013473246812434,0.0011120270372797,159.3183599240493,06_SPOT_AR2,517.0,0.0
18105.681566666663,0.0555117748389403,-1.184980555720599,-3.617334591939556,793.7648528341908,1158.0616898251055,0.999911101514736,0.9999845965321852,-0.0001340033871944,0.0002702627946642,127.50516502239088,06_SPOT_AR2,517.0,0.0
18107.12985,0.055893706875273,-1.2234989721516458,-3.6335305977673418,796.7132889109224,1195.9530452720276,0.9999022067623172,0.9999877591479184,-0.000125492942272,0.0002869734365195,129.5276628468106,06_SPOT_AR2,517.0,0.0
18108.579275,0.0534411037696699,-1.3960970578094194,-3.599329127701683,788.3857818156897,1356.6394896133872,0.999918350646924,1.0000120421201597,-0.0001810946921836,0.0003254490038521,129.72944288314545,06_SPOT_AR2,517.0,0.0
18110.025895833336,0.0546919171977461,-1.2994302873474373,-3.5971995571663022,791.2158126852756,1265.2123970615678,0.9999189406151444,1.0000177900062128,-0.0001647021267096,0.0002980544837756,126.9666480508176,06_SPOT_AR2,517.0,0.0
18111.473304166662,0.044688502816617,-1.4340518855237796,-3.512823025057105,867.2564541804077,1389.0940247992792,0.9999069783592908,1.0000109916353188,-0.0003195265592575,0.0004952222211937,124.89042612701996,06_SPOT_AR2,517.0,0.0
18112.83255,0.0513808689020763,-1.1990980851331328,-3.605500639032194,788.5827421777103,1172.6191422595452,0.999911051665294,1.000005128090478,-0.0002285778781349,0.0003817294305754,124.4363210334191,06_SPOT_AR2,517.0,0.0
18114.27610833333,0.0533672234711729,-0.9928493912021708,-3.593336759104263,795.9387517958427,997.487198314938,0.9999192261458963,1.000030035983696,-0.0001957144911936,0.0003350438564357,123.7203140662002,06_SPOT_AR2,517.0,0.0
18115.72054166667,0.0561227295132086,-1.2562744401230077,-3.6095796996949656,793.6036907761339,1219.868578792387,0.9999554033057608,1.0000040290165286,-0.0001646863004114,0.0002893593491079,126.26160970088718,06_SPOT_AR2,517.0,0.0
18117.258041666668,0.0474698711237899,-0.7728003888478789,-3.59134440812908,799.9775423226364,815.6094460811804,0.9999532056094544,1.0000161672653816,-0.0003145983334223,0.000432496387402,128.57282075716418,06_SPOT_AR2,517.0,0.0
18118.7892375,0.0630323274414991,-1.4640074414480475,-3.4333814772962525,885.0556558976361,1399.9999418414145,0.9999127967217184,1.000077559965458,-2.501974387789788e-05,0.0002077899978148,124.74451232952062,06_SPOT_AR2,517.0,0.0
18120.31798333333,0.0545853076763354,-1.4279087046653272,-3.471539127940446,919.4993283644412,1399.890345849122,0.9999157531728724,0.9999839505470114,-0.0001654822113513,0.0003514377534119,130.53971787743504,06_SPOT_AR2,517.0,0.0
18121.67810416667,0.0274312326898769,-1.5639016267970844,-3.5530214833544136,877.2460024108581,1399.9199746214206,1.0000010662824377,0.999944765681305,-0.0007423871659701,0.0007982088615617,363.0718390169062,06_SPOT_AR2,517.0,0.0
18123.126125,0.0344237277685514,-1.3469562801210682,-3.53426792497369,840.060027380866,1313.6224521741751,0.9999587508115316,1.000026748868296,-0.0005191065135998,0.0006630835314663,128.0870497707841,06_SPOT_AR2,517.0,0.0
18124.488175,0.0399061304674459,-1.4582910823043258,-3.512434637739325,857.8575700694606,1399.740550862825,0.9999529281614457,1.0000101441520346,-0.000428465954275,0.0006254767846383,129.29363362044154,06_SPOT_AR2,517.0,0.0
18125.852495833333,0.0276883858604584,-1.4375392261179096,-3.519729139346758,881.4391051013614,1398.268280208913,0.9999118880697092,0.9999713918607056,-0.0006480815464521,0.0007988788214932,132.61126699763665,06_SPOT_AR2,517.0,0.0
18127.21944583333,0.0390196031995844,-1.4085021221256624,-3.556721194520313,828.0383284828554,1384.8408847463472,0.9999520276393176,0.9999957731857384,-0.0004628625577424,0.0005932248108001,128.28746005755966,06_SPOT_AR2,517.0,0.0
18128.580966666665,0.0302857257687869,-1.3924761008632711,-3.5254606953204566,835.9563986722593,1347.2381790043928,0.999948114315269,1.00002720655655,-0.0006235445861617,0.0007788970014794,123.68504338466518,06_SPOT_AR2,517.0,0.0
18130.0296,0.022626523972549,-1.4309449220974608,-3.438595438563342,954.3496523246016,1399.9999770728607,0.9999059377358256,0.9999620283580548,-0.000715629837352,0.0008886234188353,131.0755503136793,06_SPOT_AR2,517.0,0.0
18131.4729,0.004426726272405,-0.2297021838619966,-3.3133063400899805,1020.524842957099,343.1648812346306,0.9999556555821004,0.9999690344937052,-0.0010814663667709,0.0012134249538485,133.98503982333455,06_SPOT_AR2,517.0,0.0
18132.83643333333,0.0247537906924058,-1.4449192580704198,-3.5418192640182022,838.0449071736329,1395.6520646092274,0.9999549790374485,1.0000191135315308,-0.0007078217696131,0.0008568313471957,128.45346413784029,06_SPOT_AR2,517.0,0.0
18134.284191666666,0.0234007800590931,-1.4380781594655263,-3.512088495740846,874.4843154744865,1394.210867377656,0.9999466512976024,0.9999910438955028,-0.0007423788163199,0.0008899903554271,137.42298730973354,06_SPOT_AR2,517.0,0.0
18135.733966666667,0.0093986213380387,-0.1314294173250338,-3.233438645619519,1076.0857272897758,232.5921592764901,0.9999037454239078,1.0000178857883242,-0.0009854592497316,0.0011154047429369,135.38914030934907,06_SPOT_AR2,517.0,0.0
18137.186800000003,0.0050864230749419,-1.4364383377079222,-3.4547271123446763,911.7325750238028,1388.3596753918407,0.9999117405238884,1.0000013651331867,-0.0010521711182817,0.001182539025886,133.7263508661542,06_SPOT_AR2,517.0,0.0
18138.6371875,0.0142217757545767,-1.4545820652360215,-3.540999773241888,852.9280964957305,1396.3448361494163,0.999951872504436,0.9999933970520312,-0.000927296408614,0.0010374900999498,127.5267837968937,06_SPOT_AR2,517.0,0.0
18140.17145,0.0170728644422851,-1.3511405734923252,-3.4655270169711123,888.1520401733071,1318.2627208290278,0.9999456685853192,1.0000177337607272,-0.0008546159610348,0.0009922559853682,128.91890940491143,06_SPOT_AR2,517.0,0.0
18141.7037,0.037496703123997,-1.4350557903154777,-3.5387167636428107,848.4797462440362,1397.8462795270807,0.9999482628013164,0.999981774579612,-0.0004774830702679,0.0006457409140142,124.20377481657384,06_SPOT_AR2,517.0,0.0
18143.15093333333,0.0323502892910755,-1.4815907277471174,-3.3975015895379777,988.6254110093148,1399.093452149643,0.9999045616971486,1.0000011439927787,-0.0006203208339439,0.0007403495477175,135.28278707025757,06_SPOT_AR2,517.0,0.0
18143.15093333333,0.0323502892910755,-1.4815907277471174,-3.3975015895379777,988.6254110093148,1399.093452149643,0.9999045616971486,1.0000011439927787,-0.0006203208339439,0.0007403495477175,135.28278707025757,06_SPOT_AR2,517.0,0.0
18144.682566666663,0.0069007070034294,-1.459390415801545,-3.504729258894001,922.2319130317252,1391.3179539014293,0.9999484487690996,0.9999181027268322,-0.0010494303727361,0.0011608563470733,136.19837387744778,06_SPOT_AR2,517.0,0.0
18144.682566666663,0.0069007070034294,-1.459390415801545,-3.504729258894001,922.2319130317252,1391.3179539014293,0.9999484487690996,0.9999181027268322,-0.0010494303727361,0.0011608563470733,136.19837387744778,06_SPOT_AR2,517.0,0.0
18146.041983333333,0.1625834128805787,-1.6293418737245704,-4.607839045758265,803.2573921130671,1205.8142025785864,0.9999818033165369,1.0002994808693748,0.0011447654799432,-0.0001927100417023,231.0203465338752,06_SPOT_AR2,517.0,0.0
18146.041983333333,0.1625834128805787,-1.6293418737245704,-4.607839045758265,803.2573921130671,1205.8142025785864,0.9999818033165369,1.0002994808693748,0.0011447654799432,-0.0001927100417023,231.0203465338752,06_SPOT_AR2,517.0,0.0
18147.40552083333,0.0331367429598829,-1.6108641647408426,-3.377868783138981,979.2874900870388,1383.752680892939,1.000046694503839,1.0000828175176673,-0.00085796278529,0.0006839699545044,222.13832352038207,06_SPOT_AR2,517.0,0.0
18147.40552083333,0.0331367429598829,-1.6108641647408426,-3.377868783138981,979.2874900870388,1383.752680892939,1.000046694503839,1.0000828175176673,-0.00085796278529,0.0006839699545044,222.13832352038207,06_SPOT_AR2,517.0,0.0
18148.85415833333,0.1048977846608419,-1.1266759963143185,-3.5319211120438028,859.0592582684727,1123.6869871861188,0.9999117037121524,1.0000104894746802,0.0007071401911355,-0.0005286827345627,131.11610812009587,06_SPOT_AR2,517.0,0.0
18148.85415833333,0.1048977846608419,-1.1266759963143185,-3.5319211120438028,859.0592582684727,1123.6869871861188,0.9999117037121524,1.0000104894746802,0.0007071401911355,-0.0005286827345627,131.11610812009587,06_SPOT_AR2,517.0,0.0
18150.214716666665,0.112268331494774,-1.2390275858784443,-3.474661732276291,911.9286145631228,1219.6138912617482,0.9999059650387532,1.000006759591828,0.0008137885000294,-0.0006531010196422,135.56803424458974,06_SPOT_AR2,517.0,0.0
18150.214716666665,0.112268331494774,-1.2390275858784443,-3.474661732276291,911.9286145631228,1219.6138912617482,0.9999059650387532,1.000006759591828,0.0008137885000294,-0.0006531010196422,135.56803424458974,06_SPOT_AR2,517.0,0.0
18151.574225,0.1148351727821769,-1.0049692389975602,-3.5448070224231563,845.8258470318101,1016.873401859295,0.999907076131341,0.9999971710141644,0.0008761031069198,-0.0007080658671079,131.86615904007533,06_SPOT_AR2,517.0,0.0
18151.574225,0.1148351727821769,-1.0049692389975602,-3.5448070224231563,845.8258470318101,1016.873401859295,0.999907076131341,0.9999971710141644,0.0008761031069198,-0.0007080658671079,131.86615904007533,06_SPOT_AR2,517.0,0.0
18152.93478333333,0.1073745126420464,-1.0486202959876585,-3.5569947584679644,841.1236104125642,1053.334764500258,0.9999038746279204,0.9999649315336508,0.0007510647936734,-0.0005797321227375,128.98265684425618,06_SPOT_AR2,517.0,0.0
18152.93478333333,0.1073745126420464,-1.0486202959876585,-3.5569947584679644,841.1236104125642,1053.334764500258,0.9999038746279204,0.9999649315336508,0.0007510647936734,-0.0005797321227375,128.98265684425618,06_SPOT_AR2,517.0,0.0
18154.376587499995,0.0602676902661896,-1.103500392096275,-3.598539610264278,796.6025268738241,1119.9161818732107,0.999959489454084,1.0000155284734005,-8.544034269918817e-05,0.0002295504625842,117.45309055021944,06_SPOT_AR2,517.0,0.0
18154.376587499995,0.0602676902661896,-1.103500392096275,-3.598539610264278,796.6025268738241,1119.9161818732107,0.999959489454084,1.0000155284734005,-8.544034269918817e-05,0.0002295504625842,117.45309055021944,06_SPOT_AR2,517.0,0.0
18155.9112,-0.0174321812057353,-0.2127090423690154,-2.4622472261337864,800.0013331391663,677.057644748023,1.0000241702292527,1.0000773795807936,-0.0002780047303425,-0.0011923567734522,212.0182412017364,06_SPOT_AR2,517.0,0.0
18155.9112,-0.0174321812057353,-0.2127090423690154,-2.4622472261337864,800.0013331391663,677.057644748023,1.0000241702292527,1.0000773795807936,-0.0002780047303425,-0.0011923567734522,212.0182412017364,06_SPOT_AR2,517.0,0.0
18038.66383333333,0.0351524562493612,-1.4754810761754769,-3.50915866769092,849.8888155434897,1383.79225729952,0.999969417195916,1.0000906139346173,-0.0005449741716734,0.0006765316027264,132.85144387088857,06_SPOT_AR2,525.02,0.0
18040.02719583333,0.0358591888125825,-1.4865848958630414,-3.5269129148969096,854.4728984677483,1399.9698819520895,0.999974681168539,1.0000322396805903,-0.0005019664246118,0.0006590145341922,135.3351137865008,06_SPOT_AR2,525.02,0.0
18041.48388333333,0.0410639303244423,-1.478368357913094,-3.229551321076074,1057.2128433223525,1399.075248576786,0.9999733807038176,1.0000777289413378,-0.0004194513112345,0.0005834254815795,129.77952404206954,06_SPOT_AR2,525.02,0.0
18042.853375,0.0369858740677549,-1.1889295724588906,-3.618314239536088,773.0364852768173,1129.3543296933165,0.9999697936041696,1.0000913189155902,-0.000493284152069,0.000666250516188,129.57171814962814,06_SPOT_AR2,525.02,0.0
18044.215600000003,0.0361132725722645,-1.3064081870143696,-3.6375903002639673,761.4637541086433,1234.864355172362,0.9999727666972495,1.000091161896892,-0.000524264417751,0.0007018384676335,129.48638583496597,06_SPOT_AR2,525.02,0.0
18045.578341666667,0.0163684258094206,-1.5104938892994086,-3.385813419447416,933.5316008296406,1394.4280808332107,1.0000035072250533,1.00009619258189,-0.0008751375439288,0.0010151362224505,130.5882596104172,06_SPOT_AR2,525.02,0.0
18046.94074166667,0.0193027226180881,-1.5147800171236143,-3.171341197325502,1059.4414690962144,1399.999783541064,0.9999856249105388,1.0001312262952282,-0.0008588177228554,0.0009780583722805,123.2233414716779,06_SPOT_AR2,525.02,0.0
18048.30585,0.0370063540041299,-1.3586649884357378,-3.616365148551858,749.2449177865657,1291.9760759482608,0.9999663471205924,1.0000884595537307,-0.0004637662958259,0.0006427685049699,131.99064268628032,06_SPOT_AR2,525.02,0.0
18049.6784,0.0366267286552912,-1.4210925213156202,-3.534651948419922,839.6844634685062,1344.6041596426485,0.9999617974286962,1.000040420353369,-0.0004777357129212,0.0006638679508076,137.6099526685582,06_SPOT_AR2,525.02,0.0
18051.1252875,0.0227060505601053,-1.455020312807776,-3.4285836770674862,935.2561816595752,1397.71903316764,0.9999731022251837,1.0000270497540649,-0.0007411593853126,0.0008785798585072,126.11065227641448,06_SPOT_AR2,525.02,0.0
18052.6627875,0.0384216615770931,-1.2830896305018942,-3.625968553099255,768.8212601861089,1233.4740375835934,0.9999683146685686,1.0000863678967808,-0.0004645538085018,0.0006580374192045,134.48931319863598,06_SPOT_AR2,525.02,0.0
18054.02658333333,0.0295452826413711,-1.503998814987803,-3.4222327775956134,905.7414154070052,1392.0386961448503,0.9999696647479216,1.000113989029626,-0.0006368972718116,0.0007836738006824,131.7879161693661,06_SPOT_AR2,525.02,0.0
18055.47618333333,0.0419278068694454,-1.3279869866213794,-3.6531420084445294,766.870217541785,1257.4246626854451,0.999973205106937,1.000027181374011,-0.0004105264402861,0.0005874383450514,128.3469840841408,06_SPOT_AR2,525.02,0.0
18057.011670833333,0.0430291457140807,-1.4052143885850608,-3.647569329397944,769.4176446698882,1335.6821667707131,0.9999998708530584,1.0000415644322622,-0.0004177787791327,0.0005412259099908,125.70315458744584,06_SPOT_AR2,525.02,0.0
18058.464858333333,0.0333888777709796,-1.4775446154409553,-3.538828375748256,852.4151492941176,1397.751229085513,0.9999570548321484,1.0000306953467146,-0.0005599010254767,0.0007049534612028,130.55802680153363,06_SPOT_AR2,525.02,0.0
18059.918575000003,0.0394364232477919,-1.2397773178753584,-3.662576909359729,764.6078702843336,1198.0469694891824,0.9999692027631594,1.0000344544598414,-0.0004117527107656,0.0005951946967303,125.94810953744803,06_SPOT_AR2,525.02,0.0
18061.363441666665,0.0409262814868834,-0.8305013488267808,-3.6401095707084026,794.5690317666988,847.6645540739722,0.9999703838773626,1.000041119730375,-0.0004065730938993,0.0005928135370713,128.08069327046042,06_SPOT_AR2,525.02,0.0
18062.72715,0.037026731545617,-1.3551406661616094,-3.632335989172481,759.0650443605748,1320.2474306551308,0.999972420423362,1.0001004177152095,-0.0004681432213224,0.000686378924291,130.40883643344534,06_SPOT_AR2,525.02,0.0
18064.09305,0.0444557953719312,-1.4158287633644944,-3.643865539968445,756.2918664082631,1365.1289969559516,0.9999631364194812,1.000059072693034,-0.0003316666277568,0.0005193459640457,131.801894768883,06_SPOT_AR2,525.02,0.0
18065.4565,0.033100081688204,-1.4789868576404632,-3.435634974212295,917.436599372854,1397.9865463003412,0.9999891275675922,1.0000305616170315,-0.0005552653812542,0.0006880914646431,129.59659915848871,06_SPOT_AR2,525.02,0.0
18066.81863333333,0.0287120606770401,-1.4405034536358077,-3.484113790274073,890.7195877456727,1394.581388572566,0.9999635933853788,1.0000516479313055,-0.0006161532213359,0.0007724397012751,131.69985154765678,06_SPOT_AR2,525.02,0.0
18068.27313333333,0.0295326774065041,-1.448607661949992,-3.492913984000335,905.0002737575198,1395.7838168160035,0.9999629164111012,1.000027782304365,-0.000601095360194,0.0007632658443583,136.70471879764,06_SPOT_AR2,525.02,0.0
18069.634133333333,0.0353481788395085,-1.4444740801259532,-3.4825395512723767,903.2701888233904,1397.0670617449143,0.9999714847601374,1.0000371213373829,-0.0004899013823836,0.000661021796894,136.3159695913366,06_SPOT_AR2,525.02,0.0
18070.996091666668,0.027566652507883,-1.4582948442462464,-3.532279840855744,880.3018936182506,1396.5315892601434,0.9999705132941464,1.0000222279632094,-0.0006608786366808,0.0008186439136262,129.44729004342395,06_SPOT_AR2,525.02,0.0
18072.446916666668,0.0288122278150113,-1.4696011777010485,-3.432422899727489,951.2824984079654,1398.4201141933413,0.9999694002822092,1.0000260912231724,-0.0006448442029604,0.0007901964686996,131.7095381050132,06_SPOT_AR2,525.02,0.0
18073.8122875,0.0344332517361199,-1.495216494307035,-3.348881107967297,977.222649009453,1398.1080451337043,0.9999711503502317,1.0000863251299623,-0.0005730329696683,0.0006969275128255,131.86262370130677,06_SPOT_AR2,525.02,0.0
18075.26355,0.0399636965486771,-1.4363418555031586,-3.5265966424187707,860.5464639852651,1380.514301662634,0.999955572370784,1.0000351535147305,-0.0004310766171402,0.0006030982820124,133.64185744349257,06_SPOT_AR2,525.02,0.0
18076.624366666667,0.0350994048108404,-1.476762226944543,-3.342116012744992,977.4578987144406,1399.5501629435544,0.9999604671246748,1.000081470794166,-0.000524959373059,0.0006600192384243,136.63227248458244,06_SPOT_AR2,525.02,0.0
18077.988866666667,0.0326101255747778,-1.4626352850685151,-3.4509275998557323,927.287658119792,1398.160127077674,0.9999685708567134,1.0000210912713972,-0.0005713464080175,0.0007182578477354,128.29858353019023,06_SPOT_AR2,525.02,0.0
18079.43890416667,0.0359428087223512,-1.505368807578232,-3.433971840917494,963.0748769381452,1399.9999363380198,0.9999688802880916,1.000018775009702,-0.0005467447732983,0.0006499906541691,122.254586089955,06_SPOT_AR2,525.02,0.0
18080.8027,0.0364358222747526,-1.450515601772007,-3.478389051689072,902.3298355620656,1397.5611498787614,0.9999649756934822,1.0000328545746893,-0.0004911486969231,0.0006631981462438,133.05922687159534,06_SPOT_AR2,525.02,0.0
18082.247925000003,0.0347566534710013,-1.4035290279810673,-3.557067390743135,837.5581568504163,1347.8854594150937,0.999967471589305,1.00003735984695,-0.000519893281381,0.0006538724710878,130.71760224336197,06_SPOT_AR2,525.02,0.0
18083.61285833333,0.0404226027146067,-1.484601390317568,-3.4215604850874293,894.0863782643452,1393.4602441000654,0.9999715485734698,1.000101382026943,-0.0004506154939557,0.0005962870035371,132.68072466803866,06_SPOT_AR2,525.02,0.0
18084.974466666667,0.0419467498778036,-1.1669119785558015,-3.660922764629893,779.4184293468219,1152.479895681032,0.9999740214115916,1.000039015249658,-0.000419819688276,0.0005720285635346,129.8820288703737,06_SPOT_AR2,525.02,0.0
18086.33835,0.037590574033414,-1.451397881974683,-3.5445811363343296,862.8491128813814,1399.444766800964,0.9999692616053948,1.0000233933977805,-0.0004541680469435,0.0006426947305853,128.03555243587755,06_SPOT_AR2,525.02,0.0
18087.6983,0.0359277739604922,-1.4063009225405787,-3.548756381753347,845.8890016534336,1350.12682767475,0.9999656811271814,1.0000315770910049,-0.000484565581173,0.0006665324012136,133.54831984308822,06_SPOT_AR2,525.02,0.0
18089.150875,0.0502516155406286,-1.1797357205753032,-3.647298947640334,780.1376110211903,1161.074950998555,0.9999614225181884,1.000028427104908,-0.0002582313143025,0.000412701012295,121.79934787820986,06_SPOT_AR2,525.02,0.0
18090.683383333333,0.0123411056427947,-1.4926940215109188,-2.94300722039749,1399.997739796639,1398.777569288057,0.9998948475176448,1.0005281692088477,-0.0011029814601198,-7.79250620215558e-05,211.40243936866483,06_SPOT_AR2,525.02,0.0
18092.133683333333,0.0054013601400445,-1.1707938032966076,-3.294434871601032,1155.0389753801464,903.7603160317514,1.000071562944596,0.999720224915029,-0.0016304718035273,0.0021140765672618,184.7554894424598,06_SPOT_AR2,525.02,0.0
18093.497391666668,0.0196446042453676,-1.3230692098165695,-2.884596219125311,768.9389481186397,979.3817873602724,1.000232985024627,1.0007278666043349,-0.0013958221585098,-0.000339395649347,189.3070951508948,06_SPOT_AR2,525.02,0.0
18094.94725,0.035570321785107,-0.9919091643005428,-3.3711777387548607,999.6334386767736,785.7910637491736,1.000448033009118,0.999943957692228,-0.0010009687516956,0.0008998922075149,172.20332368349258,06_SPOT_AR2,525.02,0.0
18096.30685,0.0224876885604776,-1.8119795691035927,-2.853591694642499,687.9668185246089,1313.9793057409536,1.0003464572353211,1.0005783981799443,-0.0012025204286441,0.0001510831697843,158.1107342575067,06_SPOT_AR2,525.02,0.0
18097.67528333333,0.0136562925915484,-2.0193490835482377,-3.192865179075976,419.5412345088547,1383.7687210622682,1.0002804613775504,1.0004156913599442,-0.0013668443455775,0.0003200014957381,185.43862204555936,06_SPOT_AR2,525.02,0.0
18099.124795833333,0.0240266865181487,-1.4770647768611236,-3.4991968069386803,853.2764682617818,1389.168745702138,0.9999778802548672,1.000036036756779,-0.0007325690314086,0.0008628145117407,175.5549180907623,06_SPOT_AR2,525.02,0.0
18100.579825,0.0236399595298321,-1.460351230092321,-3.5734635305998044,840.3520400112938,1399.8467776656826,0.9999606297655196,1.0000303949259035,-0.0007281639163586,0.000884218636125,135.96497240114616,06_SPOT_AR2,525.02,0.0
18102.02854583333,0.0165001562532604,-0.1035592999228825,-2.5859928442802187,807.3112380756456,582.9290126728669,0.99983172694565,0.9999722688916328,6.520430468003929e-05,-0.0002159931784605,183.22284973892965,06_SPOT_AR2,525.02,0.0
18103.565520833337,0.0141537959601907,-0.3291372050849706,-3.459822013814835,801.4363699258504,840.1944799422849,0.9999074859325916,1.0002601592030829,0.0001431697012501,0.0010875888154552,197.65974685327564,06_SPOT_AR2,525.02,0.0
18104.92572916667,0.0273449940120164,-1.441632640442308,-3.5114695050266373,850.21329334238,1384.113825969551,0.9999575605116778,1.0000947683765211,-0.0006513939608756,0.0008129452385084,147.77910086420775,06_SPOT_AR2,525.02,0.0
18106.458325,0.0289009398417107,-1.4290405403941946,-3.5262032802255345,856.1458500567137,1378.6650348960986,0.9999566339017972,1.0000554825737136,-0.0006409386101571,0.0007824209195303,134.88791664746,06_SPOT_AR2,525.02,0.0
18107.81905833333,0.029438638273201,-1.454487766594229,-3.537580618502389,854.9190301175263,1397.9827321655555,0.9999605102428668,1.0000314739478189,-0.0006093250654324,0.0007618765394626,133.76236205885118,06_SPOT_AR2,525.02,0.0
18109.35069583333,0.0310475182499179,-1.2997676830777545,-3.656297441858671,753.5059135373615,1284.7746700525597,0.9999712761338868,1.0000925022014546,-0.0005917400069575,0.0007539423758944,133.516256760552,06_SPOT_AR2,525.02,0.0
18110.798454166663,0.0165171210462937,-1.4451944711168894,-3.5340125860636853,861.0303807355482,1398.5903715222917,0.9999719939910998,1.000027328970229,-0.000848602255035,0.0010171325294616,137.79765952628972,06_SPOT_AR2,525.02,0.0
18112.16085,0.0090958344655624,-1.4355783598159682,-3.4220420034669097,888.2265725205972,1388.7074823305854,0.9999683387004592,1.0001102408890392,-0.0009585119801679,0.0011221894777265,144.3894008951995,06_SPOT_AR2,525.02,0.0
18113.60362083333,0.018165772985403,-0.5105785221175555,-3.590612275336525,820.9060244247661,570.6825405096218,0.999974700530788,1.0001036736157782,-0.0008373505202134,0.0009694092949153,149.16076960017813,06_SPOT_AR2,525.02,0.0
18115.048666666666,0.0172450916189582,-0.6065442760969016,-3.657648448287144,804.6845390905446,682.2163052489643,0.9999746416514154,1.000036453118173,-0.0008330665651442,0.0010014620682806,130.9763745251512,06_SPOT_AR2,525.02,0.0
18116.496075000003,0.0087530415702802,-0.0826110290496246,-3.538488330113904,919.5102199557392,205.87488627626087,0.9999565413150024,1.0000813111797129,-0.0009934464757647,0.0011435928692649,136.44724805023452,06_SPOT_AR2,525.02,0.0
18118.02893333333,0.0035916236344596,-1.2805548717364343,-3.4794987522418626,934.3313293939962,1242.5962705648135,0.9999756643201252,1.000023881115838,-0.0011099003059883,0.0012214951467287,132.86372402688886,06_SPOT_AR2,525.02,0.0
18119.56039583333,-0.0132846961599157,-0.4881261212292276,-3.5035738865322563,920.4175396200816,570.0712998899312,0.9999689424385791,1.000094942081466,-0.0014436455154668,0.0015549740778705,133.4819181654954,06_SPOT_AR2,525.02,0.0
18121.006141666665,0.0173303893669472,-2.006338812431304,-2.611384579476917,1351.3006850217637,1399.9962676914404,1.000100182878732,0.9999313244738368,-0.0014282518993898,0.0005302669057296,220.9193791319404,06_SPOT_AR2,525.02,0.0
18122.365825,0.004834050576561,-1.4588700845794789,-3.55003593305595,872.2656638021965,1399.9999418414145,1.0000070563284662,1.0000212484874096,-0.0010540172518818,0.0012001325899758,132.88050311582302,06_SPOT_AR2,525.02,0.0
18123.81393333333,0.0333123240369636,-0.8781576668909654,-2.7160162604278018,1399.9999997108737,850.0946174924801,1.0001621327140475,1.0004765684654102,-0.0011535860617981,0.0006579953914825,193.39532255015288,06_SPOT_AR2,525.02,0.0
18125.180008333336,0.0128270508473778,-1.4016464808212057,-3.550001455938796,856.1984560752849,1378.1958263445226,0.9999762081561366,1.0000738289941409,-0.0009154872539829,0.0010624309227574,130.73117027071817,06_SPOT_AR2,525.02,0.0
18126.545116666668,0.0196199332188341,-1.4417044976840236,-3.590451445644132,865.0155344757987,1396.417514057427,0.9999661197246268,1.000021895242956,-0.0008045061833314,0.0009450029741847,135.8626774572774,06_SPOT_AR2,525.02,0.0
18127.908916666667,0.0287898581461372,-1.275408796401495,-3.632077054607005,771.6221326937462,1267.6021142980733,0.99999845703331,1.0000929890017023,-0.0006392765905868,0.0007793325729814,140.66247091817343,06_SPOT_AR2,525.02,0.0
18129.2688625,0.0176761760744754,-1.497963072845157,-3.5639713212401563,830.4486762911831,1399.9999418414268,0.9999677891674598,1.0000316505647937,-0.0008634880574604,0.0009872172741553,134.58438208382594,06_SPOT_AR2,525.02,0.0
18130.80145833333,0.0119423888367634,-1.4325394493697114,-3.521319339868193,899.5456451503132,1394.4915627843222,0.9999749353886416,1.0000220412264254,-0.0009215629955973,0.0010603986779532,132.08452772009667,06_SPOT_AR2,525.02,0.0
18132.16228333333,0.0220293812246612,-1.423240339953877,-3.5973337515644865,850.2268234554568,1395.3966234511563,0.9999951156901568,1.0000212723936786,-0.0007637598890291,0.000901871292832,135.06095188688045,06_SPOT_AR2,525.02,0.0
18133.608291666664,0.0154935549800998,-1.414249633420445,-3.562926491200075,834.6712019039958,1399.9890517820545,1.0000110187825704,1.000033195248124,-0.0008654497545075,0.0010325334448389,135.560703349275,06_SPOT_AR2,525.02,0.0
18134.972787500003,0.0183375569987728,-1.4258555622192877,-3.432585183608764,898.0963938486458,1391.388698126528,0.999989230115104,1.0000934760772606,-0.0008267470879289,0.000937477171472,143.7264600195462,06_SPOT_AR2,525.02,0.0
18136.422825,0.0219905489067584,-1.4489079770586413,-3.4069807911631527,940.9760360299728,1399.8628009810488,0.9999749059647696,1.0000289020631674,-0.0007476042265621,0.0009026324234161,136.11918157501646,06_SPOT_AR2,525.02,0.0
18137.8768875,0.0232383200905631,-1.4583782759229629,-3.4733191193270576,907.3779620898358,1398.4733827503442,0.9999912873655245,1.0000189950621663,-0.000751859450473,0.0008628586429783,132.1510794539675,06_SPOT_AR2,525.02,0.0
18139.40835,0.01654801147666,-1.393711083232955,-3.450649601713486,908.4981011139872,1394.0309590401168,0.99998060770047,1.0000439344840837,-0.0008440822204472,0.0010055547899697,137.20057966097693,06_SPOT_AR2,525.02,0.0
18140.94375,0.0106843725863819,-1.456619666182514,-3.444260591181448,875.2821898535967,1390.4972091257562,1.000013773234269,1.0001118293288738,-0.0009746409452452,0.0010918066617256,153.7825261065984,06_SPOT_AR2,525.02,0.0
18142.47450416667,0.0144631220596104,-1.4541473297379757,-3.4336353749486124,946.1256516731931,1399.999939235263,0.9999871572268004,1.000011871319253,-0.0008982316012047,0.0010280160258008,127.91663194670195,06_SPOT_AR2,525.02,0.0
18143.922529166663,0.0087274861156727,-1.4088962008503785,-3.4186375856411653,913.5484014322446,1389.1921100057857,1.0000065704146872,1.0001125162336588,-0.0010199162397042,0.0011393075992883,140.44120727972756,06_SPOT_AR2,525.02,0.0
18145.370375,0.0148244682855425,-1.2520691770349168,-3.21874032908406,791.3649081585211,1074.4480043479575,1.0000836556757176,1.0001441484744125,-0.0012682739207808,0.0001494220435174,213.12944842853167,06_SPOT_AR2,525.02,0.0
18146.73058333333,0.0354918975957206,-0.339415628439411,-4.032010291146646,820.8103529516693,586.2800303627855,0.9999688308147008,0.9998769753783714,-0.000773388403937,0.0017048559329898,159.598127668522,06_SPOT_AR2,525.02,0.0
18148.093854166666,-0.020727220420015,-1.5724190523525985,-3.27307412655196,798.8822851867426,533.3673942688433,1.000026523791185,0.9994910048429358,-0.0004809612821773,0.0011372264583919,290.1542330691809,06_SPOT_AR2,525.02,0.0
18149.542579166664,0.0360215707942703,-1.4332635054851044,-3.481069364814162,873.8732604341537,1393.8316105977708,0.9999651170488938,1.00010070660579,-0.0004921400057984,0.0006231708170179,150.75652181369657,06_SPOT_AR2,525.02,0.0
18150.902962500004,0.0285423947555062,-1.4289710178167825,-3.4910478437601267,891.8914955304206,1397.0228259019073,0.9999716652714528,1.0000318161038904,-0.000614617385231,0.000755855629494,136.8091751165623,06_SPOT_AR2,525.02,0.0
18437.16180833333,0.0495176362634441,-1.1746955488125113,-3.3792167956838144,788.9972399771951,1077.0277698981497,0.999946739761053,1.00005825459871,-0.0002334915101131,0.0005093823353037,1018.2814060984628,08_QSUN_QSHC1,525.02,0.0
18437.16180833333,0.0598907301835795,-1.1244679973628215,-3.367735120792567,801.4237264848759,1025.1446081028355,0.9999531191853198,1.000034703962016,-4.8820797218718656e-05,0.0003277727176108,35.82973970971988,08_QSUN_QSHC1,525.02,0.0
18437.16180833333,0.0598257372889761,-1.1232300150541594,-3.3686884719662435,801.4871813475955,1023.5087853874412,0.9999530379245192,1.000033309802823,-4.913452198812538e-05,0.0003267564404405,34.31473024817804,08_QSUN_QSHC1,525.02,0.0
18437.282108333333,0.0845613857080117,-0.7780940122506255,-3.376196944308356,795.8445716061077,728.9541131250592,0.9999658901175736,1.0000711085833134,0.0003118473764808,-0.0001013236443178,59.66482161913345,08_QSUN_QSHC1,525.02,0.0
18437.402308333338,0.0937035544126502,-1.0027746540135618,-3.3156361866996487,819.0938695170821,909.9221687288654,0.9999729434055644,1.0000707325428593,0.0004757731517596,-0.0002595813184476,55.13107371808727,08_QSUN_QSHC1,525.02,0.0
18437.52418333333,0.0769778254191086,-1.0867161627351791,-3.326021665536897,810.9215252094882,987.1602925270316,0.9999691637703338,1.0000599429176742,0.0002018057762429,2.389733486435877e-05,51.4054782738666,08_QSUN_QSHC1,525.02,0.0
18437.646491666663,0.0773732682220363,-0.9845607166748496,-3.352236088951947,803.7656636539709,892.4223269486021,0.9999767318621532,1.0000576585297445,0.0002148436233407,2.0282475532636136e-05,52.18844304204748,08_QSUN_QSHC1,525.02,0.0
18437.88674166667,0.0835141180612751,-0.9589560040801374,-3.3602695226385606,804.1125229281448,876.632437066442,0.999967530060116,1.0000595519803357,0.00030773681466,-8.773720454977164e-05,51.17207927974791,08_QSUN_QSHC1,525.02,0.0
18438.007641666667,0.0861947415365254,-0.8358259289766968,-3.377356024052209,797.2357459269431,773.6165856374741,0.999966169626328,1.0000615228730745,0.000341118725841,-0.0001157309100561,52.67744027963083,08_QSUN_QSHC1,525.02,0.0
18438.251741666667,0.0892868681632635,-0.7520978987684458,-3.376935983258635,796.8865437154467,705.3894602250159,0.9999835176508802,1.0000599607840177,0.0003955074700595,-0.0002019891570526,54.93697451915697,08_QSUN_QSHC1,525.02,0.0
18438.494875,0.0774032125825865,-0.694645231771998,-3.386554829788138,793.2820460260912,651.8714475095896,0.999981440240788,1.000050683585402,0.0001867523970049,4.6021780922530944e-05,59.06028524589516,08_QSUN_QSHC1,525.02,0.0
18438.616391666663,0.0759432959049723,-0.7862504084033393,-3.375174052963935,796.9235347324039,738.5482531858195,0.9999935313791084,1.0000443796186036,0.0001699667499597,6.388305129546311e-05,63.53217388103894,08_QSUN_QSHC1,525.02,0.0
18438.745358333337,0.0721950762543861,-0.8502385199035304,-3.3575834043748163,797.9029116402646,788.5656542211569,0.999981137627196,1.0000424846525762,0.0001139467654058,8.690983493333458e-05,66.10037385258399,08_QSUN_QSHC1,525.02,0.0
18438.867575,0.0690672883302639,-1.0017937668525574,-3.352683238158932,802.7829166699712,921.237485591296,0.9999650354607666,1.0000338882754072,7.17867657905543e-05,0.0001367005707058,66.4327707336532,08_QSUN_QSHC1,525.02,0.0
18438.989191666667,0.0891448986395586,-0.9055612428540588,-3.348560529514531,804.6746678346567,834.1949976603554,0.999966697928537,1.0000725938223027,0.0003958766678782,-0.0001706239750199,68.67107901075411,08_QSUN_QSHC1,525.02,0.0
18439.108258333337,0.0849438779934025,-0.6869876260965778,-3.381238869938434,792.799525895243,645.3864293354826,0.9999766196250174,1.0000573724295485,0.0003345086452983,-0.0001180180809465,69.17287774311596,08_QSUN_QSHC1,525.02,0.0
18439.23109166667,0.0707247932437384,-0.7076275908286761,-3.3579709530432167,797.5463897423191,668.1302562585965,0.999965711776013,1.0000414600884806,8.952310690912118e-05,0.0001385631737131,67.56858580438717,08_QSUN_QSHC1,525.02,0.0
18439.35673333333,0.0809052922321652,-0.9536103057570308,-3.346792959332881,803.9162205035852,874.3604219425191,0.999957624889234,1.0000557075714636,0.0002810192380883,-2.7909729139620524e-05,72.06934686673745,08_QSUN_QSHC1,525.02,0.0
18439.477825,0.0856157060857838,-0.7905299877094676,-3.3781430030940425,795.6612572577876,734.16838243318,0.9999594831516784,1.0000475631207657,0.0003448375328059,-0.0001206661346122,66.862706673487,08_QSUN_QSHC1,525.02,0.0
18439.597675,0.0823802137036106,-0.8331620763221464,-3.382479593946198,798.218861476381,796.677389307318,0.999945940015428,1.0000436207099297,0.0002683226478358,-7.447043292799667e-05,66.4427645266308,08_QSUN_QSHC1,525.02,0.0
18439.71805833333,0.1006822580100408,-0.643226193888212,-3.372085578376016,794.600289926412,635.8782485151089,0.9999534747880474,1.0000499075309115,0.0005857408189313,-0.0003815618624938,63.408985494908656,08_QSUN_QSHC1,525.02,0.0
18439.837741666663,0.0829809592936147,-0.9394438566278308,-3.347080966109698,802.4619401061557,854.5183597657835,0.9999524049758473,1.0000483822168904,0.0003060781272003,-8.959627095832529e-05,60.29667089354002,08_QSUN_QSHC1,525.02,0.0
18439.958216666662,0.0936946440469085,-0.6348825756457467,-3.3926992495429937,789.629835630664,591.3889931899644,0.9999717834350808,1.0000510587383415,0.0004844440620883,-0.0002526740254048,57.40731430703087,08_QSUN_QSHC1,525.02,0.0
18440.080358333333,0.0777360517531574,-0.620017889043468,-3.37784419393448,793.9772179977008,600.4405130261525,0.999958956230024,1.0000508013875762,0.0002000526232485,7.326967420061599e-06,57.50302782625702,08_QSUN_QSHC1,525.02,0.0
18440.20065,0.102063601902742,-1.0077527728519955,-3.3348215251805686,821.3515116546448,934.0645499286748,0.9999546145196768,1.0000562617292237,0.000632545387237,-0.0003948007576349,56.841068917739584,08_QSUN_QSHC1,525.02,0.0
18440.322875,0.0987231321695523,-0.8023630419111728,-3.376119940573833,796.198264395772,745.1380990769118,0.99996416092636,1.0000541931921567,0.0005774471955791,-0.0003338465427039,54.67671625096133,08_QSUN_QSHC1,525.02,0.0
18440.44360833333,0.0808432976085357,-0.7362114271115534,-3.3761083365327216,794.0409100703728,697.3600242221765,0.9999652212078908,1.0000530005881854,0.0002838438723732,-5.203861454709431e-05,53.09266599975646,08_QSUN_QSHC1,525.02,0.0
18440.565658333333,0.0758805363294826,-0.8633655875666901,-3.3681821403239267,797.7830836584712,795.1958655483971,0.999961121779489,1.000058809140601,0.0001812614006137,3.00335041275362e-05,53.1111381046961,08_QSUN_QSHC1,525.02,0.0
18440.687525,0.0700624403409842,-1.0102311504955417,-3.336578220051127,802.9574459301356,918.65751204916,0.9999753118443542,1.000052265320669,8.903008341198054e-05,0.0001212682404676,52.9929264412101,08_QSUN_QSHC1,525.02,0.0
18440.932233333333,0.0792151021444714,-0.9156333641100076,-3.344726128374332,800.0098619946049,825.7791963519991,0.999977872793682,1.00005695575259,0.0002570237421132,-1.072557408246446e-05,49.84758228117724,08_QSUN_QSHC1,525.02,0.0
18441.05480833333,0.0698467225887314,-0.8807917851837098,-3.3550150337760165,799.9241658778249,803.6831901713753,0.9999833796946404,1.0000566528553594,8.864920659546472e-05,0.0001238575449252,50.04054526532748,08_QSUN_QSHC1,525.02,0.0
18441.175275,0.0618766496980606,-1.0878152203375795,-3.332654225874295,801.6815195516381,982.7526562363367,0.999975331785124,1.0000449700902143,-4.082895958069009e-05,0.000262712174156,47.60271023289977,08_QSUN_QSHC1,525.02,0.0
18441.294608333337,0.0735680950026797,-0.966268190747437,-3.3477869298058995,802.9337868213004,871.0161511659237,0.9999862137029836,1.0000494424189754,0.0001727327981564,9.254036296242884e-05,47.83477013580129,08_QSUN_QSHC1,525.02,0.0
18441.416575000003,0.0833263606213777,-1.0103475081101592,-3.343566004099088,807.8377217629816,913.2338690202298,0.9999682721866812,1.0000591109872032,0.0003174630034512,-8.083214551032971e-05,49.17410676760847,08_QSUN_QSHC1,525.02,0.0
18441.541241666662,0.0740566008871179,-0.7050097016369656,-3.3788057934487834,795.4253421274527,654.5094073226821,0.9999853332228942,1.0000683501983247,0.0001489998082024,9.103273244499092e-05,50.690296089644725,08_QSUN_QSHC1,525.02,0.0
18441.661975000003,0.0782891562821836,-0.7880465899833347,-3.3700492437772263,795.5348874420948,722.6945161260568,0.999972446514653,1.0000672660626106,0.000246271676942,2.6347329027443e-05,48.26234140565321,08_QSUN_QSHC1,525.02,0.0
18441.783325,0.0665375559577181,-0.8451947530126879,-3.358203297989582,799.6064541726931,781.3333087710274,0.9999611028850496,1.0000606328352415,5.041920399064431e-05,0.0001843208220732,49.99904073609287,08_QSUN_QSHC1,525.02,0.0
18441.903183333336,0.0715427634385869,-0.8925727444891599,-3.3633067304130946,799.9486073859862,825.2193364254039,0.9999720876884082,1.0000605578270916,0.0001154077574293,0.0001304487811932,48.555780271385245,08_QSUN_QSHC1,525.02,0.0
18442.145441666667,0.0724624780610753,-0.7753371941808465,-3.374059217380984,796.0702230378855,715.1626701733736,0.9999624450985628,1.0000662156513669,0.000126500062923,0.0001240923069007,50.37229584014939,08_QSUN_QSHC1,525.02,0.0
18442.272125,0.0790338552290167,-0.8360904757964085,-3.374961889340225,796.9728142062123,765.2911662214476,0.9999913842537732,1.0000658692158777,0.0002581795967241,-2.478483811370149e-06,50.72742081294123,08_QSUN_QSHC1,525.02,0.0
18442.39951666667,0.0683454528276178,-0.8070232855654746,-3.3595761067534315,798.5448093948604,748.3295421086126,0.9999915466536676,1.00005789562258,7.233797117563696e-05,0.0001819726958301,49.972584706754894,08_QSUN_QSHC1,525.02,0.0
18442.51945833333,0.0783784235121532,-0.7450824925212424,-3.3786804637350825,793.9841362540402,689.1061665664588,0.9999685603788084,1.000062403820866,0.0002440582079764,2.9153541874797864e-05,52.26521504459328,08_QSUN_QSHC1,525.02,0.0
18442.640725,0.0795810998574769,-0.8439834496075124,-3.3674032545647776,797.2401045694794,779.5922299400935,0.9999861599107336,1.0000559865442835,0.000262959957743,-1.992327345137277e-05,52.03954696271299,08_QSUN_QSHC1,525.02,0.0
18442.886658333337,0.0835241093225036,-0.6434352812352732,-3.396588381495679,791.3195108782469,604.0691558920396,0.9999898705806288,1.000049556362521,0.0003481149591252,-7.908231854350658e-05,51.81897638203051,08_QSUN_QSHC1,525.02,0.0
18443.007825,0.0794772850771619,-0.7423906515929722,-3.3751286157057803,794.3245713217906,692.3998466554604,0.999989342196109,1.000053112254332,0.0002598048045897,-2.388758138459632e-05,52.59981863689449,08_QSUN_QSHC1,525.02,0.0
18443.133466666663,0.1051885643934912,-0.8950550638160732,-3.353961379887184,809.2529223966945,835.513098808253,0.9999808613590124,1.0000572820997908,0.0006955125802634,-0.0004623025777702,58.50390678454486,08_QSUN_QSHC1,525.02,0.0
18443.25480833333,0.1071566941269974,-0.8412999974459876,-3.362131375281816,806.5574749700279,791.9882993780068,0.9999847893630488,1.000059536744233,0.0007346941249662,-0.0004890922446659,59.59708243805772,08_QSUN_QSHC1,525.02,0.0
18443.377125,0.0986336125521149,-0.8540447029738231,-3.375657997000567,800.8025022438145,786.5321212886385,0.9999859770661582,1.000051113696352,0.0005808679780369,-0.000329629826552,53.74802632491012,08_QSUN_QSHC1,525.02,0.0
18443.618416666664,0.0942876484905884,-0.8028288766442631,-3.3684337935157416,794.4222515836216,737.9434337214703,0.999990814818077,1.0000505393642505,0.00050192691198,-0.0002783150896971,51.90630835134625,08_QSUN_QSHC1,525.02,0.0
18443.743791666668,0.0942338141553491,-0.8583031220398522,-3.370162080504919,798.1464507608696,782.148843553351,0.9999624475570532,1.0000509211894275,0.0005010546466476,-0.0002796642536108,52.99529047205454,08_QSUN_QSHC1,525.02,0.0
18443.864175,0.0916573024214092,-0.8278298795253101,-3.377737686488262,795.8980233588297,754.8834990052117,0.9999712386503518,1.0000412789845656,0.0004497766117212,-0.0002471726831565,51.322854823392326,08_QSUN_QSHC1,525.02,0.0
18443.984291666668,0.0902322208021402,-0.8098860423707013,-3.3733247554198016,795.0589305519252,745.9308225308502,0.9999691260244008,1.000042254248541,0.0004262098848123,-0.0002212339436412,52.93778520152449,08_QSUN_QSHC1,525.02,0.0
18444.106691666668,0.0718118895243462,-0.837750227262215,-3.3648033674262585,798.2524865623476,776.9094202826298,0.9999912630247406,1.0000318796212022,0.0001216222803195,0.0001155441983095,51.51828545211176,08_QSUN_QSHC1,525.02,0.0
18444.23075833333,0.0780304604328866,-1.1735581740440173,-3.3260009563752155,822.0631951171133,1049.9913610409149,0.9999657736351848,1.000047832570114,0.0002178925043398,-1.803574775649764e-05,50.08604754405809,08_QSUN_QSHC1,525.02,0.0
18444.47370833333,0.0757481031299202,-0.7377412788853293,-3.362587957551152,795.2724976706696,682.8670803417915,0.9999810632558624,1.000014813076818,0.0001699092446779,2.488179905786169e-05,51.64948441943858,08_QSUN_QSHC1,525.02,0.0
18444.718775,0.0752201176448062,-0.7191087249925926,-3.360863119842039,795.3025324198791,662.8980865242611,0.9999901440132684,1.0000143820374352,0.0001650768029919,4.907199986666091e-05,52.873819645408346,08_QSUN_QSHC1,525.02,0.0
18444.838891666663,0.075499494538727,-0.8114136261846236,-3.36018946034757,796.1651962730551,742.000940372777,0.9999755264327302,1.000020387011988,0.0001719741401618,5.521336125489652e-05,55.02558187406592,08_QSUN_QSHC1,525.02,0.0
18444.959891666665,0.0787980081411098,-0.7736893918166341,-3.3654949432219974,794.2114184739801,705.2612981353411,0.9999618956998972,1.000013806599204,0.0002464531840299,-1.673345905413375e-05,54.2448487402874,08_QSUN_QSHC1,525.02,0.0
18445.08560833333,0.0896313734300636,-0.825976279190448,-3.372914775954209,795.0078922788683,748.9027502565501,0.999955594251211,1.0000523479566124,0.0004415033193975,-0.0001784278283422,55.77162526868841,08_QSUN_QSHC1,525.02,0.0
18445.32865833333,0.0897466245922686,-0.8104016892591768,-3.3639151834901813,794.9935480198106,737.8837757022367,0.999960189609332,1.0000214352901045,0.0004102798005228,-0.0001881495960083,58.64663512271617,08_QSUN_QSHC1,525.02,0.0
18445.574675,0.093746491255756,-0.8420561797342783,-3.3596512457685304,798.7874498177246,767.7429702912187,0.9999665738136436,1.000042405885759,0.0004796427423669,-0.0002405298079914,65.54853828939241,08_QSUN_QSHC1,525.02,0.0
18445.695941666665,0.0864508698487906,-0.7393343329390368,-3.371660366609857,791.7466643957059,681.7714758235583,0.999945664451613,1.0000413672932995,0.0003477743484438,-0.0001302576464417,64.88739504211992,08_QSUN_QSHC1,525.02,0.0
18445.817283333337,0.0763792198805054,-0.9542477360694992,-3.335526875312045,801.013590965254,874.3185659042241,0.9999457134810248,1.0000433113919258,0.0001801037853798,1.5224534979224923e-05,72.91057486798933,08_QSUN_QSHC1,525.02,0.0
18445.93740833333,0.084768220811658,-0.7635918724317875,-3.371010954227326,795.0617292760945,712.0392637856557,0.9999708848850908,1.0000514923157438,0.0003309744700626,-0.000105390075534,72.65902070357151,08_QSUN_QSHC1,525.02,0.0
18446.18045,0.0975551374592809,-0.9770022228236012,-3.328366122632429,816.5445623652688,889.8040196166761,0.999961031386858,1.0000579898901922,0.0005498151335549,-0.0003369920528516,72.44544290110152,08_QSUN_QSHC1,525.02,0.0
18446.301975,0.094652254071523,-0.7487022476614672,-3.3594838798338422,794.3909900461671,694.3877971468615,0.9999729496419538,1.0000861641586742,0.0004974246049897,-0.0002511198735477,72.50702743251098,08_QSUN_QSHC1,525.02,0.0
18446.421925,0.0969685864546093,-0.7741968567450512,-3.3626248427525622,799.4137053803419,715.2865886855714,0.9999649409331178,1.0000722431171587,0.0005443451222536,-0.0003205130811013,71.3418162268253,08_QSUN_QSHC1,525.02,0.0
18459.2173,0.0482914829878865,-0.4646063498762933,-3.3606664264876605,825.1936235422655,398.0505807450847,0.9999771635956636,1.0000807381757846,-0.0002064268563615,0.0005755935630915,20.676720699537064,08_QSUN_QSHC3,525.02,0.0
18459.42304166667,0.0771349356260689,-0.6816798100260012,-3.3706266688917066,793.0729383182787,624.0451216276457,0.9999954264098454,1.000067874783802,0.0002204195259157,6.422647613507515e-05,29.303386853022296,08_QSUN_QSHC3,525.02,0.0
18459.522325,0.07080877184851,-0.6724205540942583,-3.371092550769358,794.9374476331978,616.8029543564886,0.9999931999055556,1.0000630739314935,9.943714402158036e-05,0.0002023853136989,28.7174355586318,08_QSUN_QSHC3,525.02,0.0
18459.622141666667,0.0740307604341811,-0.517624801840264,-3.3706200865144176,793.9189774878139,495.5835384671714,0.9999942106690554,1.0000457030486751,0.000134089470839,0.0001480955394932,28.222391804407803,08_QSUN_QSHC3,525.02,0.0
18459.829458333337,0.0693839939370433,-0.7837243917816227,-3.3542920344719636,797.3300695631547,712.3856012002385,1.0000037734543386,1.0000558274871985,8.311469274973791e-05,0.0002087090992029,27.042270279699956,08_QSUN_QSHC3,525.02,0.0
18459.92874166667,0.06870872130336986,-0.5275423163452612,-3.3716973391298923,797.7335119525161,484.0258098696474,1.000018359578027,1.0000601204006418,7.19485675292146e-05,0.00021867574691889809,26.62129198420803,08_QSUN_QSHC3,525.02,0.0
20990.940108333336,0.0516515900003521,-0.7679935386541494,-3.5636468325716866,799.1901939917585,783.4623043697118,0.9999670893723294,1.00004712689067,-0.0002231390086951,0.0004033378005591,112.3679754235428,21_SPOT_FS1,525.02,0.0
20991.434166666662,0.0436615767113276,-0.745913690344477,-3.561503588176941,797.2296908276205,773.8246044381445,0.999949875135269,1.0001010761157896,-0.0003711655063202,0.0005465232899281,2170.4292411775,21_SPOT_FS1,525.02,0.0
20991.434166666662,0.0436615785654285,-0.7459136997807463,-3.561503549775259,797.2297210763663,773.8246085483399,0.9999498751395532,1.0001010761131053,-0.0003711654746976,0.000546523250766,2170.429240486684,21_SPOT_FS1,525.02,0.0
20991.434166666662,0.0467677535417908,-0.7487988194207963,-3.561607588867262,797.8866225952277,775.4390290351881,0.9999470227789568,1.00010059523475,-0.0003120269931117,0.0004852709224925,122.861243966751,21_SPOT_FS1,525.02,0.0
20991.434166666662,0.0467677535417908,-0.7487988194207963,-3.561607588867262,797.8866225952277,775.4390290351881,0.9999470227789568,1.00010059523475,-0.0003120269931117,0.0004852709224925,122.861243966751,21_SPOT_FS1,525.02,0.0
20991.924016666668,0.0430436000929559,-0.804399005935645,-3.5598409232483994,795.5499430232774,825.331128828135,0.9999467645322616,1.0000901092997752,-0.0003641247765276,0.0005574519967232,111.6230229232998,21_SPOT_FS1,525.02,0.0
20992.41710833333,0.0393973255248518,-0.745713726983565,-3.561016922107768,798.4903766210278,770.039162358732,0.9999449379498137,1.000083782117217,-0.0004233791894489,0.0006034628895839,106.30956452161652,21_SPOT_FS1,525.02,0.0
20992.906875,0.0405371332539391,-0.4786209116503513,-3.5713629858373066,811.5765622629186,525.5917940939786,0.9999517615819442,1.0000940898457868,-0.0004135182366437,0.0005846575511184,106.57607331073794,21_SPOT_FS1,525.02,0.0
20993.39970833333,0.0397360588357421,-0.4590596591697432,-3.5655192693452387,814.2030461048741,507.05052717225,0.9999496236220408,1.0000799754174026,-0.0004221073165619,0.0006004488226262,109.84151541374752,21_SPOT_FS1,525.02,0.0
20993.889470833336,0.0382137066442805,-0.4442267223928978,-3.566528089763904,815.0248664577284,493.3341366636204,0.9999502199995248,1.000085103655563,-0.0004411888978237,0.0006296805922864,106.08155805535088,21_SPOT_FS1,525.02,0.0
20994.3809,0.0392110435260679,-0.3784904323730452,-3.5685403047712216,817.1383056628009,433.8456957583432,0.999951618098805,1.0000760243460038,-0.0004226405025883,0.0006065692303796,104.60939721773896,21_SPOT_FS1,525.02,0.0
20994.870579166665,0.0407796385356158,-0.3920238041017068,-3.5706691728243376,816.0564710454669,447.2887133399007,0.9999446445475708,1.0000833513221226,-0.0003962864072658,0.0005771927433221,100.58079094194372,21_SPOT_FS1,525.02,0.0
20995.36034583333,0.0358072459566495,-0.5394762448375825,-3.569972776084181,811.3279260311165,580.8843447359061,0.9999779195863348,1.0000846297428363,-0.0004920784656429,0.0006737290346576,98.50821198043246,21_SPOT_FS1,525.02,0.0
20995.852825,0.0326057231566241,-0.4533438216474641,-3.5676457232491843,818.0596484842227,502.053884652397,0.9999480059429552,1.0000756089660414,-0.0005526532107913,0.0007266960665908,100.06338715367504,21_SPOT_FS1,525.02,0.0
20996.342766666665,0.0325065640697004,-0.5496026382153036,-3.569529060104247,812.1153133639538,591.153878991227,0.999946980497975,1.0000793380238768,-0.0005654406377298,0.0007373066681116,99.56916212110924,21_SPOT_FS1,525.02,0.0
20996.83279583333,0.0314836633665754,-0.5692625769423634,-3.568977289488359,810.9651193533745,608.9899396489609,0.999948832095496,1.000088415973207,-0.0005795464089133,0.0007485101794052,98.43026609751024,21_SPOT_FS1,525.02,0.0
20997.325625,0.0323595684129784,-0.6459506736378748,-3.571950910294876,805.6291040675585,677.7602298578491,0.999976275951925,1.0000810337767392,-0.0005579585104582,0.0007255992138172,99.44160757411998,21_SPOT_FS1,525.02,0.0
20997.815479166668,0.0319730373606485,-0.6754540107973545,-3.5749545891305248,803.2200554724401,705.832188208816,0.999975655562742,1.0000403218454914,-0.0005734615733906,0.0007325329010469,100.64045867099442,21_SPOT_FS1,525.02,0.0
20998.305333333337,0.0313843582147943,-0.749790825401873,-3.5713842087036274,798.4798424557331,770.624119433559,0.999973721096584,1.0000791316813595,-0.0005467633832167,0.0007464384560956,97.09318574926075,21_SPOT_FS1,525.02,0.0
20998.794575,0.0315386067352212,-0.7226033573035819,-3.57322664313613,801.3062548652921,746.1256125893262,0.9999740701256742,1.000079096201009,-0.0005452218545481,0.0007468916621655,96.57176590455782,21_SPOT_FS1,525.02,0.0
20999.2846,0.030064953896213,-0.4733295103005248,-3.5619976968286737,818.5790187748945,522.2772350926844,0.9999733542082978,1.0000383807582571,-0.0005626889124493,0.0007718491605195,96.76341978552644,21_SPOT_FS1,525.02,0.0
20999.774804166664,0.0313703664809743,-0.6390121316346634,-3.5723658870343904,807.045247286822,677.5281771576732,0.999969763055602,1.000084771208826,-0.0005719659431595,0.0007507874813099,95.76652690386236,21_SPOT_FS1,525.02,0.0
21000.2679,0.0260069019163426,-0.7145987627251067,-3.578562258348502,801.677272447698,742.5570348104328,0.9999713304505176,1.0000321687844758,-0.0006479240246147,0.0008345110861508,97.14225035600268,21_SPOT_FS1,525.02,0.0
21000.7574875,0.0214989503847775,-0.7422533307806577,-3.5779191802044803,799.2839943257989,770.345027220084,0.9999722746300196,1.0000408687872642,-0.0007363766896784,0.0009185533090729,97.13554689392586,21_SPOT_FS1,525.02,0.0
21001.247341666665,0.0237093061766644,-0.6837052315094004,-3.575051086397799,804.063653791418,715.0721342761782,0.9999770510318842,1.000045149985828,-0.000690038766501,0.0008816410295993,100.39742167945768,21_SPOT_FS1,525.02,0.0
21001.736845833333,0.022464327557568,-0.962928764030478,-3.5866805534027635,780.8885493270876,973.114755262208,0.9999762828995538,1.000083901488234,-0.0007172952064948,0.000905728683536,103.71877310451296,21_SPOT_FS1,525.02,0.0
21002.22678333333,0.0240388531957611,-0.8832249662923073,-3.578415714681829,788.6404552663565,900.4583054536893,0.9999749704046906,1.000084229988734,-0.0006679843781074,0.0008730231391195,112.03413872065184,21_SPOT_FS1,525.02,0.0
21002.716991666668,0.0249436262042862,-0.8495704967985834,-3.59390316553982,791.4498558116178,874.1453646209009,0.9999819106614964,1.0000322450232366,-0.0006786645981581,0.0008644874945825,120.01997467739145,21_SPOT_FS1,525.02,0.0
21003.207283333333,0.0331831523030494,-0.6253485898137974,-3.5771437846310685,806.4173759282684,667.2125157694834,0.9999482866137896,1.000041203731711,-0.0005348678852089,0.00071005975513,120.53467702643808,21_SPOT_FS1,525.02,0.0
21003.69722083333,0.0379822503191079,-0.596856183614024,-3.56963143652863,808.9223967247893,636.2849395715402,0.9999690498415912,1.0000375377462514,-0.0004581469946901,0.0006221668071174,120.68764793026872,21_SPOT_FS1,525.02,0.0
21004.186725,0.040476539671892,-0.4563936473962564,-3.571230943610268,814.5367168017857,511.9391407056176,0.9999678614830162,1.0000881995198287,-0.0004191021114277,0.0005855397591996,115.81963538575287,21_SPOT_FS1,525.02,0.0
21004.67649166667,0.0390263078470722,-0.4741257950654172,-3.5743838084058983,812.3848235538424,528.8237972668688,0.9999705739279552,1.0000809000558373,-0.0004210837832098,0.000609774881599,126.77530722807364,21_SPOT_FS1,525.02,0.0
21005.16616666667,0.0399238892568627,-0.5302087622087895,-3.577318135222694,810.1784967095655,576.5757332594757,0.9999744555211904,1.0000808175674936,-0.0004051192733046,0.0006218465157602,125.5210534506917,21_SPOT_FS1,525.02,0.0
21005.656025000004,0.0406160015092065,-0.4127557978734542,-3.5678526712304124,814.2796995585749,466.6115799740437,0.9999730137859034,1.0000376615937543,-0.0003836680401788,0.0005990362444338,132.30489212711325,21_SPOT_FS1,525.02,0.0
21006.14876666667,0.0378882302338243,-0.6447279290264927,-3.57376415907544,804.5194427558476,682.3081723582649,0.9999741323334616,1.0000833077811553,-0.000458936102178,0.0006168486187485,128.76929754082593,21_SPOT_FS1,525.02,0.0
21006.638616666667,0.0352155689169359,-0.5618974864295677,-3.571389401595136,811.2171374537294,608.4507691942781,0.999973652108851,1.0000355115912103,-0.0004998177945785,0.0006639311417251,134.70492320507046,21_SPOT_FS1,525.02,0.0
21007.1320625,0.036928989472715,-0.5103296816514624,-3.572748137688924,812.9047461180982,565.0609611726684,0.9999525171437076,1.0000435416903226,-0.000467249905712,0.0006430818886044,117.0317573391401,21_SPOT_FS1,525.02,0.0
21007.624541666664,0.0335801927268129,-0.4974578661896405,-3.5729868072684603,815.3703086290011,552.2112670447036,0.999948133441176,1.0000905751467284,-0.000545483836471,0.0007212208705971,122.34962488901262,21_SPOT_FS1,525.02,0.0
21008.116670833333,0.0336239252481709,-0.4641343520098372,-3.575550631952364,817.2601545841586,522.5230775018922,0.9999464155395856,1.0000902822987798,-0.0005407231051733,0.0007094086171684,128.8346669231929,21_SPOT_FS1,525.02,0.0
21008.606175,0.0336680119963757,-0.5525070623362036,-3.574155234689904,812.302713659319,604.5950361198627,0.9999738315882152,1.0000491256005437,-0.0005259100147343,0.0007012173220089,135.7127954962115,21_SPOT_FS1,525.02,0.0
21009.096729166668,0.0295260740270741,-0.5250933528342642,-3.5725258729671654,814.7171109861656,580.9502596622091,0.9999454384959948,1.0000498284431043,-0.0006025795310446,0.0007838218348013,146.3876800744916,21_SPOT_FS1,525.02,0.0
21009.58754583333,0.0284812043944914,-0.5557098240761933,-3.5795109284893893,813.4216301054727,605.7557768609427,0.9999445847145352,1.0000881741575218,-0.0006208268277654,0.0008054956087588,149.3738714974467,21_SPOT_FS1,525.02,0.0
21010.07713333333,0.0262121280754714,-0.4952912738933438,-3.569470743153049,819.1084976145808,549.8263638020719,0.9999690715762702,1.0000399207963924,-0.0006636482356383,0.0008375474264233,170.42240648484184,21_SPOT_FS1,525.02,0.0
21010.56795,0.0282633007639374,-0.5131622188888584,-3.5734630515830297,816.6165621930824,559.5994771556094,0.9999704438019,1.0000924199676977,-0.0006203618588968,0.0008014728507686,168.71500372220208,21_SPOT_FS1,525.02,0.0
21011.06139583333,0.0245196020681744,-0.6877011955731016,-3.581679785542965,803.9198744956175,725.2091608765052,0.9999710271002646,1.0000475031194334,-0.0006950571902352,0.0008707276594783,153.7601674499667,21_SPOT_FS1,525.02,0.0
21011.553616666664,0.0293430958459884,-0.580714157863341,-3.577233120281602,812.0938145326977,621.3728225369184,0.9999749569843246,1.0000412606364182,-0.000583079812639,0.000782428830012,135.9519971714766,21_SPOT_FS1,525.02,0.0
21012.04451666667,0.0191084346715123,-0.957541013786664,-3.598305817639514,782.8368412030713,965.8753598684306,0.9999784482188092,1.000041380537824,-0.0007655135647154,0.0009690355573783,118.75073552060697,21_SPOT_FS1,525.02,0.0
21012.533495833333,0.0232927490590887,-0.4153814684105665,-3.549132538270664,831.994577714079,477.8938532262069,0.9999358003084032,1.000079168389119,-0.0007082264996332,0.0009081426568131,106.7181831356452,21_SPOT_FS1,525.02,0.0
21013.0272,0.0257782335283138,-0.7540019749011361,-3.585494699502312,798.3778268287904,786.081240590838,0.9999517208843668,1.0000817995701514,-0.0006502336614757,0.0008575080330506,103.21473217734103,21_SPOT_FS1,525.02,0.0
21013.517316666665,0.0355764434366167,-0.6854777960259064,-3.58013190404048,802.0135264660303,720.6097439420076,0.9999516945138,1.0000463524096086,-0.0005074795334819,0.0006857667162035,100.92327750561668,21_SPOT_FS1,525.02,0.0
21014.00664583333,0.0404994713873873,-0.1683205803058293,-3.587926474114231,816.2318768147779,258.2760693787454,0.999956892030659,1.000033808398874,-0.0004106528855847,0.0006073404818635,102.60611559110444,21_SPOT_FS1,525.02,0.0
21014.49605833333,0.0425034729603682,-0.4878560295309677,-3.5734155472403297,809.5080319737217,541.5229947399592,0.9999691236136744,1.0000772750528202,-0.0003807904658058,0.0005417252268779,93.10506621075432,21_SPOT_FS1,525.02,0.0
21014.986266666667,0.0428288225593449,-0.5576268312388843,-3.5682003094258103,808.4319914945255,602.9155231869876,0.9999659078150676,1.0000809130251125,-0.0003681514830285,0.0005644184603212,102.41278299237226,21_SPOT_FS1,525.02,0.0
21015.477433333333,0.0398165303188033,-0.5323198851537231,-3.566989739732597,809.8958168461214,584.092410878461,0.999965749624362,1.0000437302185268,-0.0004227408404289,0.0005907453679259,118.40952323569223,21_SPOT_FS1,525.02,0.0
21015.96965,0.0440384370437199,-0.5624540812204075,-3.576512710422636,807.79923540351,611.2767400834477,0.9999671929212076,1.000039541984288,-0.0003511458648552,0.0005448833509968,115.73579910880844,21_SPOT_FS1,525.02,0.0
21016.463266666666,0.0474703033574546,-0.581403342657291,-3.580576773865512,805.7251370757253,630.2923487211737,0.9999720778789596,1.0000442441836646,-0.0002847700383981,0.0004665008231165,113.34496719915708,21_SPOT_FS1,525.02,0.0
21016.95565833333,0.0496126171419281,-0.5882059997150698,-3.580976899626055,804.8968666013133,632.4698729170157,0.9999684597560088,1.000092794868793,-0.0002414348133831,0.0004323513145502,101.2297947871699,21_SPOT_FS1,525.02,0.0
21017.44954166667,0.05023828088283,-0.5749225484611268,-3.580049852935784,805.1231064270727,624.789642362411,0.999971006372812,1.0000355827927352,-0.0002322036906854,0.0004133811249697,111.42762864448768,21_SPOT_FS1,525.02,0.0
21017.939391666667,0.0495122795373248,-0.617654937529692,-3.576941082350262,804.195637816492,663.3112689913685,0.9999715300975324,1.0000875267589158,-0.000260213911592,0.0004319910184616,112.9085281805972,21_SPOT_FS1,525.02,0.0
21018.431608333336,0.0434413380569771,-0.5978330015104534,-3.580940014584634,806.3816508933314,646.9475149168773,0.9999733945133702,1.0000840500392318,-0.0003699783374101,0.0005528642638009,113.992528767592,21_SPOT_FS1,525.02,0.0
21018.921725,0.0428854823201174,-0.7240618550443516,-3.583550472901449,800.7000838281804,766.0767680029638,0.9999684004658256,1.0000786513164643,-0.000375300967938,0.0005597717278049,103.98586545823326,21_SPOT_FS1,525.02,0.0
21019.41403333333,0.0395473453558008,-0.9250235332575616,-3.582135557018195,789.1269167667008,942.768392395302,0.9999682972665412,1.0000776833941374,-0.0004268277184917,0.0005820154936918,99.08595376440928,21_SPOT_FS1,525.02,0.0
21019.90370833333,0.0408735767330745,-0.6963273206147138,-3.5798613112378748,802.9639385856836,733.7772675500702,0.9999694850398928,1.0000374937066252,-0.0003931946145881,0.0005568437688478,97.23791657265922,21_SPOT_FS1,525.02,0.0
21020.39365,0.0408866809624146,-0.5149164650161157,-3.586135571879602,811.9705304615738,568.3421302172826,0.9999713601505724,1.0000804147489035,-0.0004061459150418,0.0005680991628018,95.83714174655928,21_SPOT_FS1,525.02,0.0
21020.88438333333,0.0407519338762171,-0.6382252087624126,-3.589635796513292,805.5845700831989,681.6935103971642,0.9999723144689868,1.0000386990565533,-0.0004144005878114,0.0005773917624327,97.45341202142076,21_SPOT_FS1,525.02,0.0
21021.374320833333,0.0393407825960642,-0.4121779222666108,-3.589340104817013,816.0099516237678,477.26152058164377,0.999972110161486,1.0000795992036289,-0.0004237099635545,0.0006008921172921,95.97324207118886,21_SPOT_FS1,525.02,0.0
21021.86435,0.0405389747567698,-0.6785064050973212,-3.5846372173378285,802.9260139994898,718.0097510306736,0.9999755504519064,1.000080078253076,-0.0004021006575757,0.0005690439291628,97.92089076666308,21_SPOT_FS1,525.02,0.0
21022.354116666666,0.0422184980987593,-0.3170719900094727,-3.599580955142291,814.9898353879305,390.4539139382928,0.9999757363583184,1.0000759000362025,-0.0003810944712928,0.0005484521369681,96.58297588716108,21_SPOT_FS1,525.02,0.0
21022.844491666667,0.042180612504539,-0.2827933340883107,-3.606463123215888,814.4001750242503,365.8130565556856,0.999974014015805,1.00008357720816,-0.000368301348289,0.0005433390631458,94.64201496475404,21_SPOT_FS1,525.02,0.0
21023.335658333333,0.0523753522284024,-0.2413135161314977,-3.617881650654418,808.0287760230744,335.0985466705684,0.9999785467380048,1.0000860919616938,-0.00018983489631,0.0003950764336877,93.0663601555838,21_SPOT_FS1,525.02,0.0
21023.828141666665,0.053832089206521,-0.3623790208731809,-3.6127030931867714,805.8119139912259,443.95910862233234,0.9999813970555153,1.0000829726800071,-0.0001739210591651,0.0003595558515524,94.55062612937638,21_SPOT_FS1,525.02,0.0
21024.317466666667,0.0499191330599216,-0.4557074739431306,-3.60579566846623,805.52283810636,533.6319624481653,0.9999729713515308,1.0000867870033094,-0.0002460145051188,0.0004330543188203,93.77206700131968,21_SPOT_FS1,525.02,0.0
21024.80740833333,0.049053079660302,-0.6112214655467019,-3.589115248076644,802.4837077257383,667.2185151636282,0.999975256324352,1.0000832083304596,-0.0002627583209708,0.0004471645291862,99.48954063406693,21_SPOT_FS1,525.02,0.0
21025.29665,0.04441810649943,-0.7220734914224285,-3.585981602110928,799.5274705050143,761.8412432755886,0.999978233064662,1.0000436295788877,-0.000326948577625,0.0005325654368071,108.64030878784511,21_SPOT_FS1,525.02,0.0
21025.79158333333,0.0421625763914263,-0.5911225606637125,-3.593464621856868,804.8392583046218,646.7080887253979,0.9999394243176648,1.0000923690979775,-0.0003845458535307,0.0005771833930187,118.66917880836684,21_SPOT_FS1,525.02,0.0
21026.280733333333,0.0441523757228454,-0.5718422531538222,-3.5977780406333366,805.8156608837971,628.3987635633473,0.9999695531308258,1.0000867163430311,-0.0003609801042143,0.0005462772918726,121.34640514561596,21_SPOT_FS1,525.02,0.0
21026.774966666664,0.0446084139629244,-0.6007003396604071,-3.598838136859671,804.6360230995734,654.0681666934175,0.9999742107457594,1.000088008101235,-0.0003428695054789,0.0005369566159286,106.52681488498094,21_SPOT_FS1,525.02,0.0
21027.26578333333,0.042347992739536,-0.442004172460638,-3.596663225075509,811.5253727302768,507.62024708553935,0.9999717285921444,1.000082206972743,-0.0003565827257016,0.0005365473031704,99.52170246565932,21_SPOT_FS1,525.02,0.0
21027.758175,0.0391580839479541,-0.7855136045804003,-3.6020605687834184,796.1192055473808,827.0932736947958,0.9999705324251152,1.0000406603565073,-0.0004255863501905,0.0006012385763094,96.23284834496889,21_SPOT_FS1,525.02,0.0
21028.252316666665,0.0324849521216941,-1.0546279454143477,-3.6146247849589184,776.5262028063048,1066.3576476655076,0.9999726436860736,1.0000335016198614,-0.0005439977313823,0.0007266262222795,100.70539148047136,21_SPOT_FS1,525.02,0.0
21028.742,0.0423653599586479,-0.6742469691212881,-3.594792439872531,802.6915226615693,711.6119190925687,0.9999537912675792,1.0000811753027317,-0.0003808238213387,0.0005435254477541,104.68715552194313,21_SPOT_FS1,525.02,0.0
21029.233075,0.0378409860265083,-0.4268738686916473,-3.610840682600124,811.661435538794,513.2239506619569,0.999982580140811,1.0000834853769125,-0.0004598107785576,0.0006403271409051,113.65856237463042,21_SPOT_FS1,525.02,0.0
21029.722666666665,0.0405357148064397,-0.2980083667881082,-3.609401332132975,814.942624951784,382.40347362368976,0.9999528277865822,1.000038243658204,-0.0004131784186987,0.0006180733623363,120.57925216404476,21_SPOT_FS1,525.02,0.0
21030.216725,0.0405194195167823,-0.4007985110117404,-3.614384754333121,810.5857415230646,484.1164369780952,0.9999626329579252,1.0000941111724173,-0.0004117534517427,0.0005746491523117,108.28272179335757,21_SPOT_FS1,525.02,0.0
21030.706666666665,0.0433508905959443,-0.2412599590750191,-3.615903000573364,814.1315958345966,328.94428047833946,0.9999483994478418,1.0000810153927326,-0.0003612037164281,0.0005434521127883,117.62984981210283,21_SPOT_FS1,525.02,0.0
21031.200016666666,0.0430609293024757,-0.5225355404574308,-3.619645658147893,807.1752243926967,586.7041892073443,0.9999570655995308,1.000088360040802,-0.000362682618016,0.0005582966575692,118.42761200347,21_SPOT_FS1,525.02,0.0
21031.690225,0.041749510120914,-0.5756368249418979,-3.6059439192264606,806.0701549523995,626.7564544959059,0.9999501774371996,1.0000894852012543,-0.0003938778081946,0.0005786645049534,125.13918877024167,21_SPOT_FS1,525.02,0.0
21032.18252916667,0.0422634111192412,-0.3966354200584583,-3.6166290790281272,809.6075328627519,475.7883042631446,0.999977765074178,1.0000850697287949,-0.0003753013892761,0.0005653628579527,125.23244758326086,21_SPOT_FS1,525.02,0.0
21032.67369583333,0.0436093282787662,-0.6107518147624105,-3.605347348739596,803.3386940087512,669.7820832954592,0.9999440286246816,1.000084064635376,-0.0003599043076586,0.0005319945578649,122.32648584837628,21_SPOT_FS1,525.02,0.0
21033.18114583333,0.0440787010940635,-0.5517691022167791,-3.604729397461327,805.5735751752073,618.769438621654,0.999971347702417,1.0000467308591017,-0.0003346821269707,0.0005214554591506,127.07151829952844,21_SPOT_FS1,525.02,0.0
21033.67205,0.0401679312083926,-0.4797973565038144,-3.59846926792946,810.6990909736601,543.8982656879446,0.9999693750018332,1.0000438702773693,-0.0004124171361012,0.0006054845819411,124.0673650049511,21_SPOT_FS1,525.02,0.0
21034.163129166667,0.0403529944884187,-0.5403178938227935,-3.604886428704469,807.6799161422215,601.965212817526,0.9999740825732052,1.0000848928136734,-0.0004034726523913,0.0005769462654952,119.70505349477804,21_SPOT_FS1,525.02,0.0
21034.653066666662,0.0429640096240992,-0.5860969038298478,-3.6033279161073706,805.7038798571568,645.6232248276077,0.999975667940774,1.0000893184411337,-0.000360684102989,0.0005298499925182,102.47940905384954,21_SPOT_FS1,525.02,0.0
21035.147300000004,0.0421929802494111,-0.7238029782867901,-3.6063581821409865,800.08484370392,765.3161503300006,0.9999725204654136,1.000039742568056,-0.0003807269747034,0.0005378958116755,99.80886198981734,21_SPOT_FS1,525.02,0.0
21035.638816666666,0.0455782804528738,-0.5700277830644702,-3.6019820159363487,805.5614250619573,621.6107125084709,0.9999812129891854,1.0000886592728766,-0.000303614406604,0.0005056245073149,94.75503007567092,21_SPOT_FS1,525.02,0.0
21036.1345375,0.0410951642554765,-0.5748020497175839,-3.5816702725859804,808.526483743641,614.531856784681,0.9999801823824565,1.000087790058305,-0.0003866418883983,0.0005743690823606,94.17509108725474,21_SPOT_FS1,525.02,0.0
21036.626316666665,0.0373278647809486,-0.3254383941731966,-3.603493641827331,819.0360239813166,420.71049493439233,0.9999444097855484,1.0000844287997297,-0.0004695936283048,0.0006364651736101,105.03177205442148,21_SPOT_FS1,525.02,0.0
21037.11800833333,0.040354327499986,-0.8166960197938783,-3.612537033983403,794.5298307443759,853.8951076908,0.999978325586552,1.0000396682139263,-0.0004047666614411,0.0005758765865612,111.37867369769673,21_SPOT_FS1,525.02,0.0
21037.61005,0.0397144550235332,-0.1028614095307715,-3.550704527734905,857.7093122675699,217.8580518136353,0.999970527479035,1.0000284517189677,-0.0004285022049843,0.0006136571342391,109.16231834946367,21_SPOT_FS1,525.02,0.0
21038.10585833333,0.0398803675203097,-0.5434138162879246,-3.6095816458826695,806.2344741430115,610.9781608528164,0.999961547249484,1.0000370204258933,-0.0003912784878544,0.000606044210922,112.91378470871943,21_SPOT_FS1,525.02,0.0
21038.602016666664,0.0430187800916508,-0.5538497466449566,-3.602643597053007,804.9943599438487,621.6178936475552,0.9999530460266958,1.000081057353437,-0.0003621914599968,0.0005687987935993,110.37819313566202,21_SPOT_FS1,525.02,0.0
21039.09650833333,0.0472555187430467,-0.5743381438190349,-3.609231425235644,804.2281574261712,637.6122980491796,0.9999752558645448,1.0000868767762356,-0.0003143312131309,0.0005011089886279,108.41105770679248,21_SPOT_FS1,525.02,0.0
21039.5896,0.0458171654000826,-0.6251700472180799,-3.603248020292472,802.7260351119212,682.1333837369982,0.999974830107228,1.0000873215608723,-0.0003293377648063,0.0005113288772037,106.9543132577876,21_SPOT_FS1,525.02,0.0
21040.07963333333,0.0425873804864087,-0.7238324442720023,-3.599188855847953,799.1459630661838,773.1652901788439,0.9999709454874316,1.0000813433421427,-0.0003657642088406,0.0005603368040071,106.99490057864296,21_SPOT_FS1,525.02,0.0
21040.57053333333,0.0381626839299539,-0.7021652224243351,-3.616230028401332,800.6675514202373,755.2462148506035,0.9999664992281632,1.0000832467599676,-0.0004238155902245,0.0005991457307491,100.2028833201986,21_SPOT_FS1,525.02,0.0
21041.0617,0.0358665890522421,-0.7848798694808586,-3.6164933257126495,796.4774527866776,839.5922931809988,0.9999652576197258,1.0000310301563724,-0.000463605734797,0.0006383996490734,109.32358659747892,21_SPOT_FS1,525.02,0.0
21041.55216666667,0.033242345241236,-0.9034405222167192,-3.606688856167905,788.7529754144407,928.4699211337488,0.9999716790007536,1.0000877398100303,-0.0005640669819113,0.0007143216983889,102.1711185768894,21_SPOT_FS1,525.02,0.0
21042.044908333333,0.0343071529388655,-0.4120253032885103,-3.6023229801508942,818.810463162357,496.8118911917523,0.999975411495768,1.0000777792344684,-0.0005451646781733,0.0007280995873884,104.63878938726432,21_SPOT_FS1,525.02,0.0
21042.5345,0.0285475907938943,-0.6593525140919083,-3.607524310797206,804.2943296096187,717.2775399530811,0.999973878172182,1.0000379356416746,-0.0006481181626658,0.0008124760067436,115.35295237246144,21_SPOT_FS1,525.02,0.0
21043.025233333337,0.0289201102825208,-0.9046960737700488,-3.624645795243574,786.7308967025664,939.031221009765,0.9999668029231752,1.000032536527275,-0.0006087473745169,0.0007723926317321,118.85313751694896,21_SPOT_FS1,525.02,0.0
21043.51499583333,0.0294301060375193,-0.9638306281189406,-3.636118108750015,780.8591480853971,996.1370440999972,0.999968963137154,1.0000280472066825,-0.000548082790331,0.0007542084510773,105.69680063464946,21_SPOT_FS1,525.02,0.0
21044.0059,0.0348835422674814,-0.8066225396297695,-3.6218553696662696,793.785377182374,851.4992049089348,0.9999689466985304,1.0000341852514214,-0.0004930221774834,0.0006695703818248,99.2083010882191,21_SPOT_FS1,525.02,0.0
21044.50512083333,0.0384708805270414,-0.7553537599290916,-3.607366129777549,797.507439097147,798.917991063076,0.9999700707810784,1.0000784143028136,-0.0004611804948078,0.0006299210226704,99.7899050437058,21_SPOT_FS1,525.02,0.0
21044.999175,0.0390109283522758,-0.712034215021769,-3.602903839897523,799.8053945026337,762.3743629389287,0.9999704811975964,1.0000925490833266,-0.0004521275105027,0.0006279696124487,101.54274527894324,21_SPOT_FS1,525.02,0.0
21045.489383333337,0.0357926199852992,-0.6386231619377054,-3.604921112726053,803.5289674169817,698.5670490964297,0.999970490795072,1.0000433933173367,-0.0004925229485058,0.0006739079912117,107.68403858438488,21_SPOT_FS1,525.02,0.0
21045.97923333333,0.029150301766885,-0.7005653684717249,-3.610010174891657,800.2080104765603,754.3015161149223,0.9999696067647496,1.0000435044173344,-0.0005924219357111,0.0007622132690486,106.24720968980854,21_SPOT_FS1,525.02,0.0
21046.4718,0.0235352592676179,-0.9628654808809192,-3.635482246552459,780.0431196784073,993.984739081156,0.9999688309348056,1.0000304787297778,-0.0006746619867698,0.0008634537776545,106.03623974824168,21_SPOT_FS1,525.02,0.0
21046.963408333337,0.0238469829386875,-1.1404004129698715,-3.647532394686911,764.9010555254337,1144.2371650069567,0.999969258130236,1.0000359016889762,-0.000699250677662,0.0008811377976724,105.97119671497718,21_SPOT_FS1,525.02,0.0
21047.4581625,0.0245212288924493,-1.0777314842195949,-3.622741794199257,769.6697699780166,1082.8737910493082,0.9999703508139292,1.0000801053576946,-0.0007069152735217,0.0008877845884703,101.90536612551529,21_SPOT_FS1,525.02,0.0
21047.948891666667,0.029247431626925,-1.0817272360343837,-3.6313725732204647,772.669042982998,1090.295481005691,0.9999712133033496,1.0000405573306077,-0.0006098074274106,0.0008009770017155,97.11570548376795,21_SPOT_FS1,525.02,0.0
21048.4460125,0.032472418590978,-0.9724162097720884,-3.631271775617672,782.3361244971476,1002.2332422605592,0.9999716670764544,1.0000366910431804,-0.000545180668662,0.0007226560551511,99.55428454382972,21_SPOT_FS1,525.02,0.0
21048.93700416667,0.0358154404251743,-0.8986418047548002,-3.6279244830417614,788.1367218749734,939.8157844903468,0.9999721453222706,1.000033907681186,-0.0004601904169528,0.0006511224390351,100.40152681055226,21_SPOT_FS1,525.02,0.0
21049.427116666662,0.0403244349966438,-0.7196975608041581,-3.618947845249308,799.1991690220336,775.8433849150922,0.999975674410776,1.0000345509374329,-0.0004017602018224,0.0005840200645474,98.77826323400252,21_SPOT_FS1,525.02,0.0
21049.9174125,0.0398454820486862,-0.7099278605188677,-3.614392204219738,799.3452915123821,765.1544485587227,0.9999755009089372,1.0000419426752811,-0.0004410116243539,0.0006065041743386,94.83816176766224,21_SPOT_FS1,525.02,0.0
21050.407175,0.0390053850719305,-0.708744398678011,-3.6141534775313553,799.3092673975493,759.5118079276082,0.9999733115243252,1.0000807546153625,-0.0004608829380495,0.0006314152044382,96.98316738426183,21_SPOT_FS1,525.02,0.0
21050.89790833333,0.034617285429945,-0.6829809368706216,-3.62109815970981,799.9962395248401,750.5925017822198,0.999971872503266,1.0000788598080372,-0.0005193444778924,0.0006912384863587,106.67082998832724,21_SPOT_FS1,525.02,0.0
21051.38793333333,0.0396567374410754,-0.7935748066144634,-3.632185052688339,794.0811033265732,853.7239799353432,0.9999710136086304,1.0000263883929636,-0.0003934393533366,0.0005957441212165,118.2045892824068,21_SPOT_FS1,525.02,0.0
21051.88015,0.0350791709499244,-1.106757138351572,-3.648865364327608,772.7205100338797,1130.232204300222,0.999969724484252,1.0000278950011416,-0.0004895140920467,0.0006578742232149,124.89571164049596,21_SPOT_FS1,525.02,0.0
21052.369916666667,0.0462087887026042,-0.8495574819751827,-3.612689211082455,794.7961650308624,882.9540068116968,0.999976423770987,1.0000956814659328,-0.0002955063872174,0.0005002505735916,110.3570312594256,21_SPOT_FS1,525.02,0.0
21052.85942083333,0.0436896787345652,-1.0017427646004713,-3.6098824775772487,786.4498608085512,1023.3387920426136,0.9999690672579148,1.0000846667414174,-0.0003505329059166,0.0005631291396574,113.76116415085512,21_SPOT_FS1,525.02,0.0
21053.34918333333,0.0413430028042249,-1.024903886951012,-3.612224136179272,784.1413292570332,1049.0055969505506,0.999970743244885,1.0000950740300818,-0.0003959423976772,0.0005910850719258,116.75598532015644,21_SPOT_FS1,525.02,0.0
21053.840179166666,0.0379177576451427,-0.9379959377248231,-3.6319962035080335,787.0500583657674,978.308378317067,0.9999733186959988,1.0000470581456713,-0.0004342689420598,0.0006030701866193,128.0053173946939,21_SPOT_FS1,525.02,0.0
21054.33415,0.0399371930154724,-0.7002101728761901,-3.623388254430699,800.4762486974613,767.4638742483937,0.9999381518362912,1.0000845248665908,-0.0003979400683818,0.0005985133809128,112.48128584020468,21_SPOT_FS1,525.02,0.0
21054.8240875,0.0421581551609295,-0.5691975058031298,-3.623874333175674,805.3671331160269,648.1951047621889,0.9999359608542668,1.000079411357266,-0.0003771053812201,0.000539889077566,103.4373846057697,21_SPOT_FS1,525.02,0.0
21055.3135,0.0423380302302753,-0.6916401703009553,-3.616151645949876,801.4690936990495,742.1127890710252,0.9999735660442368,1.000090000876824,-0.0003923630564821,0.0005529237374995,96.59536063613108,21_SPOT_FS1,525.02,0.0
21055.803095833333,0.0424408962915093,-0.4304026023833162,-3.610331323412261,810.5054022977964,524.1793968089934,0.9999689006551185,1.00002639457595,-0.000388356341212,0.0005358783345111,104.95491186707838,21_SPOT_FS1,525.02,0.0
21056.2954,0.0425173979346267,-0.448345145156359,-3.6273749625227487,810.2940627428436,543.6738389098317,0.999971233541094,1.00008452829076,-0.000381684157126,0.000515511725427,100.93448491778692,21_SPOT_FS1,525.02,0.0
21056.784725,0.043146051468874,-0.4871627578314587,-3.612996296962014,807.7577822129026,583.6998387675154,0.9999720653547,1.00003986055022,-0.0003572942038725,0.0005205734065697,115.36184988523846,21_SPOT_FS1,525.02,0.0
21057.27458333333,0.0548097568728774,-0.5987996815221184,-3.622877760053393,803.3883403854342,663.8446321290699,0.999965329218674,1.0000791047675586,-0.0001471889832684,0.0003053471299712,122.28395794658503,21_SPOT_FS1,525.02,0.0
21057.764258333336,0.0550205570067374,-0.6411913964908823,-3.624778643260585,801.4718272275568,716.7070444367093,0.9999665612879376,1.0000974685191522,-0.0001468769714709,0.0003390488754649,124.9178095047863,21_SPOT_FS1,525.02,0.0
21058.2542,0.046999754077906,-0.7728886723586597,-3.6203499055836224,797.5290776160786,843.5749094128732,0.9999598499922472,1.0000903163721102,-0.0003033436516154,0.0004870157188612,135.5605570717186,21_SPOT_FS1,525.02,0.0
21058.744929166667,0.043843267483445,-0.7873361975987871,-3.6346892231115375,796.6440460505383,846.9612342066508,0.9999763357491612,1.0000506408375285,-0.0003458985798229,0.0005425494677036,140.59896614340786,21_SPOT_FS1,525.02,0.0
21059.23872083333,0.0478448332789149,-0.4133424067337852,-3.638593798660969,807.508625561491,506.25173760570544,0.9999460579499037,1.0000414872102958,-0.0002626702251176,0.0004555747152502,140.1925895360858,21_SPOT_FS1,525.02,0.0
21059.7298,0.0500494831185829,-0.493868041922281,-3.639246347209284,804.4531076689161,583.1401920026551,0.9999458076008658,1.0001079901244336,-0.0002238362792041,0.0003996532150516,127.95341188437868,21_SPOT_FS1,525.02,0.0
21060.21921666667,0.0496651211649037,-0.6271386610966094,-3.630576776240196,801.9092632732414,700.8096892896652,0.9999523053966372,1.0000469075531215,-0.0002390195789158,0.0004122919111438,135.51103363894913,21_SPOT_FS1,525.02,0.0
21060.70915833333,0.0438325538846379,-0.8215405020918127,-3.63073228919781,795.4669337613692,883.3493551360426,0.9999738467640092,1.0001001502880034,-0.0003696497454877,0.0005504012349897,123.72450973741596,21_SPOT_FS1,525.02,0.0
21061.2000625,0.0346812830748042,-1.1630296847602717,-3.6583709712007617,773.4408813898708,1189.5233968125292,0.9999697831629656,1.00003567905907,-0.0005360203412939,0.0006935146773324,127.03220770660003,21_SPOT_FS1,525.02,0.0
21061.69298333333,0.0303662016640126,-1.3877351495981038,-3.5760309889163744,834.869050207253,1399.9999418414943,0.9999382308715834,1.0000323758127971,-0.0005884904052123,0.0007536192214385,114.83162469008715,21_SPOT_FS1,525.02,0.0
21062.18765,0.0324016052495441,-0.1033290938529466,-3.542433253476955,896.6730237680109,234.9203715312728,0.999958900303834,1.0000850813449718,-0.0005536747988821,0.0007012080003235,112.11246559295635,21_SPOT_FS1,525.02,0.0
21062.681441666668,0.0341383972432005,-0.0671624683601899,-3.584824163167528,883.1190478863674,203.7709679804101,0.9999689920125552,1.0000789440462248,-0.0005131705466756,0.000689693968717,113.96264882351304,21_SPOT_FS1,525.02,0.0
21063.18793333333,0.0395311965925393,-0.4398890407339771,-3.635270907462032,813.1175721691191,526.9661699554939,0.9999408836048668,1.000088126102086,-0.0004249818419377,0.0005902916888886,127.05031270532714,21_SPOT_FS1,525.02,0.0
21063.6818125,0.0408892092920579,-0.5880587743789574,-3.6386246080238367,805.6173733069825,657.67842297808,0.9999749674690216,1.0000985061989789,-0.0004046282923788,0.0006166423098612,121.76146220017786,21_SPOT_FS1,525.02,0.0
21064.173941666668,0.0451692605022707,-0.5297793980200319,-3.625646607543328,805.8755284113182,598.6473248326486,0.9999668572432632,1.000101129284332,-0.0003219382234773,0.0005039836143873,113.02413454754272,21_SPOT_FS1,525.02,0.0
21064.66510833333,0.0445876865190033,-0.9771762381577088,-3.632796712868658,788.6775102572847,1019.24113436679,0.9999691399672742,1.000047497807967,-0.0003151505358404,0.0005084583805257,108.21514267433932,21_SPOT_FS1,525.02,0.0
21065.1546125,0.0467652148723088,-0.4859274395657492,-3.650417466139952,805.6491534982753,567.2210182228464,0.9999653744802044,1.0000937393692746,-0.000274052336883,0.0004780753081424,100.72157114418164,21_SPOT_FS1,525.02,0.0
21065.64665,0.0504514456806191,-0.556815522732475,-3.667461738273939,803.1725047217626,635.3346621152223,0.9999431852256572,1.0000970205173685,-0.0002269562186631,0.0004198873414404,93.90568569981464,21_SPOT_FS1,525.02,0.0
21066.136066666662,0.0521861057507023,-0.5996339185949786,-3.621916268149444,802.6975672211767,664.6684058641047,0.9999747259928314,1.0000872317139322,-0.0002051917266645,0.0003915942609143,95.49188932192467,21_SPOT_FS1,525.02,0.0
21066.6291625,0.0461534124265442,-0.2431632717862787,-3.6175757613445887,810.3158080230212,346.1312163682822,0.999961650796336,1.000030340555111,-0.0002975118341935,0.000499380359307,101.41269207965522,21_SPOT_FS1,525.02,0.0
21067.121729166665,0.038606093941397,-0.4768540326551714,-3.626268138571764,810.3839242678075,554.0911015262784,0.9999759510997064,1.0000846064516666,-0.0004222948708802,0.0006163905826875,99.91704891196264,21_SPOT_FS1,525.02,0.0
21067.613070833333,0.0371747715029888,-0.4303937921547782,-3.62991674537341,812.9714581485788,523.6539521316013,0.9999786426989672,1.0000872271777734,-0.0004406686858019,0.0006214931946656,98.4623385003381,21_SPOT_FS1,525.02,0.0
21068.10275,0.0358144706747887,-0.2923342368313658,-3.621468866245952,818.2971319058172,410.11986102967535,0.999953345076984,1.0000327994805407,-0.0005056092212545,0.0006548223189482,95.47168911538,21_SPOT_FS1,525.02,0.0
21068.592079166665,0.0331731068842743,-0.4536103026917922,-3.633404171980628,811.0735647656993,571.7976859246468,0.9999621043397738,1.0000813714633234,-0.0005684525109915,0.0006973060096618,96.20209794379886,21_SPOT_FS1,525.02,0.0
21069.082016666664,0.0464141964628918,-0.4324636081963065,-3.637431857459098,811.4983735952544,503.6666457157892,0.9999770726880935,1.0000769674458176,-0.0002990782195929,0.0004977138523881,102.5047664505372,21_SPOT_FS1,525.02,0.0
21069.57222083333,0.0442688919770568,-0.4701728903742412,-3.635130759993155,810.3753695944473,534.7792812195142,0.9999470616100594,1.0000935989621311,-0.0003336006046683,0.0005234342092241,104.49970771816722,21_SPOT_FS1,525.02,0.0
21070.0626,0.0413263363919464,-0.4722624633437744,-3.616868738032875,810.4154087542263,549.9429324593168,0.9999729594282492,1.0000875448957294,-0.0003750090366975,0.0005468421961508,105.8668633832703,21_SPOT_FS1,525.02,0.0
21070.552454166667,0.0451091190164173,-0.6873957193449416,-3.632163611634947,801.3833548274637,734.749601453995,0.9999743623959724,1.00008839826564,-0.0003025726536354,0.0004958666296736,98.637099711047,21_SPOT_FS1,525.02,0.0
21071.0459,0.0484280644761226,-0.737917861746991,-3.64504505709668,799.6752554156072,789.8214411502477,0.9999719796435054,1.000037659660223,-0.0002686574903654,0.0004570690431082,103.63991718388834,21_SPOT_FS1,525.02,0.0
21071.53645,0.0497855744428707,-0.9002631591310516,-3.626576573386434,794.4811688958787,935.9501662789128,0.9999804527245938,1.0000819112911108,-0.0002326274431266,0.0004400410599888,110.2773667963883,21_SPOT_FS1,525.02,0.0
21072.02569166667,0.0443586881122188,-0.6132713178344251,-3.6364488839940328,804.5532317291298,673.047989322446,0.999970467188641,1.0000959066742057,-0.0003376614829662,0.0005329868188609,123.47475089512297,21_SPOT_FS1,525.02,0.0
21072.51589583333,0.040715243039208,-0.6700798601204314,-3.6368454932263776,801.9312188706771,725.9320110383579,0.9999734234191032,1.0000812438590891,-0.0003893974895268,0.0005869484360918,124.82835918633262,21_SPOT_FS1,525.02,0.0
21073.0047,0.0414812154393495,-0.722297696071034,-3.636574051775303,799.6143559199048,778.0876731201279,0.999972381285904,1.0000881780754989,-0.0003801013527819,0.0005704507127942,114.08261445680486,21_SPOT_FS1,525.02,0.0
21073.495425,0.0388733858750119,-0.6397316175031476,-3.63723458363768,803.5916877014143,704.547631202048,0.9999719916610506,1.0000470152016372,-0.0004152678418526,0.000585511486181,122.91004751270572,21_SPOT_FS1,525.02,0.0
21073.985104166662,0.0408533578559471,-0.5660669732933125,-3.637478949915396,807.1415821574012,636.1985836950621,0.9999731951148272,1.00009213831169,-0.0003986455454363,0.00060536508425,123.96988821209136,21_SPOT_FS1,525.02,0.0
21074.474520833333,0.0358612497396906,-0.8421803781664704,-3.653704416848496,791.9332595253857,902.344836133872,0.9999518239186048,1.000046261686445,-0.0004925863265935,0.00065703119383,134.71435237779343,21_SPOT_FS1,525.02,0.0
21074.967,0.0375937640062497,-0.6713870421861742,-3.642500876644388,800.6951840774082,737.5946366994905,0.9999497733236852,1.0000859613159478,-0.000469015359876,0.000656051441637,130.50410944571348,21_SPOT_FS1,525.02,0.0
21075.456766666663,0.0380537895369177,-0.4297678826203778,-3.636727499744571,810.8738924011061,515.1934584633902,0.9999595730049238,1.0000399665940578,-0.0004354824217945,0.0006384922012651,137.5684294261156,21_SPOT_FS1,525.02,0.0
21075.946708333333,0.027112614086556,-0.6667447392355261,-3.6332509779936673,800.9306697927248,741.9904472205008,0.9999612887654562,1.0000866085766342,-0.0006444496906702,0.0008092339400846,131.24638804742975,21_SPOT_FS1,525.02,0.0
21076.4365625,0.0335278848064251,-1.1396493096555684,-3.6588275076557832,765.3027586872453,1160.6733072888596,0.9999632778907062,1.0000411433422425,-0.0005381065690196,0.0006827623350205,154.85070326320516,21_SPOT_FS1,525.02,0.0
21076.93053333333,0.0388252918158647,-1.030343091922082,-3.673030793310812,782.3861708975512,1059.0274451971304,0.9999596730616824,1.000026032969264,-0.0004465416724734,0.0006134100343173,152.67260246963258,21_SPOT_FS1,525.02,0.0
21077.420820833337,0.0367155286731247,-1.4064869905627315,-3.545977102069793,825.0385544473887,1391.312240444353,0.9999671664227636,1.000088436768709,-0.0005110195760206,0.0006513303878065,139.7525684197046,21_SPOT_FS1,525.02,0.0
21077.914266666667,0.040057076661285,-0.3826670716259646,-3.63529135559318,813.4012973134755,477.8047226173893,0.9999402554001452,1.0000940639867386,-0.0004088272405946,0.0005816513305009,128.90963291704742,21_SPOT_FS1,525.02,0.0
21078.40630833333,0.0381504232707147,-0.3927724916873319,-3.648497814862266,812.9253045845364,495.5280635598019,0.9999741222529022,1.0000822659737023,-0.0004388434151676,0.0005999997279991,132.36777632712395,21_SPOT_FS1,525.02,0.0
21078.89668333333,0.0485999938218867,-0.569361448281745,-3.633870375030659,805.6802473316295,633.6103292853041,0.9999699712393638,1.0000905624418024,-0.0002527192715302,0.0004408412671984,111.3181221750094,21_SPOT_FS1,525.02,0.0
21079.388375,0.0432951840391748,-0.92472734515583,-3.6437465919668326,788.4298984209976,947.235412032834,0.9999663585199862,1.0000364584489296,-0.0003633566008679,0.0005166300146175,107.44649291136216,21_SPOT_FS1,525.02,0.0
21079.879016666662,0.0450409926359175,-0.9245152770960798,-3.6528220739780335,790.8165070181316,975.2220036291604,0.9999694420788696,1.0000350227248147,-0.000301927100179,0.0005218137805864,100.59632843016624,21_SPOT_FS1,525.02,0.0
21080.36887083333,0.0470590796064156,-0.8698284932514155,-3.650270872840264,794.2688109902865,912.52061605296,0.9999668196455178,1.0000364350409268,-0.0003084289582857,0.0004987796307819,96.96025154776514,21_SPOT_FS1,525.02,0.0
21080.8582875,0.0495960269691026,-0.6554672223114256,-3.6423978114791415,801.5658817083861,718.6032619882523,0.999964792752407,1.0000776203609778,-0.0002271991429556,0.0004339897297046,98.67042830859177,21_SPOT_FS1,525.02,0.0
21081.34998333333,0.0475680569816761,-0.6919473372268014,-3.637238566184053,800.6936445658908,753.1677263672308,0.9999684624055944,1.0000874018011257,-0.000257082161437,0.0004698645211653,98.24916400882049,21_SPOT_FS1,525.02,0.0
21081.83974583333,0.0457482693607692,-0.8030870674856367,-3.644440006537503,796.6861407845864,855.9728661337821,0.9999746827133263,1.000039568442481,-0.0002919040961489,0.0004992045096196,99.06141364601724,21_SPOT_FS1,525.02,0.0
21082.3324875,0.0513393083254119,-0.491653766354636,-3.674721608243194,803.8641219018605,572.8387005173615,0.9999785974983582,1.000080117970324,-0.0002034747466301,0.0004065802195751,100.13071836861172,21_SPOT_FS1,525.02,0.0
21082.821729166662,0.0466888827328896,-0.5319778344866235,-3.640281100944464,806.0028470397748,617.9471992402566,0.9999819169750358,1.000091393372593,-0.0002935309774024,0.0005091795623398,104.30425703460732,21_SPOT_FS1,525.02,0.0
21083.31395,0.0416994357126786,-0.4133484197172247,-3.65845456289498,810.1439967366397,526.9817761426693,0.999974879067117,1.000097147148177,-0.0003933920669633,0.0005630420503047,102.58955730051812,21_SPOT_FS1,525.02,0.0
21083.8038875,0.0334937371251936,-0.1387999797995638,-3.583907524455825,877.4648290651043,269.29627551578795,0.999963266636408,1.000083245316193,-0.0005028864160943,0.0007076554819486,98.27141175436772,21_SPOT_FS1,525.02,0.0
21084.293916666666,0.0324941319573618,-0.5787810292147996,-3.6433653089642135,806.0591832075053,660.9199895966022,0.9999704765590244,1.0000858277086369,-0.0005354205794466,0.0007161297017059,94.4644151399947,21_SPOT_FS1,525.02,0.0
21084.78805833333,0.0398499846991279,-0.4410183089899046,-3.650627988230122,813.1068710667662,523.6642414367701,0.9999724134089956,1.000093951406262,-0.0004024249970588,0.000597767878479,100.68468146801143,21_SPOT_FS1,525.02,0.0
21085.2779125,0.0397761061752584,-0.9339730054751314,-3.638856395017824,788.0986784057726,974.5845782508708,0.9999709946035726,1.0000440350916824,-0.0004096858706693,0.0006337931237887,104.95700996778324,21_SPOT_FS1,525.02,0.0
21085.768729166663,0.0374694306949445,-0.6191229188205847,-3.647922211560328,802.9310594032436,704.9991845182825,0.9999608694201032,1.0000828378790567,-0.000457405477082,0.0006465803738679,99.17596391442908,21_SPOT_FS1,525.02,0.0
21086.2613,0.0337285443051562,-0.9794645940311784,-3.6699900766041016,784.4519225370202,1030.637079798017,0.9999734562388848,1.0000415814923664,-0.0005238441029956,0.0007236923141719,96.83395778058797,21_SPOT_FS1,525.02,0.0
21086.753516666668,0.042694347254894,-0.6482445339211289,-3.622482739007656,803.9635641727372,707.8163439541502,0.9999698000476746,1.000032091099564,-0.0003475214295113,0.0005240232079367,101.4953079106719,21_SPOT_FS1,525.02,0.0
21087.242841666663,0.0407744886120708,-0.6182767460087839,-3.636059221292983,805.7524321249595,681.6540813111344,0.9999701175972668,1.000031193820231,-0.0003801044631177,0.0005439483004221,100.99353350754144,21_SPOT_FS1,525.02,0.0
21087.73383333333,0.0445722282698036,-0.9160702509539462,-3.6380734089208575,789.9412425255646,957.7175419425909,0.9999647599165484,1.000033703370101,-0.0003400008402676,0.0004987740285635,97.72249564111662,21_SPOT_FS1,525.02,0.0
21088.225787500003,0.0440024770810349,-1.1923282087272518,-3.637277990805656,774.7998946162962,1196.0727375490158,0.9999650364131154,1.000085944955211,-0.0003737525494572,0.0005154148771388,104.36207794589136,21_SPOT_FS1,525.02,0.0
21088.71555416667,0.0423873890886647,-0.5639255818913534,-3.6535096230888224,807.9030035492406,640.8883033280508,0.999965926183085,1.0000351833092038,-0.000384351064551,0.0005277100773483,110.98063946415436,21_SPOT_FS1,525.02,0.0
21089.204970833336,0.0427896152035763,-0.3904637834321161,-3.620629981426439,814.016464956731,488.9074520155801,0.9999367659453386,1.0000363006155848,-0.0003631329503794,0.0005182804836958,104.00014093298483,21_SPOT_FS1,525.02,0.0
21089.69508333333,0.040677165599996,-0.3347011360044678,-3.637779999867676,822.0896461373234,428.5742392293107,0.9999309047107576,1.0000777321426184,-0.0004001758301903,0.0005676787037621,99.07514207061466,21_SPOT_FS1,525.02,0.0
21090.192291666663,0.0444759298377729,-0.4850157422816926,-3.641914697901078,810.9983654698035,567.1463924574548,0.9999753995731449,1.0000763829145378,-0.0003133472490605,0.0005290621953599,104.823454548426,21_SPOT_FS1,525.02,0.0
21091.174541666667,0.0427121480293104,-0.0551146207654312,-3.5901714455185068,887.823297074032,200.00005815858577,0.999996153439427,1.0000954227716654,-0.0003726971685535,0.0005878545744484,96.6025141559732,21_SPOT_FS1,525.02,0.0
21091.66465833333,0.0249162293907013,-0.0705037855854633,-3.528531620018636,880.2978503740973,200.0959925784436,0.9999905664939744,1.0000252413850663,-0.0006844125084376,0.0008788837348453,102.5638214883553,21_SPOT_FS1,525.02,0.0
21092.64716666667,0.0228660959654116,-1.378922527244686,-3.599033790116366,832.1820523987022,1399.999999999983,0.9999728188869662,1.000025359151815,-0.0006990587603671,0.0008850480657366,95.43741619708776,21_SPOT_FS1,525.02,0.0
21093.137808333333,0.0095486421687235,-1.4150551042184047,-3.463010977599178,934.3463149351518,1391.65385356703,0.9999466877608928,1.0000293320556188,-0.0009620688602315,0.0011306501708553,98.61085420434787,21_SPOT_FS1,525.02,0.0
21093.627308333336,0.0143976963420853,-1.394115779085256,-3.542208500731052,854.4743593721969,1399.905471537469,0.9999839714140548,1.0000326367507963,-0.0008812678324591,0.0010499827843136,102.96800506833216,21_SPOT_FS1,525.02,0.0
21094.1171625,0.0129403112735104,-1.0220778421795584,-3.6774887452311273,775.5427007341572,1079.0388240542209,0.9999594878938108,1.0000320974727377,-0.0008857118099525,0.0010499620027278,102.01478347801594,21_SPOT_FS1,525.02,0.0
21095.099058333333,0.024588793351336,-1.3809322878437402,-3.5813235241227,852.0952259104437,1394.3250963098076,0.9999629684810571,1.0000222664693454,-0.0006551572584733,0.0008490885797883,100.53550595103444,21_SPOT_FS1,525.02,0.0
21095.593816666667,0.0258012517470404,-1.384331715980365,-3.5725531989563883,842.5639344257585,1399.9999418415148,0.9999635870687504,1.000032198723475,-0.0006489871656797,0.0008447883423897,101.64336761874875,21_SPOT_FS1,525.02,0.0
21096.58035,0.0210223470810354,-1.4046493946569814,-3.5267830193381537,873.8948552003017,1394.2477771354602,0.9999286189931303,1.0000233425845613,-0.0007466117288306,0.0009325824938934,99.85396964727964,21_SPOT_FS1,525.02,0.0
21098.0542875,0.0217766283844874,-1.383927602555564,-3.5771421501296534,836.7336786511769,1399.9999142944514,0.9999397473859112,1.0000285100263335,-0.0007268951074429,0.000899086378334,98.08330121602918,21_SPOT_FS1,525.02,0.0
21098.546591666665,0.0263024519608915,-1.19236811921494,-3.682611471330541,767.1291018734782,1220.5653502363716,0.9999682545812968,1.0000408638595717,-0.0006568770274274,0.000839083648949,98.20462747017253,21_SPOT_FS1,525.02,0.0
21099.0375,0.0251725093779449,-0.926961121877039,-3.631327851407876,784.0097558093711,997.9583635762943,0.9999803820722384,1.0000840581591688,-0.0006745142240241,0.0008618674373364,101.89549599441108,21_SPOT_FS1,525.02,0.0
21099.531641666665,0.0238187781031267,-0.7031104145527378,-3.648844728392228,799.7063088788582,778.9528143962103,0.9999747283515872,1.0000933278090538,-0.0006943318986519,0.0008783512536528,102.2942921246734,21_SPOT_FS1,525.02,0.0
21100.02114583333,0.0214141114481492,-0.2014800170125804,-3.6119559824453833,827.9966989330327,336.33560252606395,0.9999553614053552,1.000029224623772,-0.0007356845966076,0.00090780296323,104.7822168563359,21_SPOT_FS1,525.02,0.0
21100.5138,0.024126740240544,-1.3790421236488288,-3.591516402875784,855.876367685348,1396.346448886159,0.9999340189088624,1.0000281997717069,-0.0006840523709558,0.0008565100577395,99.77515310865112,21_SPOT_FS1,525.02,0.0
21101.007941666667,0.0269241526595931,-1.403119887855562,-3.559455098885806,860.2197699023185,1397.4519223579694,0.9999381954284752,1.0000349447744168,-0.0006498962341395,0.0008172107230761,94.75826858120308,21_SPOT_FS1,525.02,0.0
21101.501475,0.0249835391994699,-1.4047855444632955,-3.544977238792504,845.8610183915212,1394.0333201090846,0.9999748824516924,1.0000897409553358,-0.0006889785662145,0.0008712448648998,96.50069107166026,21_SPOT_FS1,525.02,0.0
21101.995704166664,0.0290863064125137,-1.4123927854148677,-3.585850221426466,827.9661922680577,1399.9961076783347,0.9999716859474812,1.000035415695807,-0.0006123360793308,0.0007942757278745,95.92937396877208,21_SPOT_FS1,525.02,0.0
21102.9945,0.0400618693819846,-1.204762980446766,-3.676235743817808,770.9585639914004,1241.307573659216,0.9999693362136916,1.0000390108714126,-0.0004093513941135,0.0005955978203419,97.5566760866221,21_SPOT_FS1,525.02,0.0
21103.488029166667,0.0417697790148571,-1.225243627116496,-3.665744988442468,767.4908046174015,1269.178590474186,0.9999810714531544,1.000089154773221,-0.0003648890410917,0.0005795649902689,100.53779504491118,21_SPOT_FS1,525.02,0.0
21103.982870833333,0.0372389747380224,-1.4166387327197032,-3.590651475219528,835.3737649479637,1399.9688681674202,0.9999725428557572,1.0000331511130938,-0.0004842215989822,0.0006476946992432,99.93301432854284,21_SPOT_FS1,525.02,0.0
21104.474125,0.0371106898682251,-1.418812984731212,-3.4942537029789165,889.8371194865966,1399.2833897211042,0.9999648820042478,1.0000353600821854,-0.0004878250320076,0.0006377381492378,99.60778647420572,21_SPOT_FS1,525.02,0.0
21104.963716666665,0.0337938693692737,-1.2810300050149614,-3.591012278939971,822.7954555319635,1318.136842637765,0.9999662255506954,1.0000892501930565,-0.0005141111069745,0.0006822224797788,97.91798573622648,21_SPOT_FS1,525.02,0.0
21105.45445,0.0352254679442935,-1.2823173385017894,-3.682574279680182,766.7007333682159,1298.704862085072,0.9999633149874612,1.000036568303915,-0.0004848677657234,0.000662870779518,98.2865790857361,21_SPOT_FS1,525.02,0.0
21105.947016666665,0.0331654956142698,-0.9810809512788684,-3.646972520612964,782.8038294145687,1037.5885442533956,0.9999530068518612,1.0000798248022644,-0.0005358653128787,0.0006963717806234,95.91631873547564,21_SPOT_FS1,525.02,0.0
21106.43940833333,0.0375474998846556,-1.3872497409073898,-3.5897714296060177,833.7082203342823,1399.953269080403,0.9999474607501077,1.0000291688959424,-0.000462808296537,0.0006222875912598,102.01780982495052,21_SPOT_FS1,525.02,0.0
21106.929083333333,0.0430152343264339,-1.2896919100897717,-3.676976454064189,765.4325288316745,1302.0053485434803,0.9999666157701826,1.000033611260949,-0.0003599154878705,0.0005124664195859,94.70017687987966,21_SPOT_FS1,525.02,0.0
21107.4189375,0.0380491004134749,-1.3849159415395162,-3.580652606660321,850.1434882627584,1392.742770744636,0.9999436062526988,1.0000294222531616,-0.0004635397192416,0.00062153144535,97.79791914502609,21_SPOT_FS1,525.02,0.0
21107.90949166667,0.0344764376093613,-1.392227759195725,-3.560954715776566,814.7163400348408,1399.957150946357,0.9999747730736988,1.0000882900351862,-0.0004994931761104,0.0006702128675172,106.92139681296972,21_SPOT_FS1,525.02,0.0
21108.39917083333,0.0253975835609234,-1.379382602170429,-3.573878178794124,862.7753514580762,1399.2909995553923,0.9999653834539596,1.000032583965757,-0.0006528397700125,0.000839746966945,111.33429899655737,21_SPOT_FS1,525.02,0.0
21108.892175,0.0321936520435142,-1.387186842518609,-3.4351559415036435,933.6630903323731,1389.643638546838,0.9999732823212624,1.0000805016085337,-0.000557730596368,0.0007265223863464,99.7772344918343,21_SPOT_FS1,525.02,0.0
21109.383254166667,0.0241234207415196,-1.3760153721543642,-3.501852770492802,896.3517697141499,1390.5902757834242,0.99997363066494,1.0000798396037955,-0.0007049180940523,0.0008702306999654,101.89165939002042,21_SPOT_FS1,525.02,0.0
21109.883875,0.0196518004930777,-1.184761159171846,-3.6121492569879954,815.156449004398,1217.349882983501,0.999960974578446,1.0000376235891408,-0.0007585263948885,0.0009365130157782,106.93351758654433,21_SPOT_FS1,525.02,0.0
21110.37434166667,0.0239441935294447,-0.2625460231767061,-3.656408190069969,827.532203567979,388.7845143967608,0.9999665031757284,1.0000827996685755,-0.0006807796408689,0.000871885478373,104.17244887134946,21_SPOT_FS1,525.02,0.0
21110.8677,0.0251206501973013,-0.1972964662991955,-3.656649077942867,830.874518695654,346.2787258738949,0.999963032091072,1.0000853828901377,-0.0006809303782215,0.0008571980655244,107.08150126720732,21_SPOT_FS1,525.02,0.0
21111.361491666667,0.0323693729806786,-0.1987330043951466,-3.674406369816992,826.3707469203931,325.5802117412714,0.999965671208957,1.0000822525203363,-0.0005518347962908,0.0007153515096588,112.87481695466693,21_SPOT_FS1,525.02,0.0
21111.85108333333,0.0325366270224915,-0.1749468463295485,-3.6467387601062673,823.9246342051965,313.1982618412718,0.9999626587326588,1.0000302110871937,-0.0005383021239211,0.0007355607857978,104.34421011387424,21_SPOT_FS1,525.02,0.0
21112.3411125,0.0369904916284473,-0.2170884882377517,-3.661582340977252,819.9648902043061,359.8387055555165,0.999972060869846,1.0000894127661817,-0.0004869136998128,0.0006348997287176,95.54942366710748,21_SPOT_FS1,525.02,0.0
21112.830875,0.0249597384162142,-0.6057796876590231,-3.655032986584063,805.2921420464776,708.3216801908651,0.999962777911087,1.0000437134227371,-0.0006661262396784,0.0008578556560053,99.71935754177724,21_SPOT_FS1,525.02,0.0
21113.321783333333,0.0237299373632877,-1.377842540877302,-3.6037952352449296,845.3591608146885,1399.9966286623671,0.999946136452101,1.0000320720687943,-0.0006819792222604,0.0008737106838242,95.70034917928636,21_SPOT_FS1,525.02,0.0
21113.81155,0.0226398984670649,-1.402255532454105,-3.5710300300875497,861.0530257623078,1399.975969323535,0.9999475984515094,1.0000333569469604,-0.0007063170899138,0.0008882402387717,96.59948644504212,21_SPOT_FS1,525.02,0.0
21114.301575,0.0211253122560363,-1.39109272990937,-3.61453304499446,843.7578119866421,1399.994317868813,0.9999510964745224,1.0000213188504807,-0.0007338590618119,0.0008906265575261,105.78747934433144,21_SPOT_FS1,525.02,0.0
21114.791254166663,0.0173290526618344,-0.1677806714004249,-3.6532836657241448,836.069456499644,336.1296403988339,1.0000156188805225,1.0000839504896848,-0.0008034893126143,0.0009790139494514,103.804618899488,21_SPOT_FS1,525.02,0.0
21115.285225,0.0131335788071517,-1.401651805775883,-3.525643527599578,885.5423679180493,1396.5864316569316,0.999969127927553,1.0000286560027305,-0.0008854624176059,0.0010575395145468,110.08377053202344,21_SPOT_FS1,525.02,0.0
21115.776041666668,0.0268626577782147,-1.4010164892616357,-3.5800202432857366,867.4970802010898,1397.278077420907,0.9999497249576008,1.0000285880528932,-0.0006501193681667,0.0008134987325375,117.6093153312667,21_SPOT_FS1,525.02,0.0
21116.26720833333,0.0251160521373296,-1.2005562857557883,-3.687582459266308,768.4152358290537,1239.4572211669526,0.9999628846423184,1.0000293292115792,-0.0006732004258018,0.0008414606891717,118.05944333473846,21_SPOT_FS1,525.02,0.0
21116.76135,0.0303244770333493,-0.9378103302502931,-3.688693685512083,784.5707549840987,1005.058794983478,0.9999760924095752,1.0000368500126773,-0.0005586550952917,0.0007384492571036,107.00229266003213,21_SPOT_FS1,525.02,0.0
21117.257158333337,0.0328287183322466,-0.4693896235016764,-3.671540019352885,813.74834985944,565.364725534708,0.9999475414100212,1.0000847630223548,-0.0005571680806346,0.000695551506156,106.71390963968044,21_SPOT_FS1,525.02,0.0
21117.747625000004,0.0356654278949728,-0.1803543045635264,-3.681949181964142,823.879887938399,319.0284639153603,0.9999489325004328,1.0000846191233703,-0.0005128165087746,0.0006475906722369,106.57100812865586,21_SPOT_FS1,525.02,0.0
21118.240541666662,0.0339599104072908,-0.6454736099836001,-3.6703160161123054,802.3237383927212,733.812032503784,0.9999599476969752,1.000043842871652,-0.0005223525008994,0.0006525123810919,108.92169894075816,21_SPOT_FS1,525.02,0.0
21118.729783333336,0.0347529387663289,-0.9377187283714143,-3.6913855820915273,785.360920409951,1013.6490576361588,0.9999739958958346,1.0000855868652956,-0.000527405267611,0.0006669564875783,107.65180698728608,21_SPOT_FS1,525.02,0.0
21119.220508333336,0.0323550176547768,-0.7687708207199108,-3.66196782580661,795.6688814374766,848.8992401166871,0.9999744608803528,1.00002901690673,-0.0005587934052568,0.0007052047371401,109.0486370727802,21_SPOT_FS1,525.02,0.0
21119.713516666667,0.0395741999419709,-1.1982984242551524,-3.707458146035974,770.6283637298669,1221.7808154569414,0.99998531925847,1.000035784371141,-0.0004349884226141,0.0005709054984345,113.42014536586706,21_SPOT_FS1,525.02,0.0
21120.20485833333,0.0372313322977063,-1.015915964488003,-3.659239515749672,782.3500369707014,1052.5334845800337,0.9999733515060454,1.000041353801122,-0.0004692018522422,0.0006224122830907,110.98632366735583,21_SPOT_FS1,525.02,0.0
21120.697075000004,0.0398974819943281,-1.0105368645221586,-3.665841183279943,783.8873357176882,1059.0680440820554,0.9999823951456406,1.0000446187330232,-0.0004350377592461,0.0005942070032699,115.43196249391018,21_SPOT_FS1,525.02,0.0
21121.19008333333,0.0483315640984623,-1.0385697119066373,-3.6577626033238313,788.5007179052907,1091.4168340669264,0.9999660065114192,1.0000907343136696,-0.0002776466047158,0.0004466948291535,124.21300013458864,21_SPOT_FS1,525.02,0.0
21121.683,0.0454322172373365,-1.27272414567534,-3.704125704056145,773.9315258068029,1307.876206912321,0.9999683654968032,1.0000232095460582,-0.0003436780856082,0.0004633906202906,130.03963375339612,21_SPOT_FS1,525.02,0.0
21122.17871666667,0.0341954162586345,-0.8738291561807717,-3.672789319301993,790.8761815660815,939.3754057633962,0.999972925815731,1.0000252325583725,-0.0005464361417444,0.0006550541695381,121.5074417578965,21_SPOT_FS1,525.02,0.0
21122.668308333337,0.0354585483253255,-0.4438245529428969,-3.672685571364372,813.0668904087113,553.5289670777489,0.9999699466058272,1.0000871781713634,-0.0005055006054272,0.0006679136441415,102.54770640926218,21_SPOT_FS1,525.02,0.0
21123.1585125,0.0362982394493414,-0.1890940756956691,-3.669196139029634,823.0438089405477,305.61772049252323,0.9999736481928736,1.0000775090588905,-0.0004794809697239,0.0006499997965357,97.86653980231186,21_SPOT_FS1,525.02,0.0
21123.64985,0.0399275046169704,-0.2202322896674311,-3.650992040814759,818.3162194391863,340.1525816394236,0.9999756902452864,1.0000895659528972,-0.0004322269442539,0.0005957895950272,99.5866229503991,21_SPOT_FS1,525.02,0.0
21124.139708333336,0.041987766369202,-0.0685686732736127,-3.5910366235689715,859.7783691754107,200.00000020847355,0.9999571940112364,1.0000248818852318,-0.0003682247731017,0.0005785792437072,97.6858946165012,21_SPOT_FS1,525.02,0.0
21124.63315,0.0474958262325715,-0.1829486912297436,-3.664653647170171,813.2489512219613,303.1068145516674,0.9999824867889064,1.000031320323875,-0.0002584870452896,0.0004605853198621,100.1180177889366,21_SPOT_FS1,525.02,0.0
21125.123266666666,0.0301699140745155,-0.6723646456258012,-3.652253280730278,800.1656137893405,761.1984501025388,0.9999790558416788,1.0000902062666426,-0.0006070686637053,0.0007618620708386,105.34165737635008,21_SPOT_FS1,525.02,0.0
21125.618725,0.0274616617543696,-1.36810870119274,-3.557763585447,857.6118601845119,1384.4959266940457,0.9999403698806087,1.0000527709748823,-0.0006264002287105,0.0007966924961185,110.66165287753708,21_SPOT_FS1,525.02,0.0
21126.111116666663,0.0310594887417065,-1.270113751765768,-3.728069739196541,759.8111827872034,1290.5087118348988,0.9999656666372688,1.000032921814251,-0.000562033963362,0.0007421222898176,112.5782476652126,21_SPOT_FS1,525.02,0.0
21126.60070833333,0.0268833789254118,-1.3900190841253182,-3.6102709790975616,858.6152775505915,1394.7965080996892,0.9999454551068218,1.000025154330831,-0.0006496796937718,0.0008216074528385,111.44418038923664,21_SPOT_FS1,525.02,0.0
21127.09065,0.0280768846342363,-1.3904189030942262,-3.6026620350639256,854.7442472902495,1399.84359281112,0.9999710350144256,1.0000284724532595,-0.0006133606315525,0.000786029302034,107.1832260888424,21_SPOT_FS1,525.02,0.0
21127.582866666664,0.028985858951899,-1.363625266702024,-3.502049762289356,915.3900630300936,1398.8318630659353,1.000002122317987,1.000026296818704,-0.0005999817104727,0.0007533057719163,117.63841798389734,21_SPOT_FS1,525.02,0.0
21128.072891666667,0.0345100299714148,-1.2355896313731882,-3.671889655221388,766.8547511815127,1254.760304601544,0.9999666239414606,1.0000345211552315,-0.0004924221345579,0.0006697978741291,106.84101671803788,21_SPOT_FS1,525.02,0.0
21128.56633333333,0.0343859316856694,-1.2204418602885312,-3.7073703781302014,765.4580145099093,1254.9968974446308,0.9999621065839104,1.00002783825826,-0.0004860950828387,0.0006539639860069,107.77044668534668,21_SPOT_FS1,525.02,0.0
21129.056191666667,0.0302191525866152,-1.2044709391220518,-3.69593525730624,765.4101011301445,1246.3685686446452,0.9999673985368244,1.000034126090914,-0.0005680157692888,0.0007460551126278,108.9636869463344,21_SPOT_FS1,525.02,0.0
21129.545341666668,0.0334877844422415,-1.1687041938427607,-3.686558433480151,770.5501560412237,1200.645116105033,0.9999681929286112,1.0000283003594486,-0.000501007228884,0.0006873307027405,104.13439264038132,21_SPOT_FS1,525.02,0.0
21130.03545833333,0.0357140425443751,-1.017938366875612,-3.672093863865224,779.3667443662558,1079.660139433003,0.999973650352654,1.0000828857428032,-0.000484962960942,0.0006390236878116,106.94581439479724,21_SPOT_FS1,525.02,0.0
21130.525925,0.0401944026941836,-1.178805355926916,-3.641166429265404,771.2333924872089,1210.4400337472878,0.9999648701802268,1.0000893030533424,-0.0004097933082408,0.0005503009885526,109.63593475727797,21_SPOT_FS1,525.02,0.0
21131.015866666665,0.0435802112486388,-1.2141120366525513,-3.642777234263372,771.5969930394483,1246.6162987870755,0.9999580068432394,1.0000835117044025,-0.0003581974173198,0.000534890997507,108.4455444444928,21_SPOT_FS1,525.02,0.0
21131.50895833333,0.0365637745059743,-1.3038083875029485,-3.70949258208993,757.6564946793327,1319.7702997282654,0.9999666221767072,1.0000332941456165,-0.0004729993372247,0.0006441435908199,111.16793672581151,21_SPOT_FS1,525.02,0.0
21132.006429166668,0.0300621136847652,-1.3561192368286012,-3.5960547951571824,850.2424250212717,1369.5501630515696,0.9999254903390068,1.0000195503871296,-0.0005688923712723,0.0007494217331134,112.43304610598015,21_SPOT_FS1,525.02,0.0
21132.49654583333,0.0252484368896668,-1.3831169571823243,-3.5711711301808835,849.8427049725137,1399.9999418414145,0.999955042084846,1.0000248570821837,-0.0006618821491908,0.0008467689760242,102.48848493035888,21_SPOT_FS1,525.02,0.0
21132.9864,0.0365058367335054,-1.3888041022718511,-3.769955775336491,713.6182419143729,1397.3791381634255,0.9999696027930374,1.0000261481393835,-0.0004820398006587,0.0006461340133519,105.40409435670826,21_SPOT_FS1,525.02,0.0
21133.47625,0.0357557485335133,-1.3789428975099645,-3.589307279882415,845.9238481395118,1391.6484853417978,0.999944938952142,1.000027936963332,-0.0004838625540452,0.0006648560957976,119.46499750458436,21_SPOT_FS1,525.02,0.0
21133.96768333333,0.0338380746833366,-1.359631543790388,-3.686259123404493,768.5354175321377,1367.1005274441986,0.9999573168117988,1.0000455496041738,-0.0005401760209729,0.0006757419709314,126.10284416238078,21_SPOT_FS1,525.02,0.0
21134.458675,0.0255708080040951,-1.3522313603321037,-3.585998527414347,826.1844263530577,1370.0133532485097,0.9999775831194412,1.0000905066911032,-0.0006630464161912,0.0008230610910688,127.24544180239928,21_SPOT_FS1,525.02,0.0
21134.95167916667,0.030111125758118,-1.368581113680139,-3.493373795231153,923.8617145036748,1399.9995820008735,0.9999834943574248,1.0000282932873188,-0.0005722006785059,0.0007404562201424,128.547774981357,21_SPOT_FS1,525.02,0.0
21135.441358333337,0.0320584906277989,-1.1556998985934712,-3.656546039416868,773.2116232140929,1197.6877313588575,0.999975737648135,1.0000869057282251,-0.0005620479434861,0.0007169948648149,128.93144563498916,21_SPOT_FS1,525.02,0.0
21135.933575000003,0.0315688087619913,-1.0671670489118623,-3.627635381559364,777.2299236346166,1131.5110156681412,0.9999721803729384,1.0000938843226583,-0.0005671645785637,0.000722632101737,128.01370808618228,21_SPOT_FS1,525.02,0.0
21136.42325,0.0338129091088177,-0.868069595992275,-3.6746698994403824,792.3513821961362,949.090602776324,0.9999792436728452,1.0000485042830107,-0.0005167981819096,0.000681006430835,129.01852751733017,21_SPOT_FS1,525.02,0.0
21136.913191666667,0.0296911120922934,-1.1148827194668598,-3.680752150998223,774.9242298089374,1160.590479471187,0.9999601754522658,1.0000395834652576,-0.0006105144705607,0.0007630874873356,121.67365392352384,21_SPOT_FS1,525.02,0.0
21137.406725,0.0312088875759709,-1.0959615665677138,-3.67887738890936,777.2772286581147,1147.4899273260062,0.999956653758037,1.000037092628091,-0.0005618590007518,0.0007411170350909,124.20753321948465,21_SPOT_FS1,525.02,0.0
21137.8964,0.0348266375749413,-0.9572347175340944,-3.687923406470105,787.6175819428198,1021.505029386998,0.999974677230232,1.000030656996655,-0.0004913955568537,0.0006460786960565,124.00882659952786,21_SPOT_FS1,525.02,0.0
21138.38914583333,0.0432357455102463,-1.2724090963874104,-3.6749320751728,783.0855989463133,1295.4658705348415,0.9999736292505392,1.0000289129444138,-0.0003323395141551,0.000534326495083,121.97472364909616,21_SPOT_FS1,525.02,0.0
21138.88285,0.0504162224366338,-1.051278765828013,-3.673623184345157,790.1524064651177,1105.741643931834,0.9999489699729582,1.0000378250563815,-0.0002333475569611,0.0004100057125968,124.53466782469624,21_SPOT_FS1,525.02,0.0
21139.376466666665,0.0486444948486083,-1.1732124886743909,-3.680294760478315,786.825531674514,1219.7615092507767,0.9999467610579216,1.000037569336982,-0.0002618605448437,0.0004594499201062,127.5389468874451,21_SPOT_FS1,525.02,0.0
21139.868775,0.0444307573737183,-1.3797110660200766,-3.557274940330743,849.7820215767947,1397.5106696209716,0.9999402489246262,1.0000865293673455,-0.0003148003584916,0.0005369360523207,120.05048074842075,21_SPOT_FS1,525.02,0.0
21140.361341666667,0.0422000489789982,-1.387570264600368,-3.5508888837961385,849.6511296002922,1397.689093843211,0.999963634715846,1.0000833579888322,-0.0003745030067181,0.0005674744391949,126.47361852201789,21_SPOT_FS1,525.02,0.0
21140.85189583333,0.044666297521351,-1.3595500299443373,-3.603483973957197,856.7776079228513,1399.9999989627695,0.9999823095092092,1.0000251385427412,-0.0002915282309014,0.0005134197840294,126.42601940204683,21_SPOT_FS1,525.02,0.0
21141.345166666662,0.041513613071258,-1.365497200774486,-3.508278047583964,867.9442250476183,1399.9999895304286,0.9999926663189984,1.0000994575049031,-0.0003666823514675,0.0005795518705889,131.45626112730173,21_SPOT_FS1,525.02,0.0
21141.838691666664,0.0445844763449817,-1.370157394005354,-3.592909399157533,856.0398219493386,1394.820854196745,0.9999822969597713,1.0000216768841084,-0.0003172606002935,0.000522598714929,142.09177539899542,21_SPOT_FS1,525.02,0.0
21142.328458333333,0.0494996970026663,-1.25821386587609,-3.673854599198005,780.9667820573034,1289.7180921010822,0.9999725632893616,1.0000929160528391,-0.0002450321533905,0.0004427091441433,130.10250940061502,21_SPOT_FS1,525.02,0.0
21142.818575,0.0427200089510758,-1.3742049276047528,-3.61817552587242,802.2033568304182,1399.999997422721,0.9999492805780066,1.0000952025383338,-0.0003405350327668,0.0005660587889472,112.30733048697944,21_SPOT_FS1,525.02,0.0
21143.312191666664,0.0379035111868112,-1.361772436289953,-3.606546013684593,844.6041992666044,1380.5634384582668,0.9999585278859708,1.0000406541375386,-0.0004526050730477,0.0006154741391452,113.92670215523408,21_SPOT_FS1,525.02,0.0
21143.80178333333,0.0463612945604717,-1.382265535894207,-3.649825557924024,778.0332532675505,1399.999999942116,0.9999531727549842,1.000059613823951,-0.0002824851303946,0.000485239344259,105.1321241007496,21_SPOT_FS1,525.02,0.0
21144.292866666667,0.0344391774228583,-1.376699859750271,-3.61483670540957,844.6650807251992,1389.2022423461476,0.9999862681493938,1.000029238284972,-0.0005192101656667,0.0006679446268951,116.05774696921146,21_SPOT_FS1,525.02,0.0
21144.795937500003,0.0409514580933575,-1.1359101256496331,-3.6627186842916495,773.5131081475917,1169.934807560203,0.9999817797871324,1.0000815123271445,-0.0004108767533075,0.0005616463751745,105.04557332902031,21_SPOT_FS1,525.02,0.0
21145.2857,0.0399221849492245,-0.6823448110656727,-3.653956596326369,800.43283863625,757.9014993504157,0.9999761448496648,1.0000435277727269,-0.0004240248365836,0.0005857908908038,105.45406410698789,21_SPOT_FS1,525.02,0.0
21145.775383333337,0.0411213657655325,-0.3194350726654348,-3.6688370545102735,814.6200235977254,435.9028737002388,0.9999512903986308,1.0000425539845812,-0.0003874776233821,0.0005446871204294,101.00760320464596,21_SPOT_FS1,525.02,0.0
21146.2664625,0.0395955036605478,-0.4847589619664907,-3.6590345580120633,808.1402382276493,594.381176732349,0.9999626188963155,1.000040017020486,-0.0004040115148837,0.0005684349117529,101.7681921600927,21_SPOT_FS1,525.02,0.0
21146.756316666662,0.0335573087605858,-0.11290407009033,-3.665884353649557,822.3391257249583,254.96815035057725,0.9999821806344268,1.000029282806576,-0.0005114124954393,0.0006994826496474,100.09791752023622,21_SPOT_FS1,525.02,0.0
21147.24608333333,0.0213220186920136,-0.9589397924549496,-3.655645601445322,779.1338494362128,1021.4193855648928,0.99996425472412,1.0000838440916509,-0.0007268811399934,0.0009109088070474,100.46808746633172,21_SPOT_FS1,525.02,0.0
21147.7432,0.0087557778429058,-1.37425375657023,-3.6144272232308334,845.5211340219018,1399.999999933155,0.9999721417721285,1.0000208395467236,-0.000945473588213,0.0011389978842795,105.47172491363452,21_SPOT_FS1,525.02,0.0
21148.232616666668,0.0028154154719095,-0.4909598181549361,-3.49558850387057,955.6946502384196,595.640864804718,0.9999768708258828,1.000044684681969,-0.0010551620101958,0.001218653301252,105.2572069713604,21_SPOT_FS1,525.02,0.0
21148.722383333337,0.0126878311833674,-1.4062951889419246,-3.554045280827177,867.8815901450569,1399.9153766051554,0.9999529530179508,1.0000352752882768,-0.0008780901457264,0.0010783019553569,99.36255461229833,21_SPOT_FS1,525.02,0.0
21149.21215,0.023965982390887,-1.3723919688458246,-3.5376157281323053,863.9536481344468,1399.9268653473634,0.9999670629107478,1.0000787894374663,-0.0006840862726825,0.0008688351867121,99.82851063099685,21_SPOT_FS1,525.02,0.0
21149.704891666668,0.0158188496334227,-0.5139103105271535,-3.687720306328736,811.9397922953532,607.3130466989589,0.9999603317192236,1.0000907259798182,-0.0008239276310937,0.0010095262206534,99.20217037442468,21_SPOT_FS1,525.02,0.0
21150.196845833336,0.0334114000349407,-0.0693494935361354,-3.614189105166161,871.2363207639444,200.0025051522763,0.9999641432883888,1.0000293662338346,-0.0005115015023807,0.0007045426259046,100.08023317100572,21_SPOT_FS1,525.02,0.0
21150.6867,0.0377601969380585,-0.0838050768455149,-3.617152339629478,859.2583109420094,214.53457676035137,0.9999564469515776,1.0000316434823275,-0.0004442016646423,0.0006125209091497,99.9530865339475,21_SPOT_FS1,525.02,0.0
21151.176466666668,0.0370165916795092,-0.0972120095256532,-3.591455866391806,866.1351904602374,202.85618610766576,0.9999679607168356,1.0000256232740388,-0.0004786119489064,0.0006205249121979,99.81681291695148,21_SPOT_FS1,525.02,0.0
21151.66614166667,0.0488734726799446,-0.0703691184769263,-3.6193482421464194,884.442924002803,200.40503494452,0.9999771849631212,1.00008816439718,-0.0002276120057362,0.0004232086279067,99.38187103238003,21_SPOT_FS1,525.02,0.0
21152.1581,0.028803297567712,-0.6512403934441597,-3.672645882057814,798.799035651922,751.962598143315,0.9999763280634416,1.000088132912336,-0.0006137895363775,0.0007728482800396,110.08327411904054,21_SPOT_FS1,525.02,0.0
21152.64979166667,0.0378219893015092,-0.526637559976621,-3.682886970009662,804.8495504192866,627.7962611757531,0.9999434694858056,1.000096141737253,-0.0004405989652469,0.000613585130327,122.0260508050266,21_SPOT_FS1,525.02,0.0
21153.14305833333,0.0374704083386914,-1.2667598719209192,-3.687753719104984,760.1737773932985,1279.349661480133,0.9999696788615322,1.0000948799170652,-0.0004636055930733,0.0006383239261848,134.18216603565693,21_SPOT_FS1,525.02,0.0
21153.6351875,0.0364982423920034,-0.9941057738363336,-3.684721702195334,776.830041764561,1048.9163190708568,0.9999545956558072,1.0000859750171511,-0.0004669568973798,0.0006379863243475,124.52500221552556,21_SPOT_FS1,525.02,0.0
21154.12670416667,0.03465084099947,-1.387249462607166,-3.5693292413834823,864.4561586249489,1399.9955843092366,0.9999621170015766,1.0000331399294742,-0.000488858244084,0.000657091586258,117.54579591561746,21_SPOT_FS1,525.02,0.0
21155.1083375,0.0419440744564797,-0.7371347882402243,-3.6577376598403233,797.2946047210604,826.6811048816948,0.9999720199064848,1.0001002840796978,-0.0003891135789463,0.0005478749782006,121.4454437879769,21_SPOT_FS1,525.02,0.0
21155.597666666665,0.039059523636032,-0.1210697181388232,-3.6401759195634207,857.727161240687,250.72648029986033,0.9999650208393704,1.0000834244837122,-0.0004125295456245,0.0006294602897187,116.17710158532508,21_SPOT_FS1,525.02,0.0
21156.087341666665,0.0465774280489997,-0.4364313037737503,-3.673135305706503,810.972930238326,534.2768572564377,0.999936049532012,1.0000884416953548,-0.0002869882573862,0.0004762187638531,120.54899504206354,21_SPOT_FS1,525.02,0.0
21181.622325,0.0500650194237652,0.0267876105534739,-3.6160620404378574,875.1201601224284,202.05299056442945,1.0002253885499344,1.0001274873784605,-0.0003001612209159,0.0004908668366,474.3503274511181,21_SPOT_FS1,525.02,0.0
21182.11165,0.0483773324671613,-0.2020685084245687,-3.663589446593389,827.3605191422018,341.68289971960576,1.0001859510328004,1.0000922261130818,-0.0003224801106972,0.0004925445163576,473.7338345673291,21_SPOT_FS1,525.02,0.0
21183.583925,0.0474896849107655,-0.7796786067571921,-3.589326519411531,804.5410455558477,842.2809346404799,1.000165663232948,1.0000847733036564,-0.0003417255925249,0.0004964975483411,473.3411864768343,21_SPOT_FS1,525.02,0.0
21184.079995833337,0.0466119739689698,-0.7085539888313086,-3.62385878784078,806.6411083013154,798.5534053182113,1.0001855952881598,1.0001358684626798,-0.0003661078992335,0.00053456799333,472.315745877712,21_SPOT_FS1,525.02,0.0
21184.56993333333,0.0481097916542829,-0.7119160641837236,-3.6333484542092553,808.4982409270486,796.4993045391393,1.0001919214716983,1.0001782405381636,-0.0003287635577253,0.000509162228056,471.1641635381749,21_SPOT_FS1,525.02,0.0
21185.059875,0.0448152704345969,-0.1617929382329009,-3.65848158293886,826.2883487738922,341.653029428087,1.000254893865289,1.0001853426189136,-0.0003874033583736,0.0005714416968408,471.4220689226644,21_SPOT_FS1,525.02,0.0
21185.55323333333,0.0471956272927204,-0.6120989321911792,-3.6174066411503625,814.6296129724807,747.0785185850934,1.0002814800454032,1.000145789805651,-0.0004004577397722,0.0005116776673673,471.9465485881374,21_SPOT_FS1,525.02,0.0
21186.04325833333,0.0469610927191318,-0.9435990071163616,-3.613787115488889,794.8686558985872,988.3397317686296,1.00018032990136,1.0001495403214986,-0.0003666989030197,0.0004859993019499,471.6283626411052,21_SPOT_FS1,525.02,0.0
21186.5332,0.0489563915436578,-1.0448402233811689,-3.5911015538902613,791.8286827143542,1077.4537440405163,1.0001765676496166,1.0001615476417614,-0.0003478628070976,0.000459500442026,471.0443096604514,21_SPOT_FS1,525.02,0.0
21187.026995833337,0.0476357740820617,-0.7937799899090134,-3.608961491921033,805.1677684506255,862.1155563074009,1.0001985586877251,1.0001310609143128,-0.0003385779751355,0.0004768597664915,468.9894943885584,21_SPOT_FS1,525.02,0.0
21187.519825,0.0471629011220484,-0.8409688119396067,-3.560849742217333,802.9748650192681,915.6706082262756,1.0002177414041058,1.0001334762969356,-0.0003751817548141,0.0004845765058173,468.6095989622088,21_SPOT_FS1,525.02,0.0
21188.014841666667,0.0490536699309517,-0.7631326079796706,-3.6199657351019647,805.2546415338329,845.6573896585289,1.000176692922923,1.0001511147640176,-0.000355130717651,0.0004621078952378,470.13068961374273,21_SPOT_FS1,525.02,0.0
21188.504875,0.0508196177067014,-0.7641912987993097,-3.6404198551598426,803.636331374306,844.1757519057054,1.0001653033721487,1.000157023675314,-0.0003132901968729,0.0004142187239804,471.6377328920549,21_SPOT_FS1,525.02,0.0
21188.99534166667,0.0544203774000322,-0.8111773227393828,-3.626300779621661,803.7411444324165,901.2300744144528,1.0001944445479811,1.0001515091216353,-0.000273735693567,0.0003755220816718,472.0548804564024,21_SPOT_FS1,525.02,0.0
21189.487816666668,0.0921921091071229,-0.6679121859894884,-3.686909225493837,798.1633140967299,780.5452289335284,1.0002154923743842,1.0001537254002788,0.0003478450561473,-0.0002601730292595,471.6567792404518,21_SPOT_FS1,525.02,0.0
21189.97723333333,0.0501268744272698,-0.578255333649546,-3.618981776734805,813.2326545721431,677.8860346317052,1.000189445766613,1.0001344146606437,-0.0003187507884536,0.0004416977046082,471.5630292142248,21_SPOT_FS1,525.02,0.0
21190.46665,0.052513422882638,-0.7600442286280884,-3.632699518470862,806.6536086967394,845.1334586525052,1.000204162883044,1.000148527425197,-0.0002948936810715,0.0004133625947598,471.9324281614833,21_SPOT_FS1,525.02,0.0
21190.956679166666,0.052192535307142,-0.7996022916285519,-3.60886387119356,803.95129282383,868.188078617134,1.000165089492448,1.0001454945733628,-0.0002848937948853,0.000418514252582,471.9934632540069,21_SPOT_FS1,525.02,0.0
21191.45065,0.0504305485325368,-0.512514376731479,-3.643119695405898,815.4609433399623,647.3173352372507,1.000195093254061,1.0001367676947923,-0.0003214391478279,0.0004547037963348,469.9491027564581,21_SPOT_FS1,525.02,0.0
21191.939975,0.0454593408658526,-0.0135951658285954,-3.6533429501973465,826.1663592819406,220.5852432829313,1.0001896005452655,1.000070287844946,-0.0004251180525114,0.0005804766511074,472.1931497179533,21_SPOT_FS1,525.02,0.0
21192.430966666667,0.0449846291147871,-0.1752138351064324,-3.691945905650664,828.186950131525,345.45113497529275,1.0001376878556714,1.0001656291993803,-0.0003917456511162,0.000584301888,470.3896542804586,21_SPOT_FS1,525.02,0.0
21192.921958333336,0.0489409340926166,-0.351125048515685,-3.655321493384935,822.2890388257068,513.5206713335626,1.000167952627407,1.0001292605874397,-0.0003700566579987,0.0004942533118053,471.3438975349083,21_SPOT_FS1,525.02,0.0
21193.4130375,0.0513390730818425,-0.5046785544035189,-3.659582288129789,815.7288920029705,629.2498639034259,1.0001736991197816,1.0001245523180111,-0.0003134416673142,0.0004644565875405,473.1353148316299,21_SPOT_FS1,525.02,0.0
21193.907091666668,0.0481106254752046,-0.6372368709650253,-3.645001990462536,810.3454368529066,744.0976713619257,1.0001543533975177,1.0001362625114671,-0.0003770576506113,0.0005173188293288,473.8135019365937,21_SPOT_FS1,525.02,0.0
21194.397825,0.0486627424043449,-0.0762410930171628,-3.681013994184471,831.2112795806116,286.3284618049605,1.0001783548627872,1.0001322940157924,-0.0003640810998789,0.0005248338133302,473.4771312914333,21_SPOT_FS1,525.02,0.0
21194.8917,0.0485148939078981,-0.3279112367763179,-3.685976991758752,825.8924693217784,461.3979279724699,1.0001641518091084,1.0001819632427114,-0.0003248026072403,0.0005207234963731,471.9107338313031,21_SPOT_FS1,525.02,0.0
21195.381116666667,0.0481631037563927,-0.4614916480057839,-3.668317679019364,818.7724450134967,581.7223891534987,1.0001366812002197,1.0001720533125076,-0.0003489281834108,0.0005129443065847,472.94767443364304,21_SPOT_FS1,525.02,0.0
21195.8736,0.0464178383223074,-0.548199531016967,-3.641534294925928,814.6002158356697,658.1929272168683,1.0001227813686722,1.0001411229172246,-0.0003667627159269,0.0005469536720425,472.6656168739503,21_SPOT_FS1,525.02,0.0
21196.363541666666,0.0471447281399505,-0.2385187246681826,-3.698425578706973,829.3052285320078,358.0405327941608,1.000161543750382,1.000165982118108,-0.0003423279426843,0.0005697427829356,474.1043482178865,21_SPOT_FS1,525.02,0.0
21196.856108333333,0.045803423774254,-0.5784292747130003,-3.648240988463945,813.027398451474,658.2936656353463,1.00014163778215,1.0001343000653904,-0.0003681854325317,0.0005641988503668,472.49094288991273,21_SPOT_FS1,525.02,0.0
21197.346133333333,0.0493819765138546,-0.8596001428754667,-3.647024078468401,800.0894829532175,924.5362927669912,1.0001351040095674,1.0001609370991529,-0.0003737421110466,0.0005016702909754,474.22472667175686,21_SPOT_FS1,525.02,0.0
21197.8359,0.0478423167914488,-0.9160919496403837,-3.641763190261498,796.4517821537893,966.3204293605122,1.0001352801207912,1.000177638739491,-0.0003784417277973,0.0005117627607216,472.53543854573337,21_SPOT_FS1,525.02,0.0
21198.32943333333,0.0503171563440833,-0.8428474621235166,-3.645214840610412,802.7026727318888,909.596746209249,1.00015486241109,1.000170319063588,-0.0003496952570693,0.0004878908520888,471.59210808952366,21_SPOT_FS1,525.02,0.0
21198.82025,0.0551896255300591,-0.7869969949051131,-3.624508271696828,807.0937132309065,852.3950381362062,1.0002096274912562,1.0002216638598354,-0.0002264746046505,0.0003965478556526,468.6203247512725,21_SPOT_FS1,525.02,0.0
21199.314041666665,0.0453774799079504,-0.3216275997484722,-3.680659648012704,822.6155090922913,463.5281943565898,1.0001617283210296,1.000161814408829,-0.0003854289456591,0.0005865653842279,470.740003833726,21_SPOT_FS1,525.02,0.0
21199.80389583333,0.048027654967539,-0.08812881713395,-3.714472550387307,825.5695097415073,292.24201244001114,1.0002029702530684,1.0001783024769906,-0.0003391563814057,0.0005528384111988,471.1528487469483,21_SPOT_FS1,525.02,0.0
21200.2945375,0.0519652576053077,-0.7092672550166905,-3.617899565042235,808.6209903754086,797.9895918364822,1.0001838855465517,1.000195550226049,-0.0002743970108875,0.0004568425831892,472.9191602876775,21_SPOT_FS1,525.02,0.0
21200.787366666664,0.0492779751403575,-0.604949527234973,-3.6462263622004008,811.0742003844414,695.182136708306,1.0001612221166165,1.000188620376267,-0.0002913861384763,0.0005093780512517,472.6195884223552,21_SPOT_FS1,525.02,0.0
21201.278270833336,0.0457030111804378,-0.2878183031272427,-3.6624913258402567,825.2700910831892,425.85501214482633,1.0001642667385282,1.00016111961217,-0.0003821233463923,0.0005658839179397,474.18054060477294,21_SPOT_FS1,525.02,0.0
21201.7711,0.0507749070987788,-0.7355843619610356,-3.652493965050581,807.2577648401092,832.4618750115364,1.0001888015110552,1.0001979158970866,-0.0003214982120608,0.0004884330159845,474.11022123210967,21_SPOT_FS1,525.02,0.0
21202.260433333333,0.0458231014776918,-0.7743934461578913,-3.635308761621124,803.5171266879637,867.87024527437,1.0001822344118034,1.0001898303230778,-0.0004124103785898,0.0005526704229127,476.0167594164004,21_SPOT_FS1,525.02,0.0
21202.750020833333,0.0461712839062416,-0.0847633136370558,-3.670198721019346,836.149941926098,278.65713557664253,1.0002141500744666,1.0001890392164186,-0.0003887757109577,0.0005532158552443,475.9498846943134,21_SPOT_FS1,525.02,0.0
21203.2401375,0.0459564505779033,-0.930847758099608,-3.592758273212868,799.9232217253309,979.1607394186544,1.0002244162450058,1.0001943834475344,-0.0004179563292643,0.0005238870279417,477.9925029938236,21_SPOT_FS1,525.02,0.0
21203.72964166667,0.0513080016743118,-0.8186132637126822,-3.614216516358632,804.7183492329068,888.9143271929349,1.0001693493035866,1.0001630256954537,-0.0002994227156822,0.0004202021843885,477.0860659774813,21_SPOT_FS1,525.02,0.0
21204.219491666667,0.0508188379762855,-0.7376534121332623,-3.617809722352861,807.7146610653054,817.9578963816735,1.00016067955054,1.0001620099609825,-0.0003118443883952,0.0004372398448472,478.8024580885392,21_SPOT_FS1,525.02,0.0
21204.71355,0.0516244205970304,-0.8270995872663462,-3.6003386700658058,805.0684474502802,896.5685977394184,1.000177976743411,1.0001525115049146,-0.0003195641097155,0.000432537053317,476.5743045909143,21_SPOT_FS1,525.02,0.0
21205.203579166668,0.0473712662373603,-0.6353429437060817,-3.629083380252484,811.3784953476883,749.7266725179686,1.0001828616098107,1.0001348958070897,-0.0004262525399785,0.0005059209346842,478.393770420171,21_SPOT_FS1,525.02,0.0
21205.696845833336,0.0533593979323012,-0.4997309385151628,-3.633354407477776,818.9727060049456,640.5797627266967,1.000260475453004,1.0001911842091562,-0.0003393764029265,0.0004101831506705,475.3108313127215,21_SPOT_FS1,525.02,0.0
21448.778966666665,0.0674604361313915,-0.3287052881370039,-3.5552906846862826,802.3900900517218,404.10289614892287,0.999905187035878,1.0000807371670413,2.854527225533544e-05,0.0001256979558609,1845.4979870727536,23_SPOT_FE1,525.02,0.0
21450.20983333333,0.0383663397190037,-0.2043887803145562,-3.349029238540932,949.2181300288204,205.65978446334088,1.000095423190714,1.0000518487113128,-0.0004217406072262,0.0005958255601874,349.20130378228447,23_SPOT_FE1,525.02,0.0
21450.20983333333,0.0657002671215897,-0.3236207317634054,-3.548112835152424,803.8787060290837,392.1528775505018,0.9999104205565964,1.0000631530714517,-6.919902528487291e-06,0.0001502087645984,1763.7516613965015,23_SPOT_FE1,525.02,0.0
21451.55865833333,0.0404820185323267,-0.1926160001104528,-3.3378858347099505,944.2089732070727,203.13811874768248,1.0000980434319802,1.000052241711928,-0.0003764965875783,0.0005502335475134,342.82147997371266,23_SPOT_FE1,525.02,0.0
21451.55865833333,0.0703659412301045,-0.3401210311002136,-3.5528222286131506,797.6992655647822,404.566256948436,0.999965161679845,1.0000570724907267,0.0001032316543584,9.72988168192523e-05,1899.6722033862484,23_SPOT_FE1,525.02,0.0
21452.9999375,0.0647669745095994,-0.3004720542811908,-3.532666107074012,803.130336600764,370.2562929310526,0.9999035181726064,1.0000556989965494,2.294893828085345e-05,0.0001793050076678,1676.2684660539833,23_SPOT_FE1,525.02,0.0
21454.443933333336,0.0611555649718787,-0.297619695053066,-3.536856512597539,805.9996913267286,375.0148468688468,0.99996244646874,1.0000679196112217,-4.5045360601962576e-05,0.0002266294030057,1881.8212120944247,23_SPOT_FE1,525.02,0.0
21455.79573333333,0.0397395935118011,-0.2001906950407503,-3.333588097147002,953.1504676405176,201.68236764358545,1.0000788625893144,1.0000867875741777,-0.00036916627225,0.0005718134523485,342.52777369851174,23_SPOT_FE1,525.02,0.0
21455.79573333333,0.067196010603537,-0.3262035933046481,-3.544940594078207,801.8563391615223,398.4162438821221,0.99996038780809,1.0000925311080129,2.544140746737682e-05,0.0001350495475742,2035.4647839424888,23_SPOT_FE1,525.02,0.0
21457.1463125,0.0730578477102467,-0.4021716748006106,-3.541903409082088,800.3393796283132,466.54663955440856,0.9999657738194966,1.0000987787156534,0.0001374684035176,4.226778241121119e-05,2362.629667298092,23_SPOT_FE1,525.02,0.0
21458.4937375,0.0741654083915608,-0.4252755307510977,-3.550249600890088,798.33496801343,477.8284298892914,0.999969181497688,1.0000918162911647,0.0001373775606439,2.7101172331481947e-05,2066.665910928753,23_SPOT_FE1,525.02,0.0
21459.844929166666,0.0734345773960255,-0.4086265244025928,-3.543913644960983,798.7519412766775,465.824434049532,0.999960476481856,1.0000866195351068,0.000131789419398,3.481812401651965e-05,1925.5620361106453,23_SPOT_FE1,525.02,0.0
21461.191479166668,0.0675380651757539,-0.456301307736823,-3.5301507939732386,801.2946570962687,511.1188777714329,0.999960477330462,1.0000490045541524,3.6612577548538326e-05,0.000132123885316,2151.3640378913847,23_SPOT_FE1,525.02,0.0
21462.54634583333,0.0334574394385656,-0.2193486747317352,-3.325013455571927,955.9856481452188,202.8373879171415,1.00006523585552,1.0000893218532927,-0.0004511299664192,0.0006869583095055,337.36635800337865,23_SPOT_FE1,525.02,0.0
21462.54634583333,0.0622451060127404,-0.3393255594490059,-3.535606020554669,804.8028039787278,402.8667347364305,0.9999621877635128,1.000087885748158,-6.994034659667771e-05,0.0002230825780202,2015.8642432654804,23_SPOT_FE1,525.02,0.0
21463.983775,0.0626188568816705,-0.2716093121944662,-3.530270015589984,803.6157875778313,349.38768189185123,0.999965063672512,1.0000509318361115,-3.325732708176018e-05,0.000223357935151,2005.7327775531,23_SPOT_FE1,525.02,0.0
21465.3333875,0.067056226165284,-0.3902018787507469,-3.525791775012028,800.0026960247089,453.10473594574745,0.9999597413519415,1.0000750104224454,2.279716660788682e-05,0.0001407605318457,1797.159990715975,23_SPOT_FE1,525.02,0.0
21466.769329166666,0.0645357368566282,-0.3673037892657126,-3.5228242102979435,801.6730903854533,423.973588335774,0.9999552520756876,1.0000376489301213,-2.9319936082329656e-05,0.0001972296507815,1482.1706019573796,23_SPOT_FE1,525.02,0.0
21468.1298,0.030885060452758,-0.2312039923277796,-3.3169780452318283,953.6528395221158,201.4237966644411,1.000073147781192,1.0000748540347109,-0.0004798408657934,0.000730345406592,352.10980975198765,23_SPOT_FE1,525.02,0.0
21468.1298,0.0586930132051247,-0.2685521135644163,-3.514466035626842,806.4581757057764,337.4028801668993,0.9999002320147372,1.0000342638321102,-9.15910636341356e-05,0.000285355060395,1640.6895125297212,23_SPOT_FE1,525.02,0.0
21469.56188333333,0.0332060061226558,-0.2684027511583525,-3.3203243709691943,950.0683644821844,224.3311951138872,1.0000607980495206,1.0000604104467936,-0.0004212210068237,0.0007035250964579,366.0970841461012,23_SPOT_FE1,525.02,0.0
21469.56188333333,0.0619164350551548,-0.3865738653473577,-3.530038472299501,803.2963558881842,435.79322994786463,0.9999559872044655,1.0000810878785853,-1.6750874378612545e-05,0.0002308901087204,1492.7783897513632,23_SPOT_FE1,525.02,0.0
21470.910450000003,0.0599316922542226,-0.4974117446997682,-3.5118856719580167,804.1638706559752,530.8474233659313,0.9999575031023904,1.0000862382932965,-8.87296235920427e-05,0.0002659834952234,1794.5222619907836,23_SPOT_FE1,525.02,0.0
21472.3428875,0.0602274394343471,-0.4074243645356987,-3.511712072993221,806.7753358687502,455.8225725010953,0.9999549954269856,1.0000900824121932,-9.106870610511312e-05,0.0002567402374803,1856.650527584496,23_SPOT_FE1,525.02,0.0
21473.777866666667,0.0599521564478026,-0.3803132724854274,-3.503658498726468,812.2720664603207,423.13907967207854,0.9999618802916292,1.0000828240082185,-8.13165136628976e-05,0.0002797290031974,1592.5569229667708,23_SPOT_FE1,525.02,0.0
21475.127129166667,0.0578327980917644,-0.4460298472295677,-3.506006118427287,805.3795530248941,487.71764675729617,0.9999025524034348,1.0000446156130527,-0.0001077503557992,0.0003132773606861,1684.9332412717135,23_SPOT_FE1,525.02,0.0
21476.56745,0.0515022618097469,-0.2676471558127132,-3.47342232119531,811.7332759282559,331.5864793591273,0.9999111271660576,1.0000341826184531,-0.0002120305524369,0.0004158377199342,1694.8149708188073,23_SPOT_FE1,525.02,0.0
21477.91688333333,0.0338102793893484,-0.2104753540887175,-3.307872225334727,954.3062176924556,202.1780418959683,1.000047898450685,1.000061061598223,-0.000456242340009,0.0006879094644963,353.1601530984323,23_SPOT_FE1,525.02,0.0
21477.91688333333,0.054148227685188,-0.2506695241099508,-3.510449393772259,812.1827777325555,325.63008746500986,0.9999611004771256,1.0000352560305863,-0.0002112990242323,0.0003724035157351,1571.610543633912,23_SPOT_FE1,525.02,0.0
21479.34985,0.0565295278139717,-0.3619377496187722,-3.499947974142112,807.6196179240376,421.2539397443359,0.9999600696986096,1.00003871086428,-0.0001474744068572,0.0003308989112544,1624.8346128511023,23_SPOT_FE1,525.02,0.0
21480.698587500003,0.0606657029755484,-0.4191848154962528,-3.5116961974312377,803.4960098293559,466.3151584029597,0.999962131745854,1.000082814471533,-0.0001014165900862,0.0002557522673359,1673.8124065264703,23_SPOT_FE1,525.02,0.0
21482.136716666668,0.0666639258044038,-0.4589138231759199,-3.5047894893665186,801.1245559524839,510.6358331210111,0.9999631369001236,1.00009416329706,6.2364352428205e-06,0.0001588743320757,1817.246807875546,23_SPOT_FE1,525.02,0.0
21483.48834583333,0.065127067613062,-0.36101918345518,-3.512873470680141,802.0328020849096,415.4112474617398,0.999927709185637,1.0000918667331002,2.8986418390677422e-06,0.000180393004519,1898.0082844086533,23_SPOT_FE1,525.02,0.0
21484.923583333333,0.0658611408266613,-0.4030242944653495,-3.506686343199859,801.9496797948125,444.6025889439687,0.999943265407612,1.000092857982395,5.126144052357411e-09,0.0001627016496524,2467.7020981360165,23_SPOT_FE1,525.02,0.0
21486.35935,0.0666292874202853,-0.3749713681111259,-3.495519942727683,801.5127841725388,436.4936330948928,0.9999649060158632,1.0000516334902856,7.562109227219632e-06,0.0001556608284924,2558.310505563535,23_SPOT_FE1,525.02,0.0
21487.71194166667,0.065743820809776,-0.4156222843033094,-3.500970916586136,802.1141314224201,466.1705975289559,0.9999593048969748,1.0001042878273227,1.866442770809624e-05,0.0001793091940881,2492.8257386020136,23_SPOT_FE1,525.02,0.0
21489.06470833333,0.0660010116032916,-0.3907656078052214,-3.5112332777269213,802.7782912770367,436.8131178186192,0.9999337855250422,1.000103137236418,2.130211003198656e-05,0.0001662751983972,2586.1780294342534,23_SPOT_FE1,525.02,0.0
21490.496183333333,0.0661823077145477,-0.4456593782099848,-3.509171345726355,801.5761006807937,480.1789869985145,0.999969862332388,1.00009938589886,2.394335619370472e-05,0.0001561834038706,2727.7532615922346,23_SPOT_FE1,525.02,0.0
21491.851225,0.0652247911972803,-0.4650980235507507,-3.4924357794701084,800.8084274805904,504.7180340795178,0.9999685506125728,1.0000456881786712,1.972505688770536e-05,0.0001905294076093,2530.3564929560057,23_SPOT_FE1,525.02,0.0
21493.202941666663,0.0372272030587838,-0.2991905451147925,-3.3492476153928807,897.5059163181686,300.2491632922556,1.0000162745178969,1.000073094561148,-0.0004524467058265,0.0006449722386798,339.8037242730507,23_SPOT_FE1,525.02,0.0
21493.202941666663,0.0631386452661137,-0.4058372919911979,-3.4854503116148217,804.2689765194675,450.6472005366208,0.9999624630842214,1.0000416065958784,-6.753877877535447e-05,0.0002214535287961,1879.5025209396183,23_SPOT_FE1,525.02,0.0
21494.558066666665,0.0620194755640824,-0.4205144786339582,-3.4862968144920643,803.3725856104609,454.0456650725198,0.9999171916432916,1.000044077703422,-6.959518343951668e-05,0.000227023722211,1918.568618571048,23_SPOT_FE1,525.02,0.0
21495.9124125,0.0629933546754877,-0.4517244087989848,-3.487916489397954,802.4333655177686,488.4401812175312,0.9999578202018148,1.0000879719078888,-4.585748073524741e-05,0.0002125074596557,1684.8339184257493,23_SPOT_FE1,525.02,0.0
21497.350191666665,0.0628939895461608,-0.4488311972296515,-3.482227364716458,804.0465575164444,484.8298612972541,0.9999598104098344,1.00009333559316,-7.459471414798275e-05,0.0002232658637671,1788.264354348291,23_SPOT_FE1,525.02,0.0
21498.70488333333,0.0357192406131084,-0.2222709184763815,-3.277059075901068,947.7075124330964,203.17136024022832,1.0000452178964565,1.00007000820053,-0.0004489314745255,0.0006467334376574,341.80578354582264,23_SPOT_FE1,525.02,0.0
21498.70488333333,0.0607965810912264,-0.3598213579761112,-3.4933010732721432,805.0600868239819,403.3712571506873,0.999915159580311,1.000088969138729,-0.0001085969039698,0.0002564314322563,1884.7894319098668,23_SPOT_FE1,525.02,0.0
21500.139775000003,0.0605643648697694,-0.4616953434007891,-3.4828351335842744,803.5924582570146,491.20649931354063,0.9999107904016468,1.000047863699137,-8.16800527683701e-05,0.0002575841005917,1871.0267257752216,23_SPOT_FE1,525.02,0.0
21501.580441666665,0.0537539934278938,-0.4146172498753222,-3.482524053303844,811.2153997443114,446.7387535963262,0.9999617507830152,1.0000817044240722,-0.0001884972146871,0.0004031444689933,1562.1410674612134,23_SPOT_FE1,525.02,0.0
21502.935220833333,0.0521923603375665,-0.3849903818166375,-3.4779452624951683,813.3813287886869,417.1421718447384,0.9999052538538435,1.0000899580579827,-0.0002097363554708,0.0004127277100817,1620.2220622617358,23_SPOT_FE1,525.02,0.0
21504.285708333333,0.0603997514825655,-0.4150629550587851,-3.4870336575245897,804.5519383502134,444.9231794499048,0.9999622958286288,1.0000444875759242,-4.469418445898404e-05,0.0002580481472011,1918.324060889429,23_SPOT_FE1,525.02,0.0
21505.633833333333,0.0586247466737399,-0.4598604899137003,-3.483303162186567,804.920257265875,483.93918790757886,0.9999055554216169,1.000085972980045,-8.984255913705183e-05,0.0002884042141401,1893.1608406014675,23_SPOT_FE1,525.02,0.0
21506.984416666663,0.0394849489309755,-0.2849756253911406,-3.3559927310953293,871.4816643534524,271.5107839843076,0.9999913432784864,1.000043947723432,-0.0003976687824757,0.0005651674480665,347.9392719843866,23_SPOT_FE1,525.02,0.0
21506.984416666663,0.0655624463762317,-0.445233872793441,-3.4787163193325568,801.1730938738393,477.0527423286303,0.9999575734925836,1.0000814431982905,1.2059629231954736e-05,0.0001712157023978,1623.935175958589,23_SPOT_FE1,525.02,0.0
21508.415716666663,0.040403937237877,-0.3112663957063085,-3.3165313516108395,901.3285241369398,288.77609129574955,1.0000310382994306,1.0000703026268651,-0.000378795326256,0.0005562882283134,337.4568349127676,23_SPOT_FE1,525.02,0.0
21508.415716666663,0.0656464270577196,-0.4254178881469871,-3.464359311970195,802.418587218978,449.1373763768007,0.9999129222051618,1.0000458379685375,-1.0603229075014098e-05,0.0001712409507621,1899.309863655851,23_SPOT_FE1,525.02,0.0
21509.870825,0.0660215691750985,-0.484190504980914,-3.4763304259091456,802.4533306208048,503.1810401236654,0.9999246399559436,1.000093103985435,-7.209393453182691e-06,0.0001613018655467,2191.5944150386745,23_SPOT_FE1,525.02,0.0
21509.870825,0.0387665855586763,-0.3372282133483512,-3.3659873666915594,873.6115807939426,322.53892276691323,1.0000339730710894,1.0000725240033534,-0.0004229943573302,0.0005983293747559,332.9606230344848,23_SPOT_FE1,525.02,0.0
21511.310616666666,0.0638076884906491,-0.4494311054329707,-3.479135388949104,802.706399446676,474.8348011366861,0.9999321229868864,1.0000868781788324,-9.155890024701924e-06,0.0002037455918319,1832.3977993568085,23_SPOT_FE1,525.02,0.0
21512.74507083333,0.0397282565462898,-0.2272137373532786,-3.2712547936399883,944.6971687308892,208.2427895061013,1.0000298609068945,1.0000623541593137,-0.000377914065157,0.0005765878579606,349.5676643164915,23_SPOT_FE1,525.02,0.0
21512.74507083333,0.0656067631838525,-0.4119396134578308,-3.472158210975251,801.5031865463524,435.8018932392761,0.9999595159386508,1.0000824116908036,3.3822652926405946e-06,0.0001714487613394,1615.440619958934,23_SPOT_FE1,525.02,0.0
21514.1785625,0.0656214909355312,-0.4275310455808658,-3.480016509812758,800.0996393013925,459.5535620510146,0.9999594215707086,1.000085550096369,2.718932115577793e-05,0.0002128641707918,1751.2013222643664,23_SPOT_FE1,525.02,0.0
21515.52905,0.0671629196959539,-0.4297293186933629,-3.47640272549145,801.3951443826705,463.75589259094295,0.9999643933005145,1.0000883101303335,2.612892962185528e-05,0.0001498491448697,1768.5982029557415,23_SPOT_FE1,525.02,0.0
21515.52905,0.040440154801027,-0.2920093810943841,-3.3618694172717736,864.2549894683343,273.6487921758024,1.000057408444292,1.000073947546137,-0.0003721135477621,0.0005594942271511,343.7762024454964,23_SPOT_FE1,525.02,0.0
21516.8791,0.0708711892498128,-0.5199399229185869,-3.4705293031603293,797.3741792755139,533.2893664226154,0.9999597928159304,1.0000944590255656,0.0001066166855075,9.291085499126288e-05,1533.0907444376542,23_SPOT_FE1,525.02,0.0
21518.309441666664,0.0657637360994446,-0.4775153622663354,-3.469324088504769,800.6607226620848,493.1573834067535,0.9999566146287432,1.0000944540852863,4.795018400607645e-06,0.0001683746015832,1598.8065514887985,23_SPOT_FE1,525.02,0.0
21519.66045416667,0.0659718691790934,-0.4807287397429617,-3.461675150668853,801.5158791349209,492.6987166880827,0.99990267628119,1.000084486628295,5.985830528426697e-06,0.0001532742000411,1703.7166183721097,23_SPOT_FE1,525.02,0.0
21521.1013,0.0615209129010462,-0.444420860892677,-3.468918687770836,803.5136075296575,461.7286548590781,0.999905398800195,1.0000928466550274,-8.064446986398688e-05,0.0002309704771301,1676.3137418804888,23_SPOT_FE1,525.02,0.0
21522.543629166667,0.0681738443229317,-0.4754886045946896,-3.4713174616000053,800.2776741149414,493.3461572875186,0.9999643657272972,1.0000868691994886,3.390819109937261e-05,0.0001282712634355,1745.9927560203432,23_SPOT_FE1,525.02,0.0
21523.895783333333,0.0703881157771315,-0.5127485521232282,-3.467048413864034,797.9912675020257,530.8444730249095,0.9999293553974876,1.000099976186268,0.0001043362535514,9.919855969671474e-05,2226.028185327007,23_SPOT_FE1,525.02,0.0
21525.2524,0.069336612983642,-0.487814943219744,-3.4619376533240627,799.2504082389584,512.5131744249471,0.999970754935094,1.0000955627928478,4.36604115067545e-05,0.0001116526538246,2185.840419131845,23_SPOT_FE1,525.02,0.0
21525.2524,0.0414237022703082,-0.3697796666213668,-3.375698646915973,859.0529573785407,363.8483588015811,1.000038294696062,1.000112564913462,-0.000391501296661,0.0005445106704937,336.1963392793579,23_SPOT_FE1,525.02,0.0
21526.697183333337,0.0650472807439987,-0.4553602690464428,-3.4625958657865468,802.6454095209361,474.8735057966748,0.9999652531615558,1.0000889719730548,9.862937540206427e-06,0.0001736948421634,2236.0401298971874,23_SPOT_FE1,525.02,0.0
21528.135666666665,0.0649044913311484,-0.4471357245269689,-3.4642025309079365,802.7493062963364,467.4642736763623,0.9999300834392278,1.0000918788185091,5.460000996441215e-06,0.0001753165798112,2252.5048085205253,23_SPOT_FE1,525.02,0.0
21529.57650833333,0.0668500234977945,-0.4507517363318639,-3.4570279836798856,803.3432626351706,470.6403836055644,0.9999282754220014,1.000092230560619,9.1014221894186e-09,0.0001506560048418,2323.9010738711786,23_SPOT_FE1,525.02,0.0
21530.932075000004,0.0639917915428669,-0.5006049667290144,-3.452529060187068,801.8363305231968,504.57796943003166,0.9999140763212188,1.0000888403263235,-2.753451217420339e-06,0.0001863667522509,1794.0937663549375,23_SPOT_FE1,525.02,0.0
21532.37309166667,0.0619988264659395,-0.4432443535278,-3.444379669309741,802.7957504223962,467.5535299882284,0.9998935521469786,1.0000362782349057,-7.074982913603131e-05,0.0002162012433166,1726.1459761435815,23_SPOT_FE1,525.02,0.0
21533.729008333336,0.0660239357518577,-0.4815684125690034,-3.43884304520641,802.5845941994868,490.1616415968767,0.9999018712696662,1.0000858856521289,1.117554621010362e-06,0.0001705049040569,1842.3587335894028,23_SPOT_FE1,525.02,0.0
21535.16959166667,0.0604574413065237,-0.4848884930588598,-3.446275196600732,803.9152319378827,497.7867320836799,0.9998975632912744,1.0000838205135547,-0.0001043197444672,0.0002673114895676,1732.6866949875111,23_SPOT_FE1,525.02,0.0
21536.60719583333,0.0631950888334035,-0.4355116922974673,-3.4270594118859243,802.3580789719717,456.5551152542244,0.9998998729356658,1.000039049782224,-5.040714024367669e-05,0.0002140794716238,1746.8559546552644,23_SPOT_FE1,525.02,0.0
21538.042520833333,0.0635956928657008,-0.4570816747244961,-3.434034364911085,802.833308492821,472.5493337115512,0.9999086336327224,1.0000852642451137,-3.967636103106328e-05,0.0002248616209322,1727.8513558250231,23_SPOT_FE1,525.02,0.0
21539.490016666667,0.0597244230982108,-0.5175648832244765,-3.433731570468046,805.882664931958,520.2589723866546,0.9999032655276264,1.0000894044799666,-9.630651455025966e-05,0.0002901395241149,1673.1585685877978,23_SPOT_FE1,525.02,0.0
21540.84655,0.0585027853421305,-0.5435351134327693,-3.4300437183691006,803.4435510328263,546.2509770495091,0.999911588855534,1.0000925980112598,-0.0001105111312813,0.0002932250944319,1843.4882880554767,23_SPOT_FE1,525.02,0.0
21542.198966666667,0.0646008369509066,-0.6215605699082487,-3.430914608896556,799.3730496679435,621.2786725388977,0.9999238111303396,1.0001009784471309,-2.065264653499136e-05,0.0001958299860725,2138.93472117013,23_SPOT_FE1,525.02,0.0
21543.552958333337,0.0609509389400501,-0.4582303301005317,-3.435007822862924,805.9250513608777,472.4191383306757,0.9999112598298407,1.0000920786016363,-8.138002587577111e-05,0.0002540729998812,1901.403902834522,23_SPOT_FE1,525.02,0.0
21544.990475,0.0618327924885233,-0.4694448544634134,-3.4364860130996275,805.207766338426,490.59708835449055,0.9999267925823884,1.0000887223507449,-0.0001048031311924,0.0002452991769729,1823.0650190094543,23_SPOT_FE1,525.02,0.0
21546.340616666665,0.0657418779982225,-0.4608504441780144,-3.417205595769452,800.7707016514069,491.72540439006207,0.999932508911395,1.0000418071849817,2.3437934041906018e-05,0.0001740854233548,1800.9665400672204,23_SPOT_FE1,525.02,0.0
21547.77567916667,0.0689413820345495,-0.5834479407347294,-3.4188021133857327,798.2165654650934,586.9366408626545,0.9999308817361487,1.000041310118556,4.2902158651745865e-05,0.0001181975314466,1796.8086252302562,23_SPOT_FE1,525.02,0.0
21549.125991666664,0.0617186465165013,-0.4729913149213509,-3.413481023423368,804.4708547469965,486.853761892902,0.9999221389389196,1.0000497563403343,-9.976339666426408e-05,0.0002521236456763,2271.9395903830905,23_SPOT_FE1,525.02,0.0
21550.472891666668,0.0571821337548513,-0.431396183699639,-3.42595258427728,810.0046798129586,448.8189725974746,0.9999407260355042,1.0000881934079366,-0.000163055348518,0.0003336928756393,2167.719542655459,23_SPOT_FE1,525.02,0.0
21551.914,0.0619797203957686,-0.3894867021854536,-3.448979856824195,793.864569957116,418.5633266314218,0.9999684771551516,1.0000756538388873,-7.962755219895148e-05,0.000226757620831,2352.1608227418938,23_SPOT_FE1,525.02,0.0
21553.26168333333,0.0349981575343558,-0.3670220630153273,-3.312466676017316,868.3028559133373,358.36760448752494,0.9999846567881728,1.0000635461456102,-0.0004790441831748,0.000651300549407,347.6044758185459,23_SPOT_FE1,525.02,0.0
21553.26168333333,0.0612169582018719,-0.5076996415223417,-3.4135333260764087,803.2503728611516,528.1921031708938,0.9999283119903052,1.0000479366154622,-0.0001099382941606,0.0002411743338631,2360.210705544691,23_SPOT_FE1,525.02,0.0
21554.6935125,0.0687743873880599,-0.550330609036771,-3.4231607941654016,801.1894975494849,553.3687724260408,0.999941385891874,1.0000918046831326,4.499074301875189e-05,0.0001354450997687,2002.647975728664,23_SPOT_FE1,525.02,0.0
21556.045141666666,0.0683715760997223,-0.5044744901521921,-3.421083899416234,801.559196924385,517.2926497629704,0.9999568141189858,1.000088453991031,3.257813398971746e-05,0.0001352838753118,1968.3716423133903,23_SPOT_FE1,525.02,0.0
21557.483616666665,0.0692540829402106,-0.4724628872209024,-3.423564584785016,799.7428644496322,486.2481391269988,0.9999372868217552,1.0001062828980072,5.034613441539936e-05,0.000120485572352,2430.191173789593,23_SPOT_FE1,525.02,0.0
21558.919733333336,0.0647814049303872,-0.4549159443997999,-3.420722612123257,802.4638865069063,485.65872579898826,0.9999563188080198,1.0000999056653093,-1.402728603906246e-05,0.0001934510400301,2367.4286614958937,23_SPOT_FE1,525.02,0.0
21560.2715375,0.0661679707342273,-0.5779024354653878,-3.394253601779689,800.5538983380703,577.0264864923918,0.9999431399309252,1.000088847590286,-4.406718289533545e-06,0.00018433836918,1963.6273347017384,23_SPOT_FE1,525.02,0.0
21560.2715375,0.0369464112567749,-0.4959912768305917,-3.2810726138791795,853.8346064449872,453.8023618203272,1.0000521851787658,1.0000354357865728,-0.0004332627016541,0.0006364166075667,351.7462617118072,23_SPOT_FE1,525.02,0.0
21561.62973333333,0.061087240079591,-0.4839126727744622,-3.3899611595442707,804.3946983535063,494.68617261195874,0.9999559151123488,1.0000321636750615,-8.246811544234001e-05,0.0002670973735821,1597.0515160037144,23_SPOT_FE1,525.02,0.0
21563.069,0.0603978056952178,-0.4308933507031543,-3.4033929397065226,807.5887953774903,449.2035434250562,0.9999100564480604,1.000086886840496,-0.0001028148591138,0.0002765652484834,1843.8760553865263,23_SPOT_FE1,525.02,0.0
21564.422375,0.0308424165034371,-0.2447505491363622,-3.221408503869129,943.6892112701776,208.06458630661487,1.0000583872730928,1.00006666685552,-0.0004939292268261,0.0006941969298913,357.0860751191159,23_SPOT_FE1,525.02,0.0
21564.422375,0.0609645461986192,-0.4370464916773643,-3.41276548784508,805.328308900714,460.2434818463688,0.99994237260874,1.0000952698801917,-0.0001071858487093,0.000257003981819,1889.4690510206296,23_SPOT_FE1,525.02,0.0
21565.77540833333,0.0333247992816601,-0.2328400693442904,-3.193815798440292,954.04713685516,208.8002953836981,1.0000312705943806,1.0000838103626537,-0.000468047511289,0.0006679813225414,353.08071959056537,23_SPOT_FE1,525.02,0.0
21565.77540833333,0.0600423129874479,-0.4656834411424423,-3.399634009916096,806.9680676534765,475.09635572132754,0.9999326262362008,1.0000875291188192,-8.886002259207482e-05,0.0002678208243385,1874.4131958200408,23_SPOT_FE1,525.02,0.0
21567.122566666665,0.0596075746433698,-0.4297625401147071,-3.370629707049505,807.8819688622415,442.4075709689681,0.9999364178538376,1.000047670855577,-9.925232446994433e-05,0.0002780047477216,2051.7716333880585,23_SPOT_FE1,525.02,0.0
21568.474108333336,0.0571264428375688,-0.4507011237894692,-3.392240961559972,809.7380399418222,465.5981662972717,0.9999130551747348,1.0000834628076336,-0.0001537304031307,0.0003310264973631,1864.3167624389976,23_SPOT_FE1,525.02,0.0
21569.82608333333,0.0569930785140073,-0.5079271758430751,-3.400176910626857,806.9465865439049,514.5192970990605,0.9999106494808158,1.0000869694856538,-0.0001492041862437,0.0003177876038604,1768.0804041755007,23_SPOT_FE1,525.02,0.0
21571.177366666667,0.0655964481096288,-0.4231166805207191,-3.402993316675657,809.5611506391366,428.332710771939,0.999932320116514,1.0000881495833287,2.4758175173682305e-05,0.0001681305416035,1667.1997422892546,23_SPOT_FE1,525.02,0.0
21572.61383333333,0.0663374046041529,-0.5179317703583171,-3.40622534867712,802.1356487572903,512.2667587169976,0.9999315414708846,1.0000886744573942,1.6738241573202866e-05,0.0001797203372542,1819.5629754041352,23_SPOT_FE1,525.02,0.0
21573.965720833337,0.0675166878801407,-0.4335476090388076,-3.3686996101467765,801.4310695359474,446.43081306501057,0.999894553113622,1.0000367920349074,2.944066319834064e-05,0.000148312959323,1685.2168623419054,23_SPOT_FE1,525.02,0.0
21575.31515833333,0.0684508722358636,-0.4344995643683353,-3.373637754619499,800.8837157980464,450.94793037270034,0.999951749281886,1.0000363354879882,2.455957444657365e-05,0.0001347445188276,1749.175395051689,23_SPOT_FE1,525.02,0.0
21576.66285,0.0666530069923485,-0.3962134358926908,-3.3901474425955795,800.0657914071097,419.46226566781775,0.9999172024995376,1.0000871173211612,2.472237730815724e-05,0.0001400967579045,1864.2151762253395,23_SPOT_FE1,525.02,0.0
21578.010275,0.0725228538102865,-0.6066068761293539,-3.371502392497365,799.50476895173,598.2588888897103,0.9999263307261786,1.0000956444007287,0.0001330825142827,3.585879805733398e-05,1951.5444451834344,23_SPOT_FE1,525.02,0.0
21579.37643333333,0.075917038806679,-0.5924573460464171,-3.376936482599482,796.3193254736102,578.1009851713159,0.999935890039369,1.0000965796220238,0.0001549839692109,2.696500595587709e-05,1930.445856734433,23_SPOT_FE1,525.02,0.0
21580.724120833333,0.075652917367361,-0.4339994318611525,-3.4005935840902217,796.7022016639233,445.6433042461973,0.9999395735710138,1.0000901321651643,0.0001372373081942,4.236422482841877e-05,2241.241852768328,23_SPOT_FE1,525.02,0.0
21582.16662916667,0.0741278637970764,-0.4817400171295616,-3.383921536266888,795.2940228175437,487.72737450982993,0.99993058315533,1.0000596342685646,0.0001334808818031,4.482817365171843e-05,2377.7167159901924,23_SPOT_FE1,525.02,0.0
21583.516416666665,0.0729636161957735,-0.3763790834805509,-3.376947804776366,799.9689232487017,393.23035558978825,0.999933175844407,1.000071495395206,0.0001213052471864,2.389169944947014e-05,2129.092220955546,23_SPOT_FE1,525.02,0.0
21584.95472083333,0.0424094519057698,-0.4437173778956502,-3.293947298599784,843.0410481521523,417.2994999505073,1.0000262202754986,1.0000679389102431,-0.0003706552852934,0.0005194338528904,351.4393327154472,23_SPOT_FE1,525.02,0.0
21584.95472083333,0.0755508895626994,-0.5259385111518833,-3.372481399654097,797.3322251676759,530.1739415812269,0.9999540906504828,1.0000611112142603,0.0001415567884538,1.3447558542954951e-05,2424.001748060739,23_SPOT_FE1,525.02,0.0
21586.314754166666,0.0680034156052508,-0.5438535035275901,-3.357209019160025,801.1045386786105,538.2630412173306,0.9999299882226652,1.0000872161546168,2.6757938571813888e-05,0.0001303739243883,1807.1052841252529,23_SPOT_FE1,525.02,0.0
21587.758925,0.0376421766892253,-0.5182468786456655,-3.2539375582983263,853.4195557531642,457.890714985281,1.0000407358999084,1.0000380369921051,-0.0004139659528299,0.0006120245787475,358.037548177182,23_SPOT_FE1,525.02,0.0
21587.758925,0.068067339038277,-0.5885210906548365,-3.356600939617909,800.797554321964,578.3552929181797,0.999936848202738,1.0000899757633488,3.766919587198624e-05,0.0001419245324286,2004.4423018073776,23_SPOT_FE1,525.02,0.0
21589.106,0.0675042416424377,-0.5153378665295595,-3.3638286782316817,800.472741433822,520.3399397587111,0.9999274012136876,1.0000446191084145,-4.743401872582718e-06,0.0001485060029375,1895.7342754257195,23_SPOT_FE1,525.02,0.0
21589.106,0.037828086053469,-0.4153492257260732,-3.262824344594252,862.3432219546352,374.8318962581423,1.0000315441594188,1.000035990802522,-0.0004437608842899,0.0005988667162945,356.5522554308752,23_SPOT_FE1,525.02,0.0
21590.550258333333,0.0682448154601727,-0.5626493188808782,-3.366848928403672,800.1988520442194,563.3335748781249,0.9999074925192368,1.0000448090886265,2.2318914156320827e-05,0.000138705551391,1742.4529445990172,23_SPOT_FE1,525.02,0.0
21591.90223333333,0.0381837389248943,-0.5422019835520363,-3.267895512724964,852.5203249904292,462.3610052630496,1.000051740763416,1.0000683087630775,-0.000403484245223,0.0005747541694377,365.7881192944135,23_SPOT_FE1,525.02,0.0
21591.90223333333,0.066865973305427,-0.5868622178197046,-3.364253185987947,799.6712108514071,562.1616966807882,0.9999593535601092,1.0000856518192331,2.5324706446985745e-05,0.0001485075290798,1569.5231061230402,23_SPOT_FE1,525.02,0.0
21593.340891666667,0.0683774110127915,-0.5625264127839863,-3.3565117894413965,800.4618115601955,548.0200758685213,0.9999080640505668,1.0000401548762985,2.4838764590216462e-05,0.0001371178797045,1734.6351806849284,23_SPOT_FE1,525.02,0.0
21594.686125,0.0695937322527529,-0.6186027253482062,-3.342731192047231,799.207399417871,595.0241385026922,0.9998982367231952,1.0000486490832323,3.740761989339821e-05,0.0001160825723436,1766.6008229875952,23_SPOT_FE1,525.02,0.0
21596.0332,0.0665815135908179,-0.5659405196163787,-3.371942987757206,800.318184122293,548.1876242240486,0.9999358101452156,1.0000896270502528,7.05973757616128e-06,0.0001644484777045,1948.038000078582,23_SPOT_FE1,525.02,0.0
21596.0332,0.0379893793633146,-0.494313327452225,-3.2645290395417184,857.2423842320729,430.1181955050374,1.0000528410813634,1.000064079469939,-0.0004128181517762,0.0005914197030113,352.13591665534085,23_SPOT_FE1,525.02,0.0
21597.470983333333,0.0640336215408539,-0.5459204740587686,-3.346965791467474,802.8334207372417,533.631156698975,0.999922326377658,1.0000865381199882,-5.822061872055853e-05,0.0002009820309259,2117.7930903314195,23_SPOT_FE1,525.02,0.0
21598.911125,0.034158958545941,-0.3801057091499379,-3.271861072964561,858.2861453393556,357.7920478055347,1.000051170591303,1.0001060893212617,-0.0005027034590379,0.0006884773935711,349.76915302292514,23_SPOT_FE1,525.02,0.0
21598.911125,0.0703781601730101,-0.5291393064551271,-3.3498099864016937,799.8907630707307,540.8107962329423,0.999943832098256,1.000092463649535,4.657282069179368e-05,0.00012206982672,2400.984977583239,23_SPOT_FE1,525.02,0.0
21448.0986,0.0857118999012509,-0.6685648528718071,-3.5375609837718978,797.8321575738717,661.6314787250142,0.9999326773140748,1.0001542335732727,0.0003281293101083,-9.589169621816836e-05,247.22328622170696,23_SPOT_FE1,525.06,0.0
21448.0986,0.0857277498263885,-0.6685342584460924,-3.5375425076996247,797.8497995270503,661.5980739751546,0.9999326714339788,1.0001543210862351,0.0003284211625256,-9.629256228290853e-05,247.3739614319388,23_SPOT_FE1,525.06,0.0
21448.0986,0.0855998018683456,-0.6626573169362515,-3.535396040724987,796.2825059675116,658.6611373734976,0.9999283371334132,1.0001593554519776,0.0003273522463996,-8.031909866025729e-05,258.94672953578305,23_SPOT_FE1,525.06,0.0
21448.0986,0.0857278211715367,-0.6685342396110123,-3.5375425150290662,797.8498413631199,661.5981249483159,0.9999326720596248,1.000154321547761,0.0003284226093552,-9.629392066675268e-05,247.37497315579503,23_SPOT_FE1,525.06,0.0
21448.0986,0.0894914357003289,-0.667176089660883,-3.5429013958556097,800.7363956398978,665.1158583722074,0.9999328423481456,1.0001451939792605,0.0003941918640574,-0.000177649871535,288.064691484926,23_SPOT_FE1,525.06,0.0
21448.0986,0.0300311423652422,-0.1310121292901343,-1.85161480738102,981.6016019248098,322.5640910994783,0.9999324849732948,0.9984266980097484,-0.0006657175152431,-0.0021958538529306,707.9504423481831,23_SPOT_FE1,525.06,0.0
21448.0986,0.0300311423652422,-0.1310121292901343,-1.85161480738102,981.6016019248098,322.5640910994783,0.9999324849732948,0.9984266980097484,-0.0006657175152431,-0.0021958538529306,707.9504423481831,23_SPOT_FE1,525.06,0.0
21448.0986,0.0300311423652422,-0.1310121292901343,-1.85161480738102,981.6016019248098,322.5640910994783,0.9999324849732948,0.9984266980097484,-0.0006657175152431,-0.0021958538529306,707.9504423481831,23_SPOT_FE1,525.06,0.0
21448.0986,0.0300311912528076,-0.1310125088390283,-1.851615067481924,981.6018160603512,322.5640928771721,0.9999324843115842,0.998426697730819,-0.0006657161056002,-0.0021958543815089,707.9510388188111,23_SPOT_FE1,525.06,0.0
21449.52885,0.084374352255296,-0.6865758523276331,-3.5299090470897228,796.0886853453197,674.2168945892512,0.9999387650330605,1.0001939774376896,0.0002892992750163,-7.158016334767483e-05,222.14342973108057,23_SPOT_FE1,525.06,0.0
21450.877416666663,0.0393625418228989,-0.1376222049247972,-1.802639633212472,956.0799274954808,327.98017417543,0.9999328204096936,0.9984552038549412,-0.0005468444737182,-0.0023921882437735,711.5729362329265,23_SPOT_FE1,525.06,0.0
21450.877416666663,0.0907117362790475,-0.6694877313668538,-3.528179248399109,797.6188292457028,656.7486740435808,0.9999571125884892,1.0001949157059908,0.0004033449686672,-0.000157424375067,260.59113926026725,23_SPOT_FE1,525.06,0.0
21452.317645833333,0.0883877072628077,-0.6259981931651146,-3.5371348801061457,797.662458574083,635.2395762004994,0.999950904110424,1.000162070768403,0.000364910846675,-0.000140951807951,242.0000406475326,23_SPOT_FE1,525.06,0.0
21453.761466666667,0.0831573049576272,-0.6598968301181886,-3.5269716548330545,792.7529697022172,650.5938853454265,0.9999367801323968,1.000212031365035,0.0002772612424972,-3.30255574797831e-05,216.45548980237248,23_SPOT_FE1,525.06,0.0
21455.114666666665,0.0838796352215875,-0.6653084189017943,-3.5335205956769307,792.1439531343206,655.1155174511722,0.9999460744980454,1.0001687851139391,0.0002898327886308,-1.5348354621502972e-05,237.2028196460526,23_SPOT_FE1,525.06,0.0
21456.464545833333,0.0897828037896102,-0.7530304650637858,-3.505622843713283,795.2542512636923,722.4087576049441,0.9999571066659062,1.000229973985029,0.0004089820172198,-9.741559680248592e-05,260.5368780349268,23_SPOT_FE1,525.06,0.0
21457.81258333333,0.0904535785248605,-0.7445326336898781,-3.5234582612285243,790.3133726156536,707.4788383050563,0.9998895843595558,1.0001599908752952,0.0004193009010248,-0.0001656573699241,103.95376440652686,23_SPOT_FE1,525.06,0.0
21457.81258333333,0.0935687783962143,-0.7169701504716371,-3.5180824157087813,792.0593279717845,702.3533462916764,0.9999564334025678,1.0001818855747804,0.0004748002291842,-0.0001934071856487,259.7619835588129,23_SPOT_FE1,525.06,0.0
21459.1622,0.0906181176396625,-0.6959255072960915,-3.529152005436333,791.3847213470721,682.6963297582354,0.9999391457409544,1.0001983023359882,0.0004150090383708,-0.000149047527274,206.21092636292724,23_SPOT_FE1,525.06,0.0
21460.5111125,0.089730220871221,-0.7631072108356475,-3.5183331455148017,794.5159892938938,727.3840398758515,0.9999371244633698,1.0002059568758714,0.0003608049068798,-0.000142179462319,225.3763555136903,23_SPOT_FE1,525.06,0.0
21461.863,0.0886782825851285,-0.7706955710983902,-3.507561811613481,800.7733784034587,729.4609303611222,0.9999314868523173,1.0002123819704776,0.0003434179782604,-0.0001431774903161,254.509999400944,23_SPOT_FE1,525.06,0.0
21463.298416666665,0.0859210199786152,-0.7251057238180969,-3.520138193251898,798.6095822440549,701.003845167218,0.999949106638029,1.0001352542728308,0.0003331148179871,-0.0001138881877572,259.36747695347634,23_SPOT_FE1,525.06,0.0
21464.652670833337,0.0836655935190531,-0.725624347460168,-3.516361168092645,793.5447842958926,700.2395929515696,0.9999377677972852,1.000151106568549,0.0002693129608142,-4.774760778411814e-05,218.7467037383476,23_SPOT_FE1,525.06,0.0
21466.0882625,0.088700163161736,-0.7282933440574981,-3.494611995660509,799.7088955419505,704.5025297760777,0.9999428432638456,1.0002031826419808,0.0003732893981198,-0.0001528360139161,219.55516585158145,23_SPOT_FE1,525.06,0.0
21467.438225,0.0820498041183469,-0.7862493444199892,-3.489414853030394,794.4311956442622,742.082458851767,0.9999074688093808,1.000217912300287,0.0002563858326899,9.288964173024405e-06,235.58478567380865,23_SPOT_FE1,525.06,0.0
21470.22938333333,0.0817336020943498,-0.7263958900461931,-3.489737957064574,793.0265996396662,687.4769829996532,0.999949342091473,1.000214163959847,0.0002645364442452,5.600772528543829e-06,203.8563006816904,23_SPOT_FE1,525.06,0.0
21471.66068333333,0.0805884913867405,-0.7808623338924133,-3.503711328730721,794.2943662939678,743.6048671688385,0.9999417406051532,1.000205295534084,0.0002239571254322,1.696467834251419e-05,248.4139474937884,23_SPOT_FE1,525.06,0.0
21473.0968,0.0806433161991186,-0.8155804445874861,-3.486598263938429,794.8997756868242,768.608297376711,0.9999446515839278,1.0001945060273614,0.000233319508184,5.506772721854525e-06,249.31298525995948,23_SPOT_FE1,525.06,0.0
21474.4450125,0.0815543467955659,-0.7987204120638576,-3.490043451946084,794.2255050378442,749.3690955114315,0.9999410825098636,1.0002066746128848,0.0002489226188779,-6.984277996688227e-06,229.49978759405423,23_SPOT_FE1,525.06,0.0
21475.883491666667,0.0812263136061238,-0.7126007464568361,-3.470507717449889,796.7501943611076,692.2892515436549,0.9999132527835336,1.0002218486885603,0.0002328068112002,-9.882735238142044e-06,221.79583231291528,23_SPOT_FE1,525.06,0.0
21477.233454166664,0.077797544031128,-0.8039429737076845,-3.483066676166077,795.393942161362,766.5356777166244,0.9999320208726262,1.0001991300310435,0.0001795176918816,6.192692108931867e-05,218.8526284637969,23_SPOT_FE1,525.06,0.0
21478.66676666667,0.0776633506184272,-0.7609119837635179,-3.507751196780947,794.1011284313649,716.6721657502787,0.9999281162360776,1.0001495356813286,0.0001958930988217,6.310216944151555e-05,224.92712125121656,23_SPOT_FE1,525.06,0.0
21480.01682083333,0.0796660871082593,-0.7451952864600301,-3.486283571742592,797.1141001979012,718.5124507983395,0.9999396363612684,1.000211537768132,0.0002288856517892,1.2196758166663565e-05,214.25002744248903,23_SPOT_FE1,525.06,0.0
21481.453025000003,0.0874329401373076,-0.7254695122447037,-3.521747915362168,799.7392247663654,698.2058189584155,0.9999343619427088,1.0001982398796987,0.0003274665066041,-0.0001306664875801,213.8665116783477,23_SPOT_FE1,525.06,0.0
21482.803775,0.0838311863029746,-0.7722004867222666,-3.49024739620866,794.9475811059054,735.003703330755,0.999954865190672,1.0001970749021851,0.0002683492960331,-4.804001085042599e-05,216.7880218742985,23_SPOT_FE1,525.06,0.0
21484.24208333333,0.0820048505955361,-0.8142868122815539,-3.4361819043716086,798.5901865420745,788.4053853401042,0.9999494166167427,1.0002393121438933,0.0002652892221036,-5.284340719337152e-06,221.66795217161047,23_SPOT_FE1,525.06,0.0
21485.674691666667,0.0828043549276788,-0.719929176142961,-3.4940813246736284,793.3932100594852,683.2025182133324,0.9999270037723338,1.000213528732639,0.000258978229483,-1.741148799679522e-05,249.50366345761023,23_SPOT_FE1,525.06,0.0
21487.02615,0.0836250448795793,-0.7283366253199336,-3.4836484605488933,796.8813725726959,690.038419073628,0.99996024143369,1.0002299805521542,0.0002825847846289,-3.9884174021749545e-05,252.4506712512206,23_SPOT_FE1,525.06,0.0
21488.3780375,0.0832775390184446,-0.7974999605631746,-3.478606551716514,798.5306931838047,740.7584938247248,0.9999533872793308,1.00021199355606,0.0002849344642301,-5.22299525828468e-05,262.9560402920309,23_SPOT_FE1,525.06,0.0
21489.81415,0.0843946766765273,-0.7704062062139361,-3.464927057893822,796.4927502067485,724.1555740162147,0.9999233513308592,1.0002248034333536,0.0002997724955477,-6.342000526603186e-05,259.68912223254,23_SPOT_FE1,525.06,0.0
21491.167091666663,0.084109855069332,-0.8506737005949769,-3.459223313825574,799.5583044685704,785.4158448064001,0.9999507017563314,1.0001961708524094,0.0002867215186014,-5.7040496344461614e-05,248.20307017362853,23_SPOT_FE1,525.06,0.0
21492.518720833337,0.0772217547865841,-0.8307721743784625,-3.4617142086504185,795.4675557745829,769.2715049885572,0.999901795423334,1.000191015091256,0.0001777891214895,6.34760870062655e-05,216.53248660780545,23_SPOT_FE1,525.06,0.0
21493.876741666667,0.0796699228792493,-0.772657921098196,-3.454485292512025,796.7071460761982,732.8760453090981,0.99994255921077,1.0001920580074284,0.0002316451542028,8.748108573192229e-06,220.29400277066128,23_SPOT_FE1,525.06,0.0
21495.22793333333,0.0820216852864763,-0.8041498421165235,-3.4503897264527925,793.7072332773854,743.6906197519675,0.9999477643760272,1.000188558705307,0.0002571914031179,1.8462810438191343e-05,226.5681930302995,23_SPOT_FE1,525.06,0.0
21496.6699125,0.0823529420636645,-0.8251890151429975,-3.450140980557868,794.9163367748508,767.7814275314436,0.9999482022373384,1.0001701063531847,0.0002748589728294,1.0709768737110664e-06,226.39596478427504,23_SPOT_FE1,525.06,0.0
21498.0201375,0.0757294792038056,-0.7805225476742952,-3.457291456506544,794.2355865348662,726.8663355844693,0.9999484526124738,1.0001967682412694,0.0001733771606081,6.967746102738295e-05,207.0713131398616,23_SPOT_FE1,525.06,0.0
21499.455904166665,0.0810374454308174,-0.7673184123146777,-3.463421519967409,793.4320371955338,726.4846530431086,0.999947832354168,1.0002117802201675,0.0002440067434995,3.298890358037326e-05,239.42854122302325,23_SPOT_FE1,525.06,0.0
21500.8971,0.0786873510665476,-0.8465320843439114,-3.4404929495100576,796.6669834319067,782.2047547395885,0.9999451340260092,1.0001875630665602,0.0001906427483654,3.664496075961656e-05,199.19613603024783,23_SPOT_FE1,525.06,0.0
21502.251091666665,0.0736048216130906,-0.8429511264976316,-3.469974153006996,793.5284621906643,776.9908102333698,0.999962529255386,1.000181064100054,0.0001003222897294,0.0001395895364455,220.47753725329176,23_SPOT_FE1,525.06,0.0
21503.60490833333,0.0751067602384197,-0.7255642661352684,-3.4801761574782715,794.2063727563752,692.1039166855911,0.9999240914969764,1.0001479570346563,0.0001650696319225,7.872685563916524e-05,215.65534811919696,23_SPOT_FE1,525.06,0.0
21504.95145416667,0.07830998280661,-0.7852679517143,-3.462549153637702,798.3716494444259,732.2476693298555,0.9999526019516172,1.0001567584603357,0.0002017646066593,2.2311493202358613e-05,232.50275491293883,23_SPOT_FE1,525.06,0.0
21506.30290833333,0.0801563353717171,-0.7959819247759644,-3.4517727464992984,795.5968876366858,749.5568001620164,0.9999490014328952,1.0001897794284778,0.0002232056309731,6.348282920581345e-06,212.1806351110998,23_SPOT_FE1,525.06,0.0
21507.734558333337,0.0831026886935919,-0.7351046694280702,-3.4582626167246047,796.8046354338759,698.428061227907,0.9999541890966328,1.0001877373375738,0.0002922867049361,-6.9136187701937e-05,215.9793066655499,23_SPOT_FE1,525.06,0.0
21509.18940833333,0.0839171908731787,-0.8161444590521264,-3.4489586944715738,799.6977488452841,759.1705813806876,0.9999483616678596,1.0001808550488536,0.0002832112913045,-7.83200062854519e-05,224.20021289151416,23_SPOT_FE1,525.06,0.0
21510.62937916667,0.083394716338496,-0.7827920326658255,-3.447532704148536,794.694760299081,736.0801073560089,0.9999328192011324,1.0001916534932396,0.0002704986808052,-4.514368277415344e-05,229.2836189519033,23_SPOT_FE1,525.06,0.0
21512.064791666668,0.0827980608310137,-0.7253297457231963,-3.4575751249548743,795.8346527557073,686.9445608611318,0.9999120148226872,1.0001794235882022,0.0002655491938634,-3.178792970586032e-05,203.01732615754884,23_SPOT_FE1,525.06,0.0
21513.495916666667,0.0812449363400079,-0.7960427382119666,-3.441053408919886,797.2569432343558,731.1911006428285,0.9998944045784484,1.0001949594430444,0.0002263336434237,-3.625888203390384e-06,198.9753905468688,23_SPOT_FE1,525.06,0.0
21514.848070833337,0.0860350663584216,-0.7959869831202838,-3.4252785080710497,799.4762445333934,743.6828195287636,0.9999410529146204,1.0002143564879724,0.0003124404014909,-8.601174362580485e-05,206.59557272805787,23_SPOT_FE1,525.06,0.0
21516.1962,0.0891509925168331,-0.793559543719228,-3.4324580831748865,800.3441384809418,737.5450677557527,0.999922122325864,1.0001999958134202,0.0003781473371105,-0.0001454597272238,207.560545941639,23_SPOT_FE1,525.06,0.0
21517.62767083333,0.085707566856641,-0.7951919010569135,-3.445320171223678,797.4863693996905,733.5634680673605,0.99994953139222,1.000147563316911,0.0003282980922786,-8.244564051054101e-05,224.15178888191144,23_SPOT_FE1,525.06,0.0
21518.9751,0.0814662539450297,-0.8065273625387567,-3.442446927983001,793.4889242531597,745.9128880618753,0.9999455016034986,1.000194119831201,0.0002595256224893,-1.8806066713571927e-06,208.08875600470736,23_SPOT_FE1,525.06,0.0
21520.41567916667,0.0793271438145972,-0.7632308186448021,-3.428898052505331,796.2777601161032,712.5261421554625,0.9999472078429004,1.000197961484235,0.0002335622643424,1.7240015844597292e-05,217.66276165890147,23_SPOT_FE1,525.06,0.0
21521.85652083333,0.0812580530135939,-0.8113634024718225,-3.428041524773534,796.0966078198537,738.9636676028648,0.9999106986163572,1.0001911029267865,0.0002449007819627,-8.924757085190454e-06,219.3034787169426,23_SPOT_FE1,525.06,0.0
21523.2101625,0.0884527340252019,-0.7959769946453656,-3.4405909448727305,799.2468919433619,730.8586412025838,0.999953709964866,1.000194517857515,0.0003579834579675,-0.0001446356783182,229.8515701342945,23_SPOT_FE1,525.06,0.0
21524.564416666668,0.0843608528413658,-0.7925245574986807,-3.4308948831992985,793.1884221513417,730.723348551327,0.9999543641286536,1.0001990723988496,0.0002935060029016,-5.600326440837725e-05,226.51666526748403,23_SPOT_FE1,525.06,0.0
21526.0092,0.0857581998297329,-0.8060769590695486,-3.423484583534705,797.1507035477683,731.9501273383727,0.9999159162934144,1.0001581594859967,0.0003337755237454,-0.0001031361733754,237.9437631892513,23_SPOT_FE1,525.06,0.0
21527.45048333333,0.0853325323347272,-0.8484777485483703,-3.4168850204976065,798.819492126665,771.7165381331889,0.9998955939474962,1.0001983061396489,0.0002987893255993,-9.350098238296212e-05,226.87806808217,23_SPOT_FE1,525.06,0.0
21528.8903625,0.0841936508653407,-0.783267925943909,-3.436573690461693,796.8144062084154,716.6607122187264,0.9999432806537258,1.000217458217535,0.0002888392013938,-7.009998269886592e-05,226.94764196744404,23_SPOT_FE1,525.06,0.0
21530.246454166667,0.078734895494602,-0.7862833332620509,-3.423905297207544,796.1177476496717,719.3967832469526,0.9999464724613382,1.0001566920551606,0.0002335081725551,1.9241767076567305e-05,238.10431965856864,23_SPOT_FE1,525.06,0.0
21531.686683333333,0.0800559428113473,-0.6965305123222335,-3.4336289604169385,794.7215750244201,654.7416281540603,0.9999077017429924,1.0001480199175885,0.0002455039878192,1.888856955451318e-05,211.70132979162608,23_SPOT_FE1,525.06,0.0
21533.040675,0.0789190057444646,-0.7294555466047153,-3.437233257092946,792.7655054628549,684.7942983733888,0.9999134208223924,1.0001622551689802,0.0002280528150132,4.3569780513364426e-05,218.24041955168624,23_SPOT_FE1,525.06,0.0
21534.48485,0.080258304570122,-0.7832335114422823,-3.4263123117129144,793.1652837151447,724.8581183765892,0.9999238917032456,1.0001432892893658,0.0002441110261664,1.1930356897577978e-05,231.30882203934507,23_SPOT_FE1,525.06,0.0
21535.9235,0.0826592499966564,-0.831189140071014,-3.426966746061595,793.9810235877949,776.7706406017918,0.999906084970386,1.000150771648494,0.00029117435845,-1.5316466889881957e-05,231.3144077259768,23_SPOT_FE1,525.06,0.0
21537.359441666664,0.080919997611399,-0.8740687569840558,-3.4067094860743325,798.367479083337,808.6995428494699,0.999915886376188,1.000199543589226,0.0002491363733501,5.846861350213176e-06,211.01134080971943,23_SPOT_FE1,525.06,0.0
21538.80615,0.0775033417040894,-0.825954884760883,-3.4120573601606945,794.3355158010637,755.9519360917799,0.9999366900658168,1.0001891742716655,0.0001839764996681,8.092822861518061e-05,214.9672144048291,23_SPOT_FE1,525.06,0.0
21540.15664166667,0.0772343592129212,-0.7617687484357911,-3.42277435342317,793.1759558012562,714.7596937317846,0.9999091520978344,1.0001721529844845,0.0001999405050057,6.881203023963647e-05,204.2068893133167,23_SPOT_FE1,525.06,0.0
21541.513433333337,0.0812096650127374,-0.8530405826477958,-3.3996717940638232,795.0521510514342,791.9755043677291,0.9999482898103066,1.0001696380372167,0.0002616942053357,2.8453058344498927e-05,228.7320064283172,23_SPOT_FE1,525.06,0.0
21542.8697,0.0832907836409199,-0.8590294559223463,-3.389084146803594,794.3537500913487,781.2366291514064,0.999919860684173,1.0002000343285349,0.0002682416853048,-7.606524809300318e-06,239.0060066578068,23_SPOT_FE1,525.06,0.0
21544.304591666667,0.0791119681013296,-0.7651354933418293,-3.414747557313871,796.4694214670138,706.6792598015436,0.9999485327134164,1.000140474637693,0.0002110148583352,2.7928410603772003e-05,234.6796446045637,23_SPOT_FE1,525.06,0.0
21545.65937083333,0.0775402802593565,-0.7234349549058272,-3.430737312784327,793.3963670119415,672.1953776192969,0.9999060037619252,1.0001610056153742,0.0001960125711833,4.9148303292691896e-05,198.39159464282287,23_SPOT_FE1,525.06,0.0
21547.09355833333,0.085188992905007,-0.8438554057743628,-3.389847057921462,794.0686727763807,782.1519172764306,0.9999245535115548,1.0001885313310188,0.0003049052395522,-5.382748571584202e-05,219.0747366827165,23_SPOT_FE1,525.06,0.0
21548.44133333333,0.0809182534577286,-0.8258794711849151,-3.3877002394033724,796.8840934118778,758.6340887029492,0.9999184169008952,1.0001990912160976,0.0002307872425689,2.24496708617172e-06,211.8484634089421,23_SPOT_FE1,525.06,0.0
21549.7917375,0.078033765029399,-0.7763255749803877,-3.392156278246308,793.2047630670006,709.4951109748262,0.9999326845625016,1.0001568046144136,0.0001972479676706,5.964977952411891e-05,225.34544591894328,23_SPOT_FE1,525.06,0.0
21551.230566666665,0.0792581315174544,-0.7642978072642111,-3.396335233363292,796.853246762722,709.0203035281648,0.999955594068137,1.000153244741668,0.0002215905393949,2.027009107685875e-05,241.1772150571088,23_SPOT_FE1,525.06,0.0
21552.580533333337,0.08386111686422,-0.8156723845264253,-3.410995077881082,792.5326714637599,751.9786442872158,0.9999273259482988,1.000153273369132,0.0002865842553156,-1.954383414330296e-05,230.4429487069603,23_SPOT_FE1,525.06,0.0
21554.01183333333,0.0823379369557558,-0.941023046447332,-3.351739111133368,796.3239378891423,849.0702184226004,0.9999082677224532,1.0002052462247295,0.0002508571278745,2.013577088665249e-05,207.1085457997685,23_SPOT_FE1,525.06,0.0
21555.36083333333,0.0870610069870324,-0.7781124155392124,-3.392482505730791,798.4961869733024,718.0929512223641,0.99990803144613,1.000158593558025,0.000346206017182,-0.0001275873807691,229.201781805418,23_SPOT_FE1,525.06,0.0
21556.8012375,0.0831784913899213,-0.7796561145117059,-3.4054419128357547,795.891742788189,707.6556935840168,0.9999338705022768,1.0001559307927526,0.000286297998006,-3.628745698641821e-05,250.0040371781955,23_SPOT_FE1,525.06,0.0
21558.238841666665,0.0867646259805947,-0.8505116578146477,-3.3878778383694512,798.1059411862094,779.5686424497507,0.9999531790472304,1.00015283616935,0.0003320744280023,-8.711110714603347e-05,252.9947100323157,23_SPOT_FE1,525.06,0.0
21559.585391666667,0.082562339821614,-0.8226318686209536,-3.400091519818296,793.1821176834945,742.0880921494501,0.9999223894147036,1.0001413139231348,0.00026119436676,-1.8934211047135343e-05,226.5896581429901,23_SPOT_FE1,525.06,0.0
21560.93701666667,0.080916252922501,-0.7830136056639623,-3.3913291748122942,793.6641510466283,711.4606386552916,0.9999321661784591,1.000152875037856,0.0002392741736003,-1.532928016132283e-05,227.46628910477537,23_SPOT_FE1,525.06,0.0
21562.384079166663,0.0804359665768781,-0.8664745908227608,-3.3856588456664296,795.1375286298522,761.937184321069,0.9999414664243234,1.000183805479204,0.0002190575748534,1.3450855830754569e-05,216.1786124551249,23_SPOT_FE1,525.06,0.0
21563.735008333333,0.0821345533518111,-0.7832892083241653,-3.388075329375144,795.9952061764014,707.8714744692536,0.9999214165397708,1.0002197761572345,0.0002376314609817,8.366375102118534e-06,221.65097589297235,23_SPOT_FE1,525.06,0.0
21565.0906625,0.0811610184798787,-0.7983902653256861,-3.391417070649103,793.3602825147923,724.4743582510334,0.999915174400286,1.0002157831719818,0.0002206160888624,2.33438136879606e-05,213.71360230587948,23_SPOT_FE1,525.06,0.0
21566.4408,0.0825231447863254,-0.989269143022061,-3.329131738598889,797.398595894524,882.3743393601083,0.9998803937846272,1.0001880904735303,0.0002460135520897,-7.184471607264786e-06,221.383340030952,23_SPOT_FE1,525.06,0.0
21567.790591666668,0.0807734810797042,-0.7638713221041614,-3.3701535324698773,793.7062342226558,701.7632351586511,0.9999275487264524,1.000192479090987,0.0002180682022474,9.118402404070851e-06,241.6122400259912,23_SPOT_FE1,525.06,0.0
21569.142308333336,0.0781336237744809,-0.7929112599589696,-3.3705862582285366,794.84223492548,718.4440756718865,0.9999523485916304,1.0001391589293132,0.0001653519146545,6.0653831402019946e-05,210.917727735079,23_SPOT_FE1,525.06,0.0
21570.49515833333,0.0813467142448265,-0.8131143529751799,-3.371950199733189,793.622122140521,739.9072881303124,0.9999218650689808,1.000195900591654,0.0002238862619127,9.71938487284211e-06,207.77998431661945,23_SPOT_FE1,525.06,0.0
21571.931887500003,0.0863666405435669,-0.814174009159578,-3.3513600688239946,799.7194493054121,742.9522792173908,0.9999251343009412,1.0001612006503469,0.000329873394924,-0.0001135254444667,219.23920011505376,23_SPOT_FE1,525.06,0.0
21573.279925,0.0828078574945767,-0.7878837589329594,-3.398979676002856,796.3701911629985,705.6651519833193,0.999949483992696,1.0001219844014604,0.0002733425241449,-5.975281448458648e-05,222.0393783757683,23_SPOT_FE1,525.06,0.0
21574.63444166667,0.0839864283259153,-0.7902492450143555,-3.385916764879525,796.3347271876711,709.8008685975655,0.9999485792522044,1.0001737809204367,0.0002751608793936,-7.20322683477551e-05,210.849836823756,23_SPOT_FE1,525.06,0.0
21575.981954166666,0.0889758375445345,-0.7869397159182558,-3.38359129097683,792.9435930160051,705.1726983395989,0.9999202830723164,1.0001976331575062,0.0003598829051394,-9.667114715564984e-05,215.3069030428693,23_SPOT_FE1,525.06,0.0
21577.32955833333,0.0896953185134196,-0.8122379503465446,-3.3709135473459706,793.6245533155864,744.6080406412916,0.9999393526005594,1.0001509280487086,0.0003915489890617,-9.46509469285247e-05,233.9095756100181,23_SPOT_FE1,525.06,0.0
21578.67619166667,0.0931404856520069,-0.8852887459598537,-3.33535733757001,797.1146701087227,804.7641370540514,0.999965786172857,1.0001649880584171,0.000434611164293,-0.0001614583205187,242.4709667555494,23_SPOT_FE1,525.06,0.0
21580.04288333333,0.0911082213802003,-0.8177718882848133,-3.3686029499050627,791.9915803601768,735.1054590990025,0.9999743035597836,1.0001668250320537,0.0004198260745218,-0.000169089149627,239.24302938996976,23_SPOT_FE1,525.06,0.0
21581.48100833333,0.097009982515934,-0.8231383083699813,-3.3608539222422538,791.6992353644978,733.751815314865,0.999976690747875,1.000146724392018,0.0005135470700267,-0.0002313982412524,276.8755421546347,23_SPOT_FE1,525.06,0.0
21582.83263333333,0.0944452434886956,-0.7811511714098617,-3.367801623654295,790.5400439220838,692.3237886261616,0.999932193665596,1.000165210742065,0.000441472465762,-0.0001791209722815,262.9144509950692,23_SPOT_FE1,525.06,0.0
21584.27313333333,0.089211834471194,-0.8118846142733888,-3.380540043599208,792.8091009777198,716.3167385514114,0.9999481438867164,1.0001920354929112,0.0003846575817966,-0.0001088044451269,239.2965185269957,23_SPOT_FE1,525.06,0.0
21585.620466666667,0.0858917990223419,-0.7727052524794958,-3.353294261414156,790.4888453117736,696.2068285606921,0.9999588009625684,1.0001505018443777,0.0003491030437963,-6.293263788114633e-05,240.4177689364581,23_SPOT_FE1,525.06,0.0
21587.071116666662,0.0855555060646757,-0.9110548324019154,-3.3226439804385586,793.8257966950497,801.1486697223073,0.9998873584015766,1.0001500379174617,0.0002976260891213,-3.560049794568986e-05,90.92066567122735,23_SPOT_FE1,525.06,0.0
21587.071116666662,0.0887488788891363,-0.888286424308075,-3.3197616332152657,795.6361475611961,798.6073935466476,0.9999413679020164,1.0001949326955113,0.0003574788838831,-7.43040343335261e-05,235.23302429851137,23_SPOT_FE1,525.06,0.0
21588.424408333336,0.0860396066389138,-0.8443576371031422,-3.349210871987059,796.595020833973,749.9037032145394,0.999942452404094,1.0001388078493931,0.0003027792639918,-8.537973230489952e-05,208.4406194415354,23_SPOT_FE1,525.06,0.0
21589.86385,0.082460314212547,-0.8160577214236906,-3.3343541481362013,791.1406556708906,719.9780000292152,0.9999048376285468,1.000135383204667,0.0002641836546656,-7.380167648758076e-06,201.7117417099231,23_SPOT_FE1,525.06,0.0
21589.86385,0.0827178289231676,-0.8307908385384551,-3.33746155753678,791.8135859286753,720.532134772033,0.9998780269345066,1.0001248430559724,0.0002697027794536,-3.080662230387103e-05,84.77803506663764,23_SPOT_FE1,525.06,0.0
21591.219241666666,0.0893100536821581,-0.9369948373293616,-3.314902525288863,796.3767839893685,810.6188648398293,0.999903415332098,1.0001703784045308,0.0003597959799036,-0.0001510552991364,218.0427871225889,23_SPOT_FE1,525.06,0.0
21592.656583333337,0.0870546169410035,-0.9144386951512548,-3.324899842782226,796.0927225958617,798.8059007728464,0.9999214500948372,1.0001874784986082,0.0003335874072293,-6.769078415051622e-05,235.26714547116964,23_SPOT_FE1,525.06,0.0
21594.005933333337,0.0834966287074045,-0.9069401009934108,-3.33448164364989,797.522628249654,790.1451881428245,0.9998942432402824,1.0001425762131253,0.0002707203959274,-7.032351905212383e-05,221.84866573624365,23_SPOT_FE1,525.06,0.0
21595.35248333333,0.0871604931654423,-1.035347976014564,-3.296459611732862,800.4555556455622,883.1719342196232,0.9998727773140172,1.000149756745213,0.0003202896725062,-0.000104457686203,84.62503367970243,23_SPOT_FE1,525.06,0.0
21595.35248333333,0.0885118843690677,-1.014537996688531,-3.288502654210117,801.1094325080708,879.8090309851203,0.9999097826772816,1.0001980381663886,0.0003463976300392,-9.092799132003452e-05,213.1970032827528,23_SPOT_FE1,525.06,0.0
21596.787025,0.086279883102184,-0.775631725660631,-3.3279431878608783,794.6255098035759,690.089024738841,0.9999404252724396,1.00014681523971,0.0003048825420842,-8.157626286132188e-05,244.46515797987044,23_SPOT_FE1,525.06,0.0
21598.22926666667,0.0854076024552987,-0.940240551190092,-3.317549891117323,796.4668954991998,804.8414431051008,0.9999159971083036,1.0001811071093665,0.0002916239006798,-5.401859099982812e-05,235.9606900574417,23_SPOT_FE1,525.06,0.0
5.06,0.0,,,,,,,,,,nan,nan,
